TargetZip,OrigZip3,CostPerLoadAmbientOutboundMoves,FuelSurchargeAmbient,Distance,Shipping_Cost,Plant
786,302,1538,454,966,1992,5082
786,302,1538,454,966,1992,5410
320,302,916,143,305,1059,5082
320,302,916,143,305,1059,5410
331,302,1753,319,678,2072,5082
331,302,1753,319,678,2072,5410
905,302,2458,1056,2246,3514,5082
905,302,2458,1056,2246,3514,5410
362,302,515,47,96,562,5082
362,302,515,47,96,562,5410
491,302,1188,339,721,1527,5082
491,302,1188,339,721,1527,5410
975,302,4280,1285,2734,5565,5082
975,302,4280,1285,2734,5565,5410
463,302,1090,334,711,1424,5082
463,302,1090,334,711,1424,5410
922,302,2817,990,2107,3807,5082
922,302,2817,990,2107,3807,5410
988,302,4245,1185,2522,5430,5082
988,302,4245,1185,2522,5430,5410
894,302,3597,1124,2392,4721,5082
894,302,3597,1124,2392,4721,5410
022,302,2435,522,1111,2957,5082
022,302,2435,522,1111,2957,5410
421,302,750,165,351,915,5082
421,302,750,165,351,915,5410
394,302,841,185,394,1026,5082
394,302,841,185,394,1026,5410
145,302,1995,467,993,2462,5082
145,302,1995,467,993,2462,5410
252,302,1111,263,559,1374,5082
252,302,1111,263,559,1374,5410
537,302,1266,419,891,1685,5082
537,302,1266,419,891,1685,5410
865,302,2669,779,1658,3448,5082
865,302,2669,779,1658,3448,5410
614,302,1250,368,782,1618,5082
614,302,1250,368,782,1618,5410
357,302,657,100,205,757,5082
357,302,657,100,205,757,5410
465,302,1233,351,746,1584,5082
465,302,1233,351,746,1584,5410
903,302,2457,1054,2243,3511,5082
903,302,2457,1054,2243,3511,5410
475,302,856,218,463,1074,5082
475,302,856,218,463,1074,5410
223,302,1467,310,660,1777,5082
223,302,1467,310,660,1777,5410
290,302,689,121,257,810,5082
290,302,689,121,257,810,5410
847,302,3112,954,2030,4066,5082
847,302,3112,954,2030,4066,5410
185,302,1737,405,861,2142,5082
185,302,1737,405,861,2142,5410
984,302,4069,1263,2688,5332,5082
984,302,4069,1263,2688,5332,5410
901,302,2443,1051,2236,3494,5082
901,302,2443,1051,2236,3494,5410
646,302,1264,386,822,1650,5082
646,302,1264,386,822,1650,5410
413,302,788,185,394,973,5082
413,302,788,185,394,973,5410
619,302,1001,289,614,1290,5082
619,302,1001,289,614,1290,5410
900,302,2448,1051,2236,3499,5082
900,302,2448,1051,2236,3499,5410
230,302,1173,268,571,1441,5082
230,302,1173,268,571,1441,5410
232,302,1168,264,562,1432,5082
232,302,1168,264,562,1432,5410
379,302,689,111,227,800,5082
379,302,689,111,227,800,5410
776,302,1107,321,683,1428,5082
776,302,1107,321,683,1428,5410
654,302,1092,327,696,1419,5082
654,302,1092,327,696,1419,5410
358,302,668,100,205,768,5082
358,302,668,100,205,768,5410
372,302,646,129,274,775,5082
372,302,646,129,274,775,5410
211,302,1557,334,711,1891,5082
211,302,1557,334,711,1891,5410
209,302,1505,319,678,1824,5082
209,302,1505,319,678,1824,5410
143,302,1907,442,940,2349,5082
143,302,1907,442,940,2349,5410
687,302,1959,540,1148,2499,5082
687,302,1959,540,1148,2499,5410
916,302,2473,1054,2242,3527,5082
916,302,2473,1054,2242,3527,5410
192,302,1623,382,813,2005,5082
192,302,1623,382,813,2005,5410
951,302,3165,1193,2538,4358,5082
951,302,3165,1193,2538,4358,5410
725,302,1138,299,637,1437,5082
725,302,1138,299,637,1437,5410
660,302,1351,407,867,1758,5082
660,302,1351,407,867,1758,5410
953,302,3125,1186,2523,4311,5082
953,302,3125,1186,2523,4311,5410
381,302,855,225,478,1080,5082
381,302,855,225,478,1080,5410
458,302,996,285,607,1281,5082
458,302,996,285,607,1281,5410
304,302,597,85,174,682,5082
304,302,597,85,174,682,5410
142,302,1890,433,921,2323,5082
142,302,1890,433,921,2323,5410
998,302,0,0,3728,0,5082
998,302,0,0,3728,0,5410
297,302,740,132,281,872,5082
297,302,740,132,281,872,5410
176,302,1644,362,770,2006,5082
176,302,1644,362,770,2006,5410
484,302,1366,377,803,1743,5082
484,302,1366,377,803,1743,5410
640,302,1271,382,813,1653,5082
640,302,1271,382,813,1653,5410
575,302,2273,643,1368,2916,5082
575,302,2273,643,1368,2916,5410
943,302,3631,1201,2556,4832,5082
943,302,3631,1201,2556,4832,5410
435,302,1202,325,691,1527,5082
435,302,1202,325,691,1527,5410
751,302,1269,366,779,1635,5082
751,302,1269,366,779,1635,5410
047,302,2763,702,1493,3465,5082
047,302,2763,702,1493,3465,5410
228,302,1192,269,572,1461,5082
228,302,1192,269,572,1461,5410
946,302,3675,1207,2569,4882,5082
946,302,3675,1207,2569,4882,5410
842,302,2974,890,1894,3864,5082
842,302,2974,890,1894,3864,5410
750,302,1305,380,809,1685,5082
750,302,1305,380,809,1685,5410
260,302,1277,332,707,1609,5082
260,302,1277,332,707,1609,5410
460,302,937,275,586,1212,5082
460,302,937,275,586,1212,5410
287,302,707,116,236,823,5082
287,302,707,116,236,823,5410
424,302,761,186,396,947,5082
424,302,761,186,396,947,5410
222,302,1479,313,665,1792,5082
222,302,1479,313,665,1792,5410
601,302,1166,363,772,1529,5082
601,302,1166,363,772,1529,5410
046,302,2605,648,1379,3253,5082
046,302,2605,648,1379,3253,5410
605,302,1153,359,764,1512,5082
605,302,1153,359,764,1512,5410
420,302,770,193,410,963,5082
420,302,770,193,410,963,5410
993,302,4078,1170,2489,5248,5082
993,302,4078,1170,2489,5248,5410
198,302,1667,368,782,2035,5082
198,302,1667,368,782,2035,5410
093,302,0,0,895,0,5082
093,302,0,0,895,0,5410
782,302,1475,459,976,1934,5082
782,302,1475,459,976,1934,5410
679,302,1970,573,1219,2543,5082
679,302,1970,573,1219,2543,5410
430,302,1037,283,602,1320,5082
430,302,1037,283,602,1320,5410
487,302,1451,401,853,1852,5082
487,302,1451,401,853,1852,5410
144,302,1993,465,990,2458,5082
144,302,1993,465,990,2458,5410
691,302,2323,601,1278,2924,5082
691,302,2323,601,1278,2924,5410
737,302,1733,476,1012,2209,5082
737,302,1733,476,1012,2209,5410
088,302,1720,412,877,2132,5082
088,302,1720,412,877,2132,5410
692,302,2301,617,1313,2918,5082
692,302,2301,617,1313,2918,5410
203,302,1485,314,668,1799,5082
203,302,1485,314,668,1799,5410
241,302,942,204,434,1146,5082
241,302,942,204,434,1146,5410
286,302,757,148,314,905,5082
286,302,757,148,314,905,5410
490,302,1349,376,799,1725,5082
490,302,1349,376,799,1725,5410
623,302,1155,341,726,1496,5082
623,302,1155,341,726,1496,5410
104,302,1778,428,910,2206,5082
104,302,1778,428,910,2206,5410
171,302,1608,351,747,1959,5082
171,302,1608,351,747,1959,5410
027,302,2411,516,1097,2927,5082
027,302,2411,516,1097,2927,5410
770,302,1206,367,780,1573,5082
770,302,1206,367,780,1573,5410
597,302,3591,959,2040,4550,5082
597,302,3591,959,2040,4550,5410
833,302,3416,976,2077,4392,5082
833,302,3416,976,2077,4392,5410
311,302,347,16,33,363,5082
311,302,347,16,33,363,5410
792,302,1852,494,1051,2346,5082
792,302,1852,494,1051,2346,5410
332,302,1765,322,686,2087,5082
332,302,1765,322,686,2087,5410
146,302,1987,464,988,2451,5082
146,302,1987,464,988,2451,5410
810,302,2580,704,1497,3284,5082
810,302,2580,704,1497,3284,5410
667,302,1440,433,921,1873,5082
667,302,1440,433,921,1873,5410
324,302,758,145,308,903,5082
324,302,758,145,308,903,5410
893,302,3296,991,2109,4287,5082
893,302,3296,991,2109,4287,5410
270,302,838,171,364,1009,5082
270,302,838,171,364,1009,5410
066,302,2157,451,959,2608,5082
066,302,2157,451,959,2608,5410
226,302,1265,292,621,1557,5082
226,302,1265,292,621,1557,5410
629,302,841,215,457,1056,5082
629,302,841,215,457,1056,5410
219,302,1618,355,756,1973,5082
219,302,1618,355,756,1973,5410
947,302,3686,1210,2574,4896,5082
947,302,3686,1210,2574,4896,5410
766,302,1409,408,869,1817,5082
766,302,1409,408,869,1817,5410
753,302,1286,376,800,1662,5082
753,302,1286,376,800,1662,5410
591,302,3485,872,1855,4357,5082
591,302,3485,872,1855,4357,5410
927,302,2437,1047,2228,3484,5082
927,302,2437,1047,2228,3484,5410
368,302,481,41,83,522,5082
368,302,481,41,83,522,5410
488,302,1403,386,821,1789,5082
488,302,1403,386,821,1789,5410
124,302,2185,465,990,2650,5082
124,302,2185,465,990,2650,5410
889,302,3005,970,2064,3975,5082
889,302,3005,970,2064,3975,5410
086,302,1675,398,846,2073,5082
086,302,1675,398,846,2073,5410
055,302,2447,529,1126,2976,5082
055,302,2447,529,1126,2976,5410
481,302,1260,343,729,1603,5082
481,302,1260,343,729,1603,5410
581,302,2220,651,1386,2871,5082
581,302,2220,651,1386,2871,5410
658,302,1374,375,797,1749,5082
658,302,1374,375,797,1749,5410
302,302,315,8,16,323,5082
302,302,315,8,16,323,5410
182,302,1684,388,826,2072,5082
182,302,1684,388,826,2072,5410
166,302,1385,353,751,1738,5082
166,302,1385,353,751,1738,5410
546,302,1569,474,1009,2043,5082
546,302,1569,474,1009,2043,5410
602,302,1149,356,757,1505,5082
602,302,1149,356,757,1505,5410
470,302,819,235,499,1054,5082
470,302,819,235,499,1054,5410
403,302,747,186,396,933,5082
403,302,747,186,396,933,5410
333,302,1711,305,649,2016,5082
333,302,1711,305,649,2016,5410
502,302,1417,471,1003,1888,5082
502,302,1417,471,1003,1888,5410
815,302,2797,787,1674,3584,5082
815,302,2797,787,1674,3584,5410
364,302,701,117,238,818,5082
364,302,701,117,238,818,5410
451,302,914,239,509,1153,5082
451,302,914,239,509,1153,5410
559,302,1570,510,1085,2080,5082
559,302,1570,510,1085,2080,5410
081,302,1625,383,814,2008,5082
081,302,1625,383,814,2008,5410
525,302,1526,458,975,1984,5082
525,302,1526,458,975,1984,5410
315,302,765,116,237,881,5082
315,302,765,116,237,881,5410
522,302,1447,423,901,1870,5082
522,302,1447,423,901,1870,5410
271,302,817,164,348,981,5082
271,302,817,164,348,981,5410
323,302,758,123,261,881,5082
323,302,758,123,261,881,5410
011,302,2333,489,1041,2822,5082
011,302,2333,489,1041,2822,5410
262,302,1166,285,606,1451,5082
262,302,1166,285,606,1451,5410
936,302,3314,1129,2402,4443,5082
936,302,3314,1129,2402,4443,5410
982,302,4121,1277,2718,5398,5082
982,302,4121,1277,2718,5398,5410
155,302,1374,341,725,1715,5082
155,302,1374,341,725,1715,5410
210,302,1573,339,722,1912,5082
210,302,1573,339,722,1912,5410
844,302,2973,890,1894,3863,5082
844,302,2973,890,1894,3863,5410
990,302,4055,1128,2399,5183,5082
990,302,4055,1128,2399,5183,5410
960,302,3777,1230,2618,5007,5082
960,302,3777,1230,2618,5007,5410
152,302,1267,334,710,1601,5082
152,302,1267,334,710,1601,5410
172,302,1494,327,695,1821,5082
172,302,1494,327,695,1821,5410
657,302,1392,380,809,1772,5082
657,302,1392,380,809,1772,5410
134,302,1988,473,1007,2461,5082
134,302,1988,473,1007,2461,5410
768,302,1641,471,1002,2112,5082
768,302,1641,471,1002,2112,5410
544,302,1553,479,1020,2032,5082
544,302,1553,479,1020,2032,5410
938,302,3322,1132,2409,4454,5082
938,302,3322,1132,2409,4454,5410
165,302,1440,389,828,1829,5082
165,302,1440,389,828,1829,5410
949,302,3724,1222,2600,4946,5082
949,302,3724,1222,2600,4946,5410
957,302,3248,1195,2543,4443,5082
957,302,3248,1195,2543,4443,5410
531,302,1178,389,827,1567,5082
531,302,1178,389,827,1567,5410
723,302,934,240,511,1174,5082
723,302,934,240,511,1174,5410
130,302,1918,468,996,2386,5082
130,302,1918,468,996,2386,5410
580,302,2261,661,1406,2922,5082
580,302,2261,661,1406,2922,5410
610,302,1209,393,837,1602,5082
610,302,1209,393,837,1602,5410
974,302,4443,1305,2776,5748,5082
974,302,4443,1305,2776,5748,5410
316,302,693,100,205,793,5082
316,302,693,100,205,793,5410
432,302,1013,276,588,1289,5082
432,302,1013,276,588,1289,5410
595,302,3672,972,2069,4644,5082
595,302,3672,972,2069,4644,5410
151,302,1284,337,716,1621,5082
151,302,1284,337,716,1621,5410
607,302,1146,356,757,1502,5082
607,302,1146,356,757,1502,5410
761,302,1319,389,827,1708,5082
761,302,1319,389,827,1708,5410
283,302,905,184,391,1089,5082
283,302,905,184,391,1089,5410
370,302,701,147,313,848,5082
370,302,701,147,313,848,5410
724,302,988,251,535,1239,5082
724,302,988,251,535,1239,5410
431,302,1008,276,588,1284,5082
431,302,1008,276,588,1284,5410
928,302,2426,1043,2219,3469,5082
928,302,2426,1043,2219,3469,5410
191,302,1623,382,813,2005,5082
191,302,1623,382,813,2005,5410
386,302,932,242,515,1174,5082
386,302,932,242,515,1174,5410
293,302,647,101,206,748,5082
293,302,647,101,206,748,5410
870,302,2426,693,1475,3119,5082
870,302,2426,693,1475,3119,5410
087,302,1733,414,881,2147,5082
087,302,1733,414,881,2147,5410
684,302,1755,478,1018,2233,5082
684,302,1755,478,1018,2233,5410
934,302,3262,1131,2407,4393,5082
934,302,3262,1131,2407,4393,5410
925,302,2914,1024,2178,3938,5082
925,302,2914,1024,2178,3938,5410
612,302,1306,385,820,1691,5082
612,302,1306,385,820,1691,5410
520,302,1461,425,905,1886,5082
520,302,1461,425,905,1886,5410
350,302,568,71,144,639,5082
350,302,568,71,144,639,5410
677,302,2058,564,1201,2622,5082
677,302,2058,564,1201,2622,5410
941,302,3696,1214,2582,4910,5082
941,302,3696,1214,2582,4910,5410
802,302,2502,673,1431,3175,5082
802,302,2502,673,1431,3175,5410
175,302,1661,368,782,2029,5082
175,302,1661,368,782,2029,5410
739,302,1964,572,1217,2536,5082
739,302,1964,572,1217,2536,5410
163,302,1412,379,806,1791,5082
163,302,1412,379,806,1791,5410
932,302,3226,1105,2352,4331,5082
932,302,3226,1105,2352,4331,5410
074,302,1776,428,910,2204,5082
074,302,1776,428,910,2204,5410
961,302,3704,1158,2463,4862,5082
961,302,3704,1158,2463,4862,5410
294,302,766,141,299,907,5082
294,302,766,141,299,907,5410
193,302,1693,376,801,2069,5082
193,302,1693,376,801,2069,5410
354,302,640,107,219,747,5082
354,302,640,107,219,747,5410
041,302,2568,571,1214,3139,5082
041,302,2568,571,1214,3139,5410
717,302,1079,286,609,1365,5082
717,302,1079,286,609,1365,5410
638,302,918,237,505,1155,5082
638,302,918,237,505,1155,5410
069,302,1874,441,938,2315,5082
069,302,1874,441,938,2315,5410
857,302,2541,821,1746,3362,5082
857,302,2541,821,1746,3362,5410
029,302,2382,506,1077,2888,5082
029,302,2382,506,1077,2888,5410
300,302,377,24,48,401,5082
300,302,377,24,48,401,5410
028,302,2363,502,1068,2865,5082
028,302,2363,502,1068,2865,5410
385,302,718,122,249,840,5082
385,302,718,122,249,840,5410
415,302,905,197,420,1102,5082
415,302,905,197,420,1102,5410
570,302,1894,561,1194,2455,5082
570,302,1894,561,1194,2455,5410
985,302,4110,1279,2722,5389,5082
985,302,4110,1279,2722,5389,5410
266,302,1124,251,535,1375,5082
266,302,1124,251,535,1375,5410
713,302,1084,265,564,1349,5082
713,302,1084,265,564,1349,5410
830,302,3411,892,1898,4303,5082
830,302,3411,892,1898,4303,5410
056,302,2483,560,1192,3043,5082
056,302,2483,560,1192,3043,5410
907,302,2451,1054,2242,3505,5082
907,302,2451,1054,2242,3505,5410
501,302,1395,462,984,1857,5082
501,302,1395,462,984,1857,5410
346,302,1196,204,435,1400,5082
346,302,1196,204,435,1400,5410
218,302,1530,374,796,1904,5082
218,302,1530,374,796,1904,5410
019,302,2457,532,1132,2989,5082
019,302,2457,532,1132,2989,5410
704,302,921,213,453,1134,5082
704,302,921,213,453,1134,5410
180,302,1639,389,828,2028,5082
180,302,1639,389,828,2028,5410
796,302,1609,459,976,2068,5082
796,302,1609,459,976,2068,5410
873,302,2488,767,1631,3255,5082
873,302,2488,767,1631,3255,5410
202,302,1484,313,667,1797,5082
202,302,1484,313,667,1797,5410
881,302,2008,587,1249,2595,5082
881,302,2008,587,1249,2595,5410
277,302,928,193,411,1121,5082
277,302,928,193,411,1121,5410
747,302,1424,392,834,1816,5082
747,302,1424,392,834,1816,5410
636,302,992,292,622,1284,5082
636,302,992,292,622,1284,5410
671,302,1616,487,1036,2103,5082
671,302,1616,487,1036,2103,5410
965,302,0,0,2566,0,5082
965,302,0,0,2566,0,5410
524,302,1465,428,911,1893,5082
524,302,1465,428,911,1893,5410
795,302,1678,476,1013,2154,5082
795,302,1678,476,1013,2154,5410
278,302,1075,237,504,1312,5082
278,302,1075,237,504,1312,5410
846,302,2966,897,1909,3863,5082
846,302,2966,897,1909,3863,5410
995,302,0,0,4360,0,5082
995,302,0,0,4360,0,5410
977,302,4289,1248,2656,5537,5082
977,302,4289,1248,2656,5537,5410
863,302,2494,887,1887,3381,5082
863,302,2494,887,1887,3381,5410
187,302,1700,397,845,2097,5082
187,302,1700,397,845,2097,5410
338,302,1264,226,481,1490,5082
338,302,1264,226,481,1490,5410
387,302,941,244,519,1185,5082
387,302,941,244,519,1185,5410
215,302,1344,328,698,1672,5082
215,302,1344,328,698,1672,5410
515,302,1621,481,1024,2102,5082
515,302,1621,481,1024,2102,5410
121,302,2278,488,1038,2766,5082
121,302,2278,488,1038,2766,5410
206,302,1420,306,652,1726,5082
206,302,1420,306,652,1726,5410
083,302,1610,384,816,1994,5082
083,302,1610,384,816,1994,5410
247,302,935,202,429,1137,5082
247,302,935,202,429,1137,5410
711,302,1128,286,608,1414,5082
711,302,1128,286,608,1414,5410
625,302,1059,309,658,1368,5082
625,302,1059,309,658,1368,5410
955,302,3994,1303,2772,5297,5082
955,302,3994,1303,2772,5297,5410
532,302,1193,394,839,1587,5082
532,302,1193,394,839,1587,5410
107,302,1793,431,916,2224,5082
107,302,1793,431,916,2224,5410
804,302,2538,688,1464,3226,5082
804,302,2538,688,1464,3226,5410
813,302,2871,809,1721,3680,5082
813,302,2871,809,1721,3680,5410
272,302,822,165,352,987,5082
272,302,822,165,352,987,5410
201,302,1480,316,672,1796,5082
201,302,1480,316,672,1796,5410
756,302,1203,313,666,1516,5082
756,302,1203,313,666,1516,5410
788,302,1653,513,1092,2166,5082
788,302,1653,513,1092,2166,5410
132,302,1916,467,993,2383,5082
132,302,1916,467,993,2383,5410
678,302,1875,567,1206,2442,5082
678,302,1875,567,1206,2442,5410
808,302,2494,657,1397,3151,5082
808,302,2494,657,1397,3151,5410
919,302,2875,1010,2149,3885,5082
919,302,2875,1010,2149,3885,5410
103,302,1732,416,885,2148,5082
103,302,1732,416,885,2148,5410
664,302,1454,438,932,1892,5082
664,302,1454,438,932,1892,5410
489,302,1379,380,808,1759,5082
489,302,1379,380,808,1759,5410
050,302,2444,549,1168,2993,5082
050,302,2444,549,1168,2993,5410
256,302,987,217,462,1204,5082
256,302,987,217,462,1204,5410
799,302,1836,668,1422,2504,5082
799,302,1836,668,1422,2504,5410
433,302,1070,299,636,1369,5082
433,302,1070,299,636,1369,5410
827,302,3061,782,1663,3843,5082
827,302,3061,782,1663,3843,5410
356,302,681,121,257,802,5082
356,302,681,121,257,802,5410
351,302,565,71,144,636,5082
351,302,565,71,144,636,5410
075,302,1769,427,908,2196,5082
075,302,1769,427,908,2196,5410
604,302,1117,348,740,1465,5082
604,302,1117,348,740,1465,5410
820,302,2749,695,1478,3444,5082
820,302,2749,695,1478,3444,5410
476,302,820,205,437,1025,5082
476,302,820,205,437,1025,5410
584,302,2518,700,1490,3218,5082
584,302,2518,700,1490,3218,5410
279,302,1182,277,590,1459,5082
279,302,1182,277,590,1459,5410
284,302,914,195,414,1109,5082
284,302,914,195,414,1109,5410
147,302,1812,415,884,2227,5082
147,302,1812,415,884,2227,5410
264,302,1164,283,603,1447,5082
264,302,1164,283,603,1447,5410
545,302,1663,514,1093,2177,5082
545,302,1663,514,1093,2177,5410
897,302,3662,1148,2443,4810,5082
897,302,3662,1148,2443,4810,5410
590,302,3539,891,1896,4430,5082
590,302,3539,891,1896,4430,5410
853,302,2485,891,1895,3376,5082
853,302,2485,891,1895,3376,5410
648,302,1480,407,865,1887,5082
648,302,1480,407,865,1887,5410
741,302,1535,415,884,1950,5082
741,302,1535,415,884,1950,5410
402,302,827,209,445,1036,5082
402,302,827,209,445,1036,5410
564,302,2014,608,1294,2622,5082
564,302,2014,608,1294,2622,5410
448,302,1169,324,689,1493,5082
448,302,1169,324,689,1493,5410
102,302,1755,423,899,2178,5082
102,302,1755,423,899,2178,5410
032,302,2496,557,1186,3053,5082
032,302,2496,557,1186,3053,5410
511,302,1774,520,1107,2294,5082
511,302,1774,520,1107,2294,5410
835,302,4161,1168,2485,5329,5082
835,302,4161,1168,2485,5329,5410
285,302,1049,234,497,1283,5082
285,302,1049,234,497,1283,5410
404,302,721,173,368,894,5082
404,302,721,173,368,894,5410
456,302,1008,252,537,1260,5082
456,302,1008,252,537,1260,5410
921,302,2877,1011,2150,3888,5082
921,302,2877,1011,2150,3888,5410
054,302,2482,557,1186,3039,5082
054,302,2482,557,1186,3039,5410
628,302,961,241,512,1202,5082
628,302,961,241,512,1202,5410
288,302,714,116,236,830,5082
288,302,714,116,236,830,5410
416,302,877,196,418,1073,5082
416,302,877,196,418,1073,5410
116,302,1771,427,909,2198,5082
116,302,1771,427,909,2198,5410
361,302,596,69,141,665,5082
361,302,596,69,141,665,5410
701,302,918,212,450,1130,5082
701,302,918,212,450,1130,5410
948,302,3699,1213,2581,4912,5082
948,302,3699,1213,2581,4912,5410
981,302,4049,1256,2673,5305,5082
981,302,4049,1256,2673,5305,5410
090,302,0,0,895,0,5082
090,302,0,0,895,0,5410
641,302,1291,389,828,1680,5082
641,302,1291,389,828,1680,5410
478,302,1035,278,592,1313,5082
478,302,1035,278,592,1313,5410
669,302,1662,490,1042,2152,5082
669,302,1662,490,1042,2152,5410
836,302,3640,1041,2214,4681,5082
836,302,3640,1041,2214,4681,5410
891,302,3023,971,2067,3994,5082
891,302,3023,971,2067,3994,5410
299,302,712,124,263,836,5082
299,302,712,124,263,836,5410
762,302,1359,396,842,1755,5082
762,302,1359,396,842,1755,5410
154,302,1292,313,665,1605,5082
154,302,1292,313,665,1605,5410
538,302,1485,438,932,1923,5082
538,302,1485,438,932,1923,5410
749,302,1329,372,792,1701,5082
749,302,1329,372,792,1701,5410
447,302,1231,339,721,1570,5082
447,302,1231,339,721,1570,5410
091,302,0,0,895,0,5082
091,302,0,0,895,0,5410
128,302,2344,509,1084,2853,5082
128,302,2344,509,1084,2853,5410
406,302,776,199,423,975,5082
406,302,776,199,423,975,5410
380,302,820,210,446,1030,5082
380,302,820,210,446,1030,5410
140,302,1897,432,920,2329,5082
140,302,1897,432,920,2329,5410
733,302,1524,444,945,1968,5082
733,302,1524,444,945,1968,5410
748,302,1616,433,922,2049,5082
748,302,1616,433,922,2049,5410
917,302,2412,1037,2206,3449,5082
917,302,2412,1037,2206,3449,5410
807,302,2556,650,1382,3206,5082
807,302,2556,650,1382,3206,5410
363,302,766,113,230,879,5082
363,302,766,113,230,879,5410
259,302,1001,223,475,1224,5082
259,302,1001,223,475,1224,5410
238,302,1107,250,532,1357,5082
238,302,1107,250,532,1357,5410
245,302,1023,224,477,1247,5082
245,302,1023,224,477,1247,5410
920,302,2906,1021,2173,3927,5082
920,302,2906,1021,2173,3927,5410
012,302,2344,495,1054,2839,5082
012,302,2344,495,1054,2839,5410
425,302,811,172,367,983,5082
425,302,811,172,367,983,5410
243,302,880,189,403,1069,5082
243,302,880,189,403,1069,5410
681,302,1627,479,1019,2106,5082
681,302,1627,479,1019,2106,5410
199,302,1619,362,770,1981,5082
199,302,1619,362,770,1981,5410
964,302,0,0,2566,0,5082
964,302,0,0,2566,0,5410
200,302,1485,313,667,1798,5082
200,302,1485,313,667,1798,5410
310,302,461,45,92,506,5082
310,302,461,45,92,506,5410
722,302,1089,295,627,1384,5082
722,302,1089,295,627,1384,5410
119,302,2200,461,981,2661,5082
119,302,2200,461,981,2661,5410
616,302,1153,345,735,1498,5082
616,302,1153,345,735,1498,5410
170,302,1596,352,750,1948,5082
170,302,1596,352,750,1948,5410
850,302,2446,876,1864,3322,5082
850,302,2446,876,1864,3322,5410
023,302,2450,527,1122,2977,5082
023,302,2450,527,1122,2977,5410
123,302,2279,490,1043,2769,5082
123,302,2279,490,1043,2769,5410
313,302,735,122,249,857,5082
313,302,735,122,249,857,5410
611,302,1184,388,826,1572,5082
611,302,1184,388,826,1572,5410
714,302,1121,290,616,1411,5082
714,302,1121,290,616,1411,5410
242,302,754,161,342,915,5082
242,302,754,161,342,915,5410
726,302,1315,354,754,1669,5082
726,302,1315,354,754,1669,5410
966,302,0,0,2566,0,5082
966,302,0,0,2566,0,5410
265,302,1229,299,636,1528,5082
265,302,1229,299,636,1528,5410
676,302,1899,525,1116,2424,5082
676,302,1899,525,1116,2424,5410
910,302,2434,1044,2221,3478,5082
910,302,2434,1044,2221,3478,5410
773,302,1255,380,808,1635,5082
773,302,1255,380,808,1635,5410
246,302,888,187,397,1075,5082
246,302,888,187,397,1075,5410
793,302,1857,543,1155,2400,5082
793,302,1857,543,1155,2400,5410
434,302,1193,321,682,1514,5082
434,302,1193,321,682,1514,5410
120,302,2304,496,1055,2800,5082
120,302,2304,496,1055,2800,5410
527,302,1344,395,840,1739,5082
527,302,1344,395,840,1739,5410
852,302,2439,874,1859,3313,5082
852,302,2439,874,1859,3313,5410
721,302,1080,293,623,1373,5082
721,302,1080,293,623,1373,5410
942,302,3204,1199,2551,4403,5082
942,302,3204,1199,2551,4403,5410
653,302,1205,362,771,1567,5082
653,302,1205,362,771,1567,5410
078,302,1748,421,895,2169,5082
078,302,1748,421,895,2169,5410
513,302,1861,558,1187,2419,5082
513,302,1861,558,1187,2419,5410
439,302,1271,340,723,1611,5082
439,302,1271,340,723,1611,5410
831,302,3245,881,1874,4126,5082
831,302,3245,881,1874,4126,5410
492,302,1313,360,767,1673,5082
492,302,1313,360,767,1673,5410
913,302,2980,1061,2257,4041,5082
913,302,2980,1061,2257,4041,5410
690,302,2119,588,1252,2707,5082
690,302,2119,588,1252,2707,5410
758,302,1284,363,772,1647,5082
758,302,1284,363,772,1647,5410
360,302,611,74,150,685,5082
360,302,611,74,150,685,5410
438,302,1139,313,667,1452,5082
438,302,1139,313,667,1452,5410
307,302,458,60,123,518,5082
307,302,458,60,123,518,5410
549,302,1445,438,931,1883,5082
549,302,1445,438,931,1883,5410
898,302,3425,1004,2136,4429,5082
898,302,3425,1004,2136,4429,5410
496,302,1634,453,964,2087,5082
496,302,1634,453,964,2087,5410
455,302,924,261,556,1185,5082
455,302,924,261,556,1185,5410
289,302,559,76,156,635,5082
289,302,559,76,156,635,5410
477,302,804,200,426,1004,5082
477,302,804,200,426,1004,5410
746,302,1692,462,983,2154,5082
746,302,1692,462,983,2154,5410
197,302,1652,363,773,2015,5082
197,302,1652,363,773,2015,5410
344,302,1102,171,363,1273,5082
344,302,1102,171,363,1273,5410
821,302,3567,919,1955,4486,5082
821,302,3567,919,1955,4486,5410
933,302,3093,1080,2297,4173,5082
933,302,3093,1080,2297,4173,5410
061,302,2279,476,1013,2755,5082
061,302,2279,476,1013,2755,5410
275,302,946,193,410,1139,5082
275,302,946,193,410,1139,5410
391,302,781,188,400,969,5082
391,302,781,188,400,969,5410
015,302,2370,504,1072,2874,5082
015,302,2370,504,1072,2874,5410
139,302,1786,433,921,2219,5082
139,302,1786,433,921,2219,5410
973,302,4323,1263,2687,5586,5082
973,302,4323,1263,2687,5586,5410
577,302,2795,726,1544,3521,5082
577,302,2795,726,1544,3521,5410
457,302,1134,291,619,1425,5082
457,302,1134,291,619,1425,5410
296,302,590,79,162,669,5082
296,302,590,79,162,669,5410
135,302,1993,474,1008,2467,5082
135,302,1993,474,1008,2467,5410
912,302,2453,1050,2234,3503,5082
912,302,2453,1050,2234,3503,5410
321,302,1151,190,404,1341,5082
321,302,1151,190,404,1341,5410
918,302,2432,1046,2225,3478,5082
918,302,2432,1046,2225,3478,5410
670,302,1606,483,1028,2089,5082
670,302,1606,483,1028,2089,5410
826,302,3031,757,1611,3788,5082
826,302,3031,757,1611,3788,5410
719,302,1183,324,690,1507,5082
719,302,1183,324,690,1507,5410
859,302,2297,831,1768,3128,5082
859,302,2297,831,1768,3128,5410
635,302,1251,370,788,1621,5082
635,302,1251,370,788,1621,5410
114,302,1781,430,914,2211,5082
114,302,1781,430,914,2211,5410
207,302,1501,318,677,1819,5082
207,302,1501,318,677,1819,5410
908,302,2450,1053,2241,3503,5082
908,302,2450,1053,2241,3503,5410
020,302,2432,521,1108,2953,5082
020,302,2432,521,1108,2953,5410
824,302,3457,856,1821,4313,5082
824,302,3457,856,1821,4313,5410
013,302,2392,508,1081,2900,5082
013,302,2392,508,1081,2900,5410
505,302,1554,519,1105,2073,5082
505,302,1554,519,1105,2073,5410
082,302,1628,391,832,2019,5082
082,302,1628,391,832,2019,5410
126,302,2160,454,966,2614,5082
126,302,2160,454,966,2614,5410
789,302,1415,413,879,1828,5082
789,302,1415,413,879,1828,5410
468,302,1132,313,665,1445,5082
468,302,1132,313,665,1445,5410
301,302,353,29,59,382,5082
301,302,353,29,59,382,5410
880,302,2135,696,1480,2831,5082
880,302,2135,696,1480,2831,5410
656,302,1406,385,819,1791,5082
656,302,1406,385,819,1791,5410
828,302,3313,823,1752,4136,5082
828,302,3313,823,1752,4136,5410
516,302,1542,457,972,1999,5082
516,302,1542,457,972,1999,5410
645,302,1369,415,882,1784,5082
645,302,1369,415,882,1784,5410
335,302,1208,207,441,1415,5082
335,302,1208,207,441,1415,5410
923,302,2969,1037,2207,4006,5082
923,302,2969,1037,2207,4006,5410
582,302,2468,698,1485,3166,5082
582,302,2468,698,1485,3166,5410
757,302,1237,333,708,1570,5082
757,302,1237,333,708,1570,5410
454,302,881,249,529,1130,5082
454,302,881,249,529,1130,5410
586,302,2824,791,1683,3615,5082
586,302,2824,791,1683,3615,5410
651,302,1093,333,708,1426,5082
651,302,1093,333,708,1426,5410
992,302,4047,1124,2392,5171,5082
992,302,4047,1124,2392,5171,5410
840,302,2973,894,1902,3867,5082
840,302,2973,894,1902,3867,5410
062,302,2310,491,1045,2801,5082
062,302,2310,491,1045,2801,5410
392,302,771,184,392,955,5082
392,302,771,184,392,955,5410
150,302,1270,338,720,1608,5082
150,302,1270,338,720,1608,5410
734,302,1493,425,905,1918,5082
734,302,1493,425,905,1918,5410
276,302,974,203,432,1177,5082
276,302,974,203,432,1177,5410
563,302,1673,585,1244,2258,5082
563,302,1673,585,1244,2258,5410
072,302,1731,416,885,2147,5082
072,302,1731,416,885,2147,5410
053,302,2414,518,1103,2932,5082
053,302,2414,518,1103,2932,5410
956,302,3202,1195,2543,4397,5082
956,302,3202,1195,2543,4397,5410
526,302,1316,394,839,1710,5082
526,302,1316,394,839,1710,5410
060,302,2285,478,1017,2763,5082
060,302,2285,478,1017,2763,5410
754,302,1364,376,800,1740,5082
754,302,1364,376,800,1740,5410
341,302,1609,278,591,1887,5082
341,302,1609,278,591,1887,5410
440,302,1273,350,745,1623,5082
440,302,1273,350,745,1623,5410
330,302,1743,315,671,2058,5082
330,302,1743,315,671,2058,5410
814,302,2830,791,1682,3621,5082
814,302,2830,791,1682,3621,5410
308,302,549,73,149,622,5082
308,302,549,73,149,622,5410
707,302,1053,251,535,1304,5082
707,302,1053,251,535,1304,5410
411,302,933,233,496,1166,5082
411,302,933,233,496,1166,5410
382,302,766,191,407,957,5082
382,302,766,191,407,957,5410
474,302,976,252,537,1228,5082
474,302,976,252,537,1228,5410
158,302,1604,372,792,1976,5082
158,302,1604,372,792,1976,5410
562,302,1754,613,1305,2367,5082
562,302,1754,613,1305,2367,5410
507,302,1534,453,964,1987,5082
507,302,1534,453,964,1987,5410
450,302,841,236,503,1077,5082
450,302,841,236,503,1077,5410
312,302,420,34,70,454,5082
312,302,420,34,70,454,5410
105,302,1842,438,932,2280,5082
105,302,1842,438,932,2280,5410
038,302,2515,555,1181,3070,5082
038,302,2515,555,1181,3070,5410
763,302,1630,445,947,2075,5082
763,302,1630,445,947,2075,5410
407,302,731,147,313,878,5082
407,302,731,147,313,878,5410
325,302,918,143,305,1061,5082
325,302,918,143,305,1061,5410
693,302,2711,687,1461,3398,5082
693,302,2711,687,1461,3398,5410
879,302,2240,726,1545,2966,5082
879,302,2240,726,1545,2966,5410
740,302,1557,422,898,1979,5082
740,302,1557,422,898,1979,5410
089,302,1709,408,869,2117,5082
089,302,1709,408,869,2117,5410
473,302,967,283,603,1250,5082
473,302,967,283,603,1250,5410
280,302,695,131,279,826,5082
280,302,695,131,279,826,5410
594,302,3679,979,2083,4658,5082
594,302,3679,979,2083,4658,5410
225,302,1258,289,615,1547,5082
225,302,1258,289,615,1547,5410
466,302,1255,360,766,1615,5082
466,302,1255,360,766,1615,5410
548,302,1808,545,1159,2353,5082
548,302,1808,545,1159,2353,5410
979,302,3702,1061,2257,4763,5082
979,302,3702,1061,2257,4763,5410
573,302,2010,603,1284,2613,5082
573,302,2010,603,1284,2613,5410
233,302,1234,290,616,1524,5082
233,302,1234,290,616,1524,5410
950,302,3184,1201,2556,4385,5082
950,302,3184,1201,2556,4385,5410
745,302,1470,411,875,1881,5082
745,302,1470,411,875,1881,5410
231,302,1162,265,564,1427,5082
231,302,1162,265,564,1427,5410
359,302,534,74,150,608,5082
359,302,534,74,150,608,5410
874,302,2762,786,1672,3548,5082
874,302,2762,786,1672,3548,5410
319,302,494,43,88,537,5082
319,302,494,43,88,537,5410
257,302,1014,235,501,1249,5082
257,302,1014,235,501,1249,5410
220,302,1467,310,660,1777,5082
220,302,1467,310,660,1777,5410
194,302,1630,385,820,2015,5082
194,302,1630,385,820,2015,5410
924,302,2922,1024,2178,3946,5082
924,302,2922,1024,2178,3946,5410
598,302,3842,1038,2208,4880,5082
598,302,3842,1038,2208,4880,5410
633,302,997,295,627,1292,5082
633,302,997,295,627,1292,5410
784,302,1505,487,1036,1992,5082
784,302,1505,487,1036,1992,5410
500,302,1427,476,1012,1903,5082
500,302,1427,476,1012,1903,5410
436,302,1189,320,680,1509,5082
436,302,1189,320,680,1509,5410
841,302,2970,893,1900,3863,5082
841,302,2970,893,1900,3863,5410
615,302,1150,345,733,1495,5082
615,302,1150,345,733,1495,5410
631,302,954,276,588,1230,5082
631,302,954,276,588,1230,5410
235,302,1230,289,615,1519,5082
235,302,1230,289,615,1519,5410
674,302,1601,473,1006,2074,5082
674,302,1601,473,1006,2074,5410
769,302,1738,500,1063,2238,5082
769,302,1738,500,1063,2238,5410
212,302,1560,335,713,1895,5082
212,302,1560,335,713,1895,5410
508,302,1547,460,978,2007,5082
508,302,1547,460,978,2007,5410
980,302,4042,1253,2666,5295,5082
980,302,4042,1253,2666,5295,5410
042,302,2626,590,1255,3216,5082
042,302,2626,590,1255,3216,5410
760,302,1320,389,828,1709,5082
760,302,1320,389,828,1709,5410
393,302,833,147,312,980,5082
393,302,833,147,312,980,5410
077,302,1731,415,882,2146,5082
077,302,1731,415,882,2146,5410
112,302,1755,423,899,2178,5082
112,302,1755,423,899,2178,5410
551,302,1640,537,1143,2177,5082
551,302,1640,537,1143,2177,5410
837,302,3614,1034,2201,4648,5082
837,302,3614,1034,2201,4648,5410
408,302,837,173,369,1010,5082
408,302,837,173,369,1010,5410
485,302,1356,375,797,1731,5082
485,302,1356,375,797,1731,5410
240,302,984,210,447,1194,5082
240,302,984,210,447,1194,5410
521,302,1598,474,1009,2072,5082
521,302,1598,474,1009,2072,5410
373,302,551,83,169,634,5082
373,302,551,83,169,634,5410
371,302,625,122,259,747,5082
371,302,625,122,259,747,5410
085,302,1690,400,852,2090,5082
085,302,1690,400,852,2090,5410
039,302,2516,551,1173,3067,5082
039,302,2516,551,1173,3067,5410
882,302,2011,587,1249,2598,5082
882,302,2011,587,1249,2598,5410
021,302,2436,523,1112,2959,5082
021,302,2436,523,1112,2959,5410
251,302,1097,250,532,1347,5082
251,302,1097,250,532,1347,5410
224,302,1269,290,616,1559,5082
224,302,1269,290,616,1559,5410
689,302,1920,542,1154,2462,5082
689,302,1920,542,1154,2462,5410
569,302,0,0,667,0,5082
569,302,0,0,667,0,5410
352,302,588,76,156,664,5082
352,302,588,76,156,664,5410
153,302,1259,318,676,1577,5082
153,302,1259,318,676,1577,5410
052,302,2365,505,1075,2870,5082
052,302,2365,505,1075,2870,5410
834,302,3424,942,2005,4366,5082
834,302,3424,942,2005,4366,5410
084,302,1653,398,847,2051,5082
084,302,1653,398,847,2051,5410
471,302,856,219,465,1075,5082
471,302,856,219,465,1075,5410
855,302,2265,819,1742,3084,5082
855,302,2265,819,1742,3084,5410
958,302,3203,1198,2550,4401,5082
958,302,3203,1198,2550,4401,5410
389,302,719,176,375,895,5082
389,302,719,176,375,895,5410
542,302,1480,446,949,1926,5082
542,302,1480,446,949,1926,5410
051,302,2418,525,1118,2943,5082
051,302,2418,525,1118,2943,5410
994,302,4105,1167,2482,5272,5082
994,302,4105,1167,2482,5272,5410
216,302,1570,344,732,1914,5082
216,302,1570,344,732,1914,5410
806,302,2523,685,1458,3208,5082
806,302,2523,685,1458,3208,5410
236,302,1235,292,621,1527,5082
236,302,1235,292,621,1527,5410
237,302,1221,286,608,1507,5082
237,302,1221,286,608,1507,5410
188,302,1758,423,901,2181,5082
188,302,1758,423,901,2181,5410
592,302,3243,870,1850,4113,5082
592,302,3243,870,1850,4113,5410
541,302,1498,458,974,1956,5082
541,302,1498,458,974,1956,5410
095,302,0,0,895,0,5082
095,302,0,0,895,0,5410
196,302,1694,377,803,2071,5082
196,302,1694,377,803,2071,5410
261,302,1149,286,609,1435,5082
261,302,1149,286,609,1435,5410
794,302,1811,535,1139,2346,5082
794,302,1811,535,1139,2346,5410
627,302,1067,312,663,1379,5082
627,302,1067,312,663,1379,5410
650,302,1118,342,727,1460,5082
650,302,1118,342,727,1460,5410
550,302,1641,537,1143,2178,5082
550,302,1641,537,1143,2178,5410
268,302,1273,299,636,1572,5082
268,302,1273,299,636,1572,5410
743,302,1540,418,890,1958,5082
743,302,1540,418,890,1958,5410
588,302,2948,835,1777,3783,5082
588,302,2948,835,1777,3783,5410
553,302,1571,552,1174,2123,5082
553,302,1571,552,1174,2123,5410
710,302,1107,280,595,1387,5082
710,302,1107,280,595,1387,5410
337,302,1232,218,463,1450,5082
337,302,1232,218,463,1450,5410
558,302,1941,570,1213,2511,5082
558,302,1941,570,1213,2511,5410
401,302,806,199,423,1005,5082
401,302,806,199,423,1005,5410
036,302,2442,530,1128,2972,5082
036,302,2442,530,1128,2972,5410
177,302,1670,390,829,2060,5082
177,302,1670,390,829,2060,5410
461,302,910,261,556,1171,5082
461,302,910,261,556,1171,5410
498,302,1706,508,1080,2214,5082
498,302,1706,508,1080,2214,5410
395,302,821,174,370,995,5082
395,302,821,174,370,995,5410
791,302,2112,543,1155,2655,5082
791,302,2112,543,1155,2655,5410
162,302,1396,364,774,1760,5082
162,302,1396,364,774,1760,5410
244,302,1046,245,521,1291,5082
244,302,1046,245,521,1291,5410
915,302,2466,1052,2239,3518,5082
915,302,2466,1052,2239,3518,5410
878,302,2247,738,1570,2985,5082
878,302,2247,738,1570,2985,5410
366,302,776,147,312,923,5082
366,302,776,147,312,923,5410
482,302,1278,348,741,1626,5082
482,302,1278,348,741,1626,5410
708,302,1010,237,504,1247,5082
708,302,1010,237,504,1247,5410
183,302,1717,411,875,2128,5082
183,302,1717,411,875,2128,5410
534,302,1252,385,819,1637,5082
534,302,1252,385,819,1637,5410
067,302,2243,467,994,2710,5082
067,302,2243,467,994,2710,5410
263,302,1166,288,613,1454,5082
263,302,1166,288,613,1454,5410
405,302,741,186,396,927,5082
405,302,741,186,396,927,5410
396,302,910,217,461,1127,5082
396,302,910,217,461,1127,5410
467,302,1150,318,676,1468,5082
467,302,1150,318,676,1468,5410
530,302,1228,407,865,1635,5082
530,302,1228,407,865,1635,5410
410,302,828,218,463,1046,5082
410,302,828,218,463,1046,5410
376,302,755,141,301,896,5082
376,302,755,141,301,896,5410
442,302,1219,340,723,1559,5082
442,302,1219,340,723,1559,5410
600,302,1188,367,781,1555,5082
600,302,1188,367,781,1555,5410
775,302,1205,367,780,1572,5082
775,302,1205,367,780,1572,5410
617,302,1108,328,698,1436,5082
617,302,1108,328,698,1436,5410
970,302,4232,1234,2625,5466,5082
970,302,4232,1234,2625,5466,5410
539,302,1320,436,927,1756,5082
539,302,1320,436,927,1756,5410
576,302,2607,727,1547,3334,5082
576,302,2607,727,1547,3334,5410
452,302,857,227,484,1084,5082
452,302,857,227,484,1084,5410
195,302,1703,380,809,2083,5082
195,302,1703,380,809,2083,5410
445,302,1322,361,768,1683,5082
445,302,1322,361,768,1683,5410
486,302,1461,403,858,1864,5082
486,302,1461,403,858,1864,5410
655,302,1116,336,715,1452,5082
655,302,1116,336,715,1452,5410
377,302,715,118,241,833,5082
377,302,715,118,241,833,5410
561,302,1912,573,1220,2485,5082
561,302,1912,573,1220,2485,5410
043,302,2453,596,1268,3049,5082
043,302,2453,596,1268,3049,5410
065,302,2204,459,977,2663,5082
065,302,2204,459,977,2663,5410
453,302,898,255,543,1153,5082
453,302,898,255,543,1153,5410
045,302,2446,594,1263,3040,5082
045,302,2446,594,1263,3040,5410
976,302,4001,1198,2548,5199,5082
976,302,4001,1198,2548,5199,5410
281,302,732,142,303,874,5082
281,302,732,142,303,874,5410
136,302,2236,515,1095,2751,5082
136,302,2236,515,1095,2751,5410
398,302,694,104,212,798,5082
398,302,694,104,212,798,5410
587,302,2786,780,1660,3566,5082
587,302,2786,780,1660,3566,5410
063,302,2278,484,1030,2762,5082
063,302,2278,484,1030,2762,5410
603,302,1139,354,753,1493,5082
603,302,1139,354,753,1493,5410
825,302,3271,820,1744,4091,5082
825,302,3271,820,1744,4091,5410
503,302,1410,469,997,1879,5082
503,302,1410,469,997,1879,5410
877,302,2557,693,1474,3250,5082
877,302,2557,693,1474,3250,5410
622,302,915,265,564,1180,5082
622,302,915,265,564,1180,5410
729,302,1277,359,763,1636,5082
729,302,1277,359,763,1636,5410
706,302,1091,302,642,1393,5082
706,302,1091,302,642,1393,5410
274,302,834,170,361,1004,5082
274,302,834,170,361,1004,5410
412,302,922,211,448,1133,5082
412,302,922,211,448,1133,5410
716,302,1065,275,586,1340,5082
716,302,1065,275,586,1340,5410
608,302,1116,347,739,1463,5082
608,302,1116,347,739,1463,5410
068,302,2132,447,952,2579,5082
068,302,2132,447,952,2579,5410
509,302,1409,468,996,1877,5082
509,302,1409,468,996,1877,5410
030,302,2448,535,1138,2983,5082
030,302,2448,535,1138,2983,5410
535,302,1264,416,886,1680,5082
535,302,1264,416,886,1680,5410
904,302,2471,1056,2246,3527,5082
904,302,2471,1056,2246,3527,5410
780,302,1531,485,1032,2016,5082
780,302,1531,485,1032,2016,5410
499,302,1744,540,1148,2284,5082
499,302,1744,540,1148,2284,5410
118,302,1837,437,929,2274,5082
118,302,1837,437,929,2274,5410
567,302,2370,690,1469,3060,5082
567,302,2370,690,1469,3060,5410
426,302,738,149,316,887,5082
426,302,738,149,316,887,5410
229,302,1168,265,564,1433,5082
229,302,1168,265,564,1433,5410
349,302,1554,265,563,1819,5082
349,302,1554,265,563,1819,5410
314,302,710,116,236,826,5082
314,302,710,116,236,826,5410
560,302,1604,558,1188,2162,5082
560,302,1604,558,1188,2162,5410
851,302,2412,863,1837,3275,5082
851,302,2412,863,1837,3275,5410
752,302,1286,376,800,1662,5082
752,302,1286,376,800,1662,5410
875,302,2544,687,1461,3231,5082
875,302,2544,687,1461,3231,5410
282,302,688,129,274,817,5082
282,302,688,129,274,817,5410
816,302,2742,745,1586,3487,5082
816,302,2742,745,1586,3487,5410
131,302,1949,478,1017,2427,5082
131,302,1949,478,1017,2427,5410
092,302,0,0,895,0,5082
092,302,0,0,895,0,5410
606,302,1131,351,747,1482,5082
606,302,1131,351,747,1482,5410
125,302,2178,456,971,2634,5082
125,302,2178,456,971,2634,5410
764,302,1448,422,897,1870,5082
764,302,1448,422,897,1870,5410
986,302,4264,1240,2638,5504,5082
986,302,4264,1240,2638,5504,5410
983,302,4074,1266,2694,5340,5082
983,302,4074,1266,2694,5340,5410
735,302,1711,466,991,2177,5082
735,302,1711,466,991,2177,5410
040,302,2570,572,1218,3142,5082
040,302,2570,572,1218,3142,5410
989,302,4280,1206,2567,5486,5082
989,302,4280,1206,2567,5486,5410
076,302,1773,426,907,2199,5082
076,302,1773,426,907,2199,5410
599,302,4000,1094,2327,5094,5082
599,302,4000,1094,2327,5094,5410
298,302,625,94,191,719,5082
298,302,625,94,191,719,5410
978,302,3937,1135,2414,5072,5082
978,302,3937,1135,2414,5072,5410
759,302,1263,343,730,1606,5082
759,302,1263,343,730,1606,5410
556,302,1997,602,1280,2599,5082
556,302,1997,602,1280,2599,5410
149,302,1785,431,917,2216,5082
149,302,1785,431,917,2216,5410
705,302,1090,267,569,1357,5082
705,302,1090,267,569,1357,5410
547,302,1536,501,1065,2037,5082
547,302,1536,501,1065,2037,5410
446,302,1214,335,713,1549,5082
446,302,1214,335,713,1549,5410
227,302,1246,290,616,1536,5082
227,302,1246,290,616,1536,5410
822,302,2813,707,1505,3520,5082
822,302,2813,707,1505,3520,5410
494,302,1460,403,858,1863,5082
494,302,1460,403,858,1863,5410
249,302,1051,234,498,1285,5082
249,302,1051,234,498,1285,5410
106,302,1820,436,927,2256,5082
106,302,1820,436,927,2256,5410
334,302,1656,289,615,1945,5082
334,302,1656,289,615,1945,5410
787,302,1522,445,946,1967,5082
787,302,1522,445,946,1967,5410
765,302,1470,436,927,1906,5082
765,302,1470,436,927,1906,5410
931,302,3105,1094,2328,4199,5082
931,302,3105,1094,2328,4199,5410
214,302,1538,329,701,1867,5082
214,302,1538,329,701,1867,5410
327,302,1225,214,455,1439,5082
327,302,1225,214,455,1439,5410
409,302,738,145,308,883,5082
409,302,738,145,308,883,5410
620,302,952,283,602,1235,5082
620,302,952,283,602,1235,5410
574,302,2193,658,1400,2851,5082
574,302,2193,658,1400,2851,5410
339,302,1539,262,557,1801,5082
339,302,1539,262,557,1801,5410
340,302,0,0,685,0,5082
340,302,0,0,685,0,5410
495,302,1415,400,852,1815,5082
495,302,1415,400,852,1815,5410
755,302,1224,327,695,1551,5082
755,302,1224,327,695,1551,5410
462,302,918,265,563,1183,5082
462,302,918,265,563,1183,5410
911,302,2437,1046,2226,3483,5082
911,302,2437,1046,2226,3483,5410
940,302,3646,1204,2562,4850,5082
940,302,3646,1204,2562,4850,5410
864,302,2927,931,1981,3858,5082
864,302,2927,931,1981,3858,5410
079,302,1734,417,887,2151,5082
079,302,1734,417,887,2151,5410
250,302,1077,243,517,1320,5082
250,302,1077,243,517,1320,5410
781,302,1387,448,954,1835,5082
781,302,1387,448,954,1835,5410
902,302,2465,1058,2250,3523,5082
902,302,2465,1058,2250,3523,5410
080,302,1634,386,821,2020,5082
080,302,1634,386,821,2020,5410
305,302,461,48,98,509,5082
305,302,461,48,98,509,5410
239,302,1143,248,528,1391,5082
239,302,1143,248,528,1391,5410
096,302,0,0,895,0,5082
096,302,0,0,895,0,5410
510,302,1804,533,1133,2337,5082
510,302,1804,533,1133,2337,5410
367,302,659,105,215,764,5082
367,302,659,105,215,764,5410
972,302,4231,1234,2626,5465,5082
972,302,4231,1234,2626,5465,5410
665,302,1508,456,971,1964,5082
665,302,1508,456,971,1964,5410
414,302,868,209,445,1077,5082
414,302,868,209,445,1077,5410
400,302,814,211,449,1025,5082
400,302,814,211,449,1025,5410
024,302,2427,519,1105,2946,5082
024,302,2427,519,1105,2946,5410
647,302,1366,413,878,1779,5082
647,302,1366,413,878,1779,5410
703,302,1013,237,505,1250,5082
703,302,1013,237,505,1250,5410
070,302,1746,421,895,2167,5082
070,302,1746,421,895,2167,5410
483,302,1303,356,758,1659,5082
483,302,1303,356,758,1659,5410
017,302,2410,514,1094,2924,5082
017,302,2410,514,1094,2924,5410
098,302,0,0,895,0,5082
098,302,0,0,895,0,5410
190,302,1631,385,819,2016,5082
190,302,1631,385,819,2016,5410
838,302,4040,1113,2369,5153,5082
838,302,4040,1113,2369,5153,5410
115,302,1815,433,922,2248,5082
115,302,1815,433,922,2248,5410
727,302,1393,377,803,1770,5082
727,302,1393,377,803,1770,5410
774,302,1273,383,814,1656,5082
774,302,1273,383,814,1656,5410
326,302,1006,149,317,1155,5082
326,302,1006,149,317,1155,5410
963,302,0,0,2566,0,5082
963,302,0,0,2566,0,5410
801,302,2502,676,1438,3178,5082
801,302,2502,676,1438,3178,5410
596,302,3672,980,2085,4652,5082
596,302,3672,980,2085,4652,5410
034,302,2404,527,1122,2931,5082
034,302,2404,527,1122,2931,5410
790,302,2066,537,1142,2603,5082
790,302,2066,537,1142,2603,5410
160,302,1309,350,745,1659,5082
160,302,1309,350,745,1659,5410
010,302,2340,492,1046,2832,5082
010,302,2340,492,1046,2832,5410
543,302,1468,447,951,1915,5082
543,302,1468,447,951,1915,5410
685,302,1769,480,1022,2249,5082
685,302,1769,480,1022,2249,5410
523,302,1455,426,906,1881,5082
523,302,1455,426,906,1881,5410
064,302,2225,463,985,2688,5082
064,302,2225,463,985,2688,5410
248,302,1007,224,477,1231,5082
248,302,1007,224,477,1231,5410
666,302,1400,420,893,1820,5082
666,302,1400,420,893,1820,5410
472,302,852,239,509,1091,5082
472,302,852,239,509,1091,5410
555,302,1574,552,1175,2126,5082
555,302,1574,552,1175,2126,5410
930,302,3038,1075,2288,4113,5082
930,302,3038,1075,2288,4113,5410
101,302,1762,424,903,2186,5082
101,302,1762,424,903,2186,5410
059,302,2610,594,1263,3204,5082
059,302,2610,594,1263,3204,5410
935,302,3001,1055,2244,4056,5082
935,302,3001,1055,2244,4056,5410
809,302,2539,665,1415,3204,5082
809,302,2539,665,1415,3204,5410
829,302,3055,829,1763,3884,5082
829,302,3055,829,1763,3884,5410
016,302,2374,505,1075,2879,5082
016,302,2374,505,1075,2879,5410
797,302,1817,535,1139,2352,5082
797,302,1817,535,1139,2352,5410
728,302,1198,332,706,1530,5082
728,302,1198,332,706,1530,5410
303,302,347,16,33,363,5082
303,302,347,16,33,363,5410
031,302,2482,540,1148,3022,5082
031,302,2482,540,1148,3022,5410
113,302,1775,427,909,2202,5082
113,302,1775,427,909,2202,5410
148,302,1794,436,928,2230,5082
148,302,1794,436,928,2230,5410
672,302,1595,481,1023,2076,5082
672,302,1595,481,1023,2076,5410
777,302,1119,326,694,1445,5082
777,302,1119,326,694,1445,5410
109,302,1826,438,931,2264,5082
109,302,1826,438,931,2264,5410
026,302,2488,543,1155,3031,5082
026,302,2488,543,1155,3031,5410
504,302,1472,494,1050,1966,5082
504,302,1472,494,1050,1966,5410
630,302,983,285,606,1268,5082
630,302,983,285,606,1268,5410
204,302,1487,314,669,1801,5082
204,302,1487,314,669,1801,5410
772,302,1199,364,775,1563,5082
772,302,1199,364,775,1563,5410
634,302,1135,336,715,1471,5082
634,302,1135,336,715,1471,5410
890,302,3031,972,2069,4003,5082
890,302,3031,972,2069,4003,5410
255,302,1062,243,517,1305,5082
255,302,1062,243,517,1305,5410
971,302,4286,1252,2663,5538,5082
971,302,4286,1252,2663,5538,5410
884,302,2217,603,1283,2820,5082
884,302,2217,603,1283,2820,5410
129,302,2462,558,1188,3020,5082
129,302,2462,558,1188,3020,5410
914,302,2947,1056,2247,4003,5082
914,302,2947,1056,2247,4003,5410
234,302,1238,291,620,1529,5082
234,302,1238,291,620,1529,5410
164,302,1397,382,812,1779,5082
164,302,1397,382,812,1779,5410
686,302,1905,519,1104,2424,5082
686,302,1905,519,1104,2424,5410
167,302,1746,400,852,2146,5082
167,302,1746,400,852,2146,5410
156,302,1308,328,698,1636,5082
156,302,1308,328,698,1636,5410
073,302,1747,420,894,2167,5082
073,302,1747,420,894,2167,5410
718,302,1232,328,697,1560,5082
718,302,1232,328,697,1560,5410
157,302,1343,350,745,1693,5082
157,302,1343,350,745,1693,5410
680,302,1781,486,1033,2267,5082
680,302,1781,486,1033,2267,5410
141,302,1903,435,926,2338,5082
141,302,1903,435,926,2338,5410
005,302,2125,448,954,2573,5082
005,302,2125,448,954,2573,5410
418,302,840,190,404,1030,5082
418,302,840,190,404,1030,5410
459,302,799,227,484,1026,5082
459,302,799,227,484,1026,5410
441,302,1234,345,733,1579,5082
441,302,1234,345,733,1579,5410
572,302,2013,610,1297,2623,5082
572,302,2013,610,1297,2623,5410
097,302,0,0,895,0,5082
097,302,0,0,895,0,5410
035,302,2585,586,1247,3171,5082
035,302,2585,586,1247,3171,5410
254,302,1442,306,651,1748,5082
254,302,1442,306,651,1748,5410
117,302,1877,443,942,2320,5082
117,302,1877,443,942,2320,5410
071,302,1743,420,893,2163,5082
071,302,1743,420,893,2163,5410
309,302,575,81,165,656,5082
309,302,575,81,165,656,5410
384,302,782,144,306,926,5082
384,302,782,144,306,926,5410
730,302,1668,452,962,2120,5082
730,302,1668,452,962,2120,5410
952,302,3162,1196,2545,4358,5082
952,302,3162,1196,2545,4358,5410
292,302,713,117,239,830,5082
292,302,713,117,239,830,5410
347,302,1267,228,486,1495,5082
347,302,1267,228,486,1495,5410
094,302,0,0,895,0,5082
094,302,0,0,895,0,5410
205,302,1482,313,666,1795,5082
205,302,1482,313,666,1795,5410
048,302,2486,607,1291,3093,5082
048,302,2486,607,1291,3093,5410
399,302,347,16,33,363,5082
399,302,347,16,33,363,5410
800,302,2497,671,1427,3168,5082
800,302,2497,671,1427,3168,5410
159,302,1384,351,747,1735,5082
159,302,1384,351,747,1735,5410
778,302,1363,407,867,1770,5082
778,302,1363,407,867,1770,5410
798,302,1965,644,1370,2609,5082
798,302,1965,644,1370,2609,5410
168,302,1419,372,791,1791,5082
168,302,1419,372,791,1791,5410
217,302,1507,321,684,1828,5082
217,302,1507,321,684,1828,5410
609,302,1084,329,701,1413,5082
609,302,1084,329,701,1413,5410
295,302,873,163,346,1036,5082
295,302,873,163,346,1036,5410
779,302,1385,427,908,1812,5082
779,302,1385,427,908,1812,5410
258,302,994,220,468,1214,5082
258,302,994,220,468,1214,5410
895,302,3656,1137,2420,4793,5082
895,302,3656,1137,2420,4793,5410
318,302,452,31,63,483,5082
318,302,452,31,63,483,5410
493,302,1478,410,873,1888,5082
493,302,1478,410,873,1888,5410
906,302,2436,1049,2231,3485,5082
906,302,2436,1049,2231,3485,5410
058,302,2565,583,1240,3148,5082
058,302,2565,583,1240,3148,5410
174,302,1606,350,745,1956,5082
174,302,1606,350,745,1956,5410
184,302,1768,414,880,2182,5082
184,302,1768,414,880,2182,5410
397,302,760,137,292,897,5082
397,302,760,137,292,897,5410
991,302,4136,1156,2459,5292,5082
991,302,4136,1156,2459,5292,5410
662,302,1311,396,843,1707,5082
662,302,1311,396,843,1707,5410
624,302,1007,280,596,1287,5082
624,302,1007,280,596,1287,5410
738,302,1854,513,1091,2367,5082
738,302,1854,513,1091,2367,5410
383,302,776,186,395,962,5082
383,302,776,186,395,962,5410
506,302,1553,459,977,2012,5082
506,302,1553,459,977,2012,5410
803,302,2526,682,1451,3208,5082
803,302,2526,682,1451,3208,5410
939,302,3104,1178,2507,4282,5082
939,302,3104,1178,2507,4282,5410
540,302,1614,527,1121,2141,5082
540,302,1614,527,1121,2141,5410
712,302,983,239,509,1222,5082
712,302,983,239,509,1222,5410
639,302,981,252,537,1233,5082
639,302,981,252,537,1233,5410
514,302,1545,516,1097,2061,5082
514,302,1545,516,1097,2061,5410
652,302,1178,336,714,1514,5082
652,302,1178,336,714,1514,5410
014,302,2400,517,1099,2917,5082
014,302,2400,517,1099,2917,5410
449,302,1130,310,660,1440,5082
449,302,1130,310,660,1440,5410
122,302,2278,486,1033,2764,5082
122,302,2278,486,1033,2764,5410
173,302,1596,347,739,1943,5082
173,302,1596,347,739,1943,5410
937,302,3323,1132,2409,4455,5082
937,302,3323,1132,2409,4455,5410
571,302,1884,559,1190,2443,5082
571,302,1884,559,1190,2443,5410
375,302,855,225,478,1080,5082
375,302,855,225,478,1080,5410
328,302,1250,222,473,1472,5082
328,302,1250,222,473,1472,5410
336,302,1204,206,439,1410,5082
336,302,1204,206,439,1410,5410
926,302,2436,1046,2226,3482,5082
926,302,2436,1046,2226,3482,5410
100,302,1760,424,902,2184,5082
100,302,1760,424,902,2184,5410
479,302,1008,296,629,1304,5082
479,302,1008,296,629,1304,5410
443,302,1229,337,717,1566,5082
443,302,1229,337,717,1566,5410
528,302,1328,391,832,1719,5082
528,302,1328,391,832,1719,5410
253,302,1083,248,527,1331,5082
253,302,1083,248,527,1331,5410
417,302,865,179,380,1044,5082
417,302,865,179,380,1044,5410
179,302,1642,374,795,2016,5082
179,302,1642,374,795,2016,5410
108,302,1798,432,919,2230,5082
108,302,1798,432,919,2230,5410
856,302,2516,812,1728,3328,5082
856,302,2516,812,1728,3328,5410
444,302,1308,356,757,1664,5082
444,302,1308,356,757,1664,5410
683,302,1797,490,1043,2287,5082
683,302,1797,490,1043,2287,5410
637,302,936,241,512,1177,5082
637,302,936,241,512,1177,5410
497,302,1683,464,987,2147,5082
497,302,1683,464,987,2147,5410
675,302,1810,513,1091,2323,5082
675,302,1810,513,1091,2323,5410
673,302,1613,439,935,2052,5082
673,302,1613,439,935,2052,5410
811,302,2765,766,1630,3531,5082
811,302,2765,766,1630,3531,5410
585,302,2680,744,1584,3424,5082
585,302,2680,744,1584,3424,5410
437,302,1138,306,652,1444,5082
437,302,1138,306,652,1444,5410
181,302,1632,387,823,2019,5082
181,302,1632,387,823,2019,5410
785,302,1762,580,1235,2342,5082
785,302,1762,580,1235,2342,5410
221,302,1475,313,667,1788,5082
221,302,1475,313,667,1788,5410
566,302,2161,652,1388,2813,5082
566,302,2161,652,1388,2813,5410
860,302,2705,850,1808,3555,5082
860,302,2705,850,1808,3555,5410
025,302,2477,539,1146,3016,5082
025,302,2477,539,1146,3016,5410
959,302,3756,1211,2577,4967,5082
959,302,3756,1211,2577,4967,5410
378,302,719,119,243,838,5082
378,302,719,119,243,838,5410
390,302,765,184,392,949,5082
390,302,765,184,392,949,5410
812,302,2634,707,1504,3341,5082
812,302,2634,707,1504,3341,5410
736,302,1809,496,1056,2305,5082
736,302,1809,496,1056,2305,5410
169,302,1738,420,893,2158,5082
169,302,1738,420,893,2158,5410
273,302,849,174,371,1023,5082
273,302,849,174,371,1023,5410
110,302,1793,431,918,2224,5082
110,302,1793,431,918,2224,5410
823,302,3010,757,1611,3767,5082
823,302,3010,757,1611,3767,5410
843,302,3049,909,1934,3958,5082
843,302,3049,909,1934,3958,5410
133,302,2000,476,1012,2476,5082
133,302,2000,476,1012,2476,5410
057,302,2395,530,1128,2925,5082
057,302,2395,530,1128,2925,5410
626,302,1093,320,681,1413,5082
626,302,1093,320,681,1413,5410
388,302,766,136,290,902,5082
388,302,766,136,290,902,5410
731,302,1651,448,953,2099,5082
731,302,1651,448,953,2099,5410
805,302,2553,693,1475,3246,5082
805,302,2553,693,1475,3246,5410
369,302,870,144,306,1014,5082
369,302,870,144,306,1014,5410
186,302,1707,401,854,2108,5082
186,302,1707,401,854,2108,5410
138,302,1839,445,946,2284,5082
138,302,1839,445,946,2284,5410
480,302,1310,359,763,1669,5082
480,302,1310,359,763,1669,5410
037,302,2449,549,1168,2998,5082
037,302,2449,549,1168,2998,5410
554,302,1655,543,1155,2198,5082
554,302,1655,543,1155,2198,5410
322,302,951,157,334,1108,5082
322,302,951,157,334,1108,5410
618,302,1048,307,653,1355,5082
618,302,1048,307,653,1355,5410
317,302,618,82,168,700,5082
317,302,618,82,168,700,5410
668,302,1501,444,945,1945,5082
668,302,1501,444,945,1945,5410
845,302,2770,834,1774,3604,5082
845,302,2770,834,1774,3604,5410
267,302,1307,314,669,1621,5082
267,302,1307,314,669,1621,5410
161,302,1312,359,764,1671,5082
161,302,1312,359,764,1671,5410
885,302,1839,668,1422,2507,5082
885,302,1839,668,1422,2507,5410
306,302,489,51,105,540,5082
306,302,489,51,105,540,5410
649,302,1291,389,828,1680,5082
649,302,1291,389,828,1680,5410
871,302,2398,687,1461,3085,5082
871,302,2398,687,1461,3085,5410
049,302,2496,611,1299,3107,5082
049,302,2496,611,1299,3107,5410
644,302,1445,425,904,1870,5082
644,302,1445,425,904,1870,5410
329,302,1335,239,508,1574,5082
329,302,1335,239,508,1574,5410
374,302,498,70,143,568,5082
374,302,498,70,143,568,5410
832,302,3295,918,1954,4213,5082
832,302,3295,918,1954,4213,5410
945,302,3658,1204,2561,4862,5082
945,302,3658,1204,2561,4862,5410
999,302,0,0,3416,0,5082
999,302,0,0,3416,0,5410
291,302,680,118,252,798,5082
291,302,680,118,252,798,5410
469,302,989,298,633,1287,5082
469,302,989,298,633,1287,5410
593,302,3252,848,1805,4100,5082
593,302,3252,848,1805,4100,5410
744,302,1483,397,844,1880,5082
744,302,1483,397,844,1880,5410
997,302,0,0,4245,0,5082
997,302,0,0,4245,0,5410
018,302,2446,528,1124,2974,5082
018,302,2446,528,1124,2974,5410
688,302,1989,536,1141,2525,5082
688,302,1989,536,1141,2525,5410
342,302,1285,232,493,1517,5082
342,302,1285,232,493,1517,5410
127,302,1817,439,934,2256,5082
127,302,1817,439,934,2256,5410
137,302,1844,446,950,2290,5082
137,302,1844,446,950,2290,5410
883,302,2143,715,1521,2858,5082
883,302,2143,715,1521,2858,5410
355,302,699,107,219,806,5082
355,302,699,107,219,806,5410
996,302,0,0,4554,0,5082
996,302,0,0,4554,0,5410
583,302,2653,742,1578,3395,5082
583,302,2653,742,1578,3395,5410
427,302,790,185,393,975,5082
427,302,790,185,393,975,5410
189,302,1655,392,835,2047,5082
189,302,1655,392,835,2047,5410
178,302,1641,376,799,2017,5082
178,302,1641,376,799,2017,5410
565,302,2106,642,1367,2748,5082
565,302,2106,642,1367,2748,5410
613,302,1171,356,758,1527,5082
613,302,1171,356,758,1527,5410
720,302,1082,294,626,1376,5082
720,302,1082,294,626,1376,5410
422,302,729,162,345,891,5082
422,302,729,162,345,891,5410
044,302,2577,638,1358,3215,5082
044,302,2577,638,1358,3215,5410
423,302,771,186,396,957,5082
423,302,771,186,396,957,5410
783,302,1482,482,1025,1964,5082
783,302,1482,482,1025,1964,5410
954,302,3773,1244,2647,5017,5082
954,302,3773,1244,2647,5017,5410
767,302,1441,413,878,1854,5082
767,302,1441,413,878,1854,5410
661,302,1303,393,837,1696,5082
661,302,1303,393,837,1696,5410
944,302,3658,1206,2567,4864,5082
944,302,3658,1206,2567,4864,5410
512,302,1860,549,1169,2409,5082
512,302,1860,549,1169,2409,5410
700,302,933,217,461,1150,5082
700,302,933,217,461,1150,5410
208,302,1506,319,679,1825,5082
208,302,1506,319,679,1825,5410
365,302,905,141,300,1046,5082
365,302,905,141,300,1046,5410
111,302,1766,425,905,2191,5082
111,302,1766,425,905,2191,5410
033,302,2487,548,1166,3035,5082
033,302,2487,548,1166,3035,5410
557,302,2025,595,1265,2620,5082
557,302,2025,595,1265,2620,5410
962,302,0,0,2566,0,5082
962,302,0,0,2566,0,5410
464,302,1079,333,708,1412,5082
464,302,1079,333,708,1412,5410
939,761,2291,804,1711,3095,5490
397,761,1121,277,590,1398,5490
926,761,1774,659,1402,2433,5490
675,761,783,208,443,991,5490
028,761,3099,825,1756,3924,5490
673,761,770,182,388,952,5490
198,761,2603,691,1470,3294,5490
234,761,2700,658,1400,3358,5490
054,761,3012,851,1811,3863,5490
740,761,649,143,304,792,5490
944,761,2598,832,1771,3430,5490
266,761,1947,549,1168,2496,5490
380,761,775,249,529,1024,5490
415,761,1775,503,1071,2278,5490
501,761,1276,353,752,1629,5490
238,761,2552,620,1319,3172,5490
930,761,1890,688,1464,2578,5490
468,761,1494,496,1056,1990,5490
141,761,2338,666,1416,3004,5490
251,761,1817,512,1090,2329,5490
057,761,2948,828,1761,3776,5490
993,761,3365,932,1984,4297,5490
961,761,3178,903,1921,4081,5490
164,761,2131,620,1320,2751,5490
571,761,1452,419,891,1871,5490
403,761,1255,433,922,1688,5490
938,761,2178,764,1625,2942,5490
668,761,781,208,443,989,5490
907,761,1792,666,1418,2458,5490
836,761,2926,803,1709,3729,5490
401,761,1259,396,843,1655,5490
853,761,1577,503,1071,2080,5490
404,761,1250,426,907,1676,5490
478,761,1256,405,862,1661,5490
227,761,2252,603,1284,2855,5490
806,761,2030,423,900,2453,5490
494,761,1668,539,1147,2207,5490
059,761,3152,898,1910,4050,5490
879,761,1013,339,721,1352,5490
176,761,2554,676,1439,3230,5490
204,761,2441,643,1368,3084,5490
082,761,2546,719,1530,3265,5490
532,761,1392,503,1071,1895,5490
795,761,634,93,189,727,5490
976,761,3284,959,2041,4243,5490
779,761,753,144,307,897,5490
188,761,2466,730,1554,3196,5490
666,761,802,229,488,1031,5490
441,761,1808,574,1221,2382,5490
802,761,2003,410,873,2413,5490
065,761,2886,783,1665,3669,5490
418,761,1710,496,1056,2206,5490
461,761,1333,438,932,1771,5490
624,761,1601,383,814,1984,5490
645,761,967,274,584,1241,5490
972,761,3676,997,2121,4673,5490
396,761,860,232,493,1092,5490
153,761,2117,579,1231,2696,5490
792,761,752,116,236,868,5490
676,761,983,261,556,1244,5490
725,761,738,217,462,955,5490
005,761,2813,772,1642,3585,5490
451,761,1338,469,997,1807,5490
763,761,491,64,131,555,5490
572,761,1581,469,998,2050,5490
386,761,829,247,526,1076,5490
889,761,1846,606,1290,2452,5490
194,761,2532,708,1507,3240,5490
789,761,725,119,253,844,5490
719,761,608,149,317,757,5490
884,761,1241,229,487,1470,5490
046,761,3518,971,2067,4489,5490
883,761,1313,328,697,1641,5490
406,761,1225,424,902,1649,5490
201,761,2390,630,1340,3020,5490
569,761,0,0,1367,0,5490
417,761,1479,482,1026,1961,5490
124,761,2840,780,1659,3620,5490
936,761,2169,760,1617,2929,5490
223,761,2426,640,1362,3066,5490
248,761,1885,533,1134,2418,5490
629,761,951,317,675,1268,5490
781,761,642,129,274,771,5490
855,761,1342,431,918,1773,5490
469,761,1399,470,1000,1869,5490
135,761,2610,752,1600,3362,5490
756,761,559,82,167,641,5490
739,761,1041,218,463,1259,5490
893,761,2681,722,1537,3403,5490
653,761,958,278,592,1236,5490
790,761,853,153,326,1006,5490
716,761,699,193,411,892,5490
089,761,2612,731,1556,3343,5490
755,761,633,99,202,732,5490
074,761,2654,742,1578,3396,5490
748,761,618,108,221,726,5490
710,761,692,117,239,809,5490
306,761,1366,419,892,1785,5490
322,761,1915,485,1031,2400,5490
794,761,862,148,315,1010,5490
326,761,1970,477,1014,2447,5490
688,761,1091,307,654,1398,5490
285,761,1939,607,1291,2546,5490
945,761,2596,829,1764,3425,5490
132,761,2493,729,1552,3222,5490
816,761,2186,483,1027,2669,5490
390,761,746,212,452,958,5490
208,761,2443,642,1366,3085,5490
639,761,815,261,556,1076,5490
149,761,2456,725,1543,3181,5490
221,761,2406,634,1350,3040,5490
857,761,1596,433,922,2029,5490
973,761,3773,1026,2182,4799,5490
759,761,681,120,244,801,5490
290,761,1672,494,1052,2166,5490
704,761,971,258,548,1229,5490
912,761,1792,663,1410,2455,5490
783,761,741,186,395,927,5490
032,761,3106,880,1872,3986,5490
320,761,1878,471,1002,2349,5490
563,761,1742,504,1072,2246,5490
609,761,1325,437,930,1762,5490
371,761,1126,337,717,1463,5490
667,761,742,204,435,946,5490
720,761,656,172,366,828,5490
705,761,792,203,431,995,5490
496,761,2019,595,1265,2614,5490
749,761,728,173,369,901,5490
728,761,745,203,432,948,5490
416,761,1714,492,1046,2206,5490
264,761,2090,571,1215,2661,5490
928,761,1761,656,1395,2417,5490
120,761,2852,778,1655,3630,5490
196,761,2603,692,1472,3295,5490
312,761,1385,420,893,1805,5490
553,761,1613,469,997,2082,5490
360,761,989,326,693,1315,5490
391,761,726,203,432,929,5490
780,761,613,154,328,767,5490
863,761,1649,523,1112,2172,5490
662,761,893,251,533,1144,5490
286,761,1587,504,1073,2091,5490
392,761,734,205,437,939,5490
874,761,1909,422,897,2331,5490
770,761,613,127,270,740,5490
846,761,2377,608,1293,2985,5490
652,761,1004,308,656,1312,5490
273,761,1701,545,1159,2246,5490
034,761,3106,842,1791,3948,5490
260,761,1873,570,1212,2443,5490
679,761,1046,218,464,1264,5490
897,761,3155,901,1916,4056,5490
151,761,2135,593,1261,2728,5490
070,761,2644,742,1578,3386,5490
540,761,1497,475,1010,1972,5490
443,761,1804,567,1206,2371,5490
512,761,1429,409,871,1838,5490
613,761,1730,432,920,2162,5490
914,761,1798,669,1423,2467,5490
769,761,722,117,239,839,5490
610,761,1324,470,999,1794,5490
549,761,1645,538,1145,2183,5490
827,761,2723,559,1190,3282,5490
407,761,1309,427,909,1736,5490
350,761,1120,323,687,1443,5490
192,761,2526,705,1501,3231,5490
487,761,1804,609,1295,2413,5490
476,761,1207,379,806,1586,5490
644,761,1132,284,605,1416,5490
026,761,3209,866,1843,4075,5490
118,761,2743,760,1617,3503,5490
325,761,1296,328,697,1624,5490
374,761,1213,387,823,1600,5490
187,761,2434,712,1514,3146,5490
822,761,2383,471,1002,2854,5490
158,761,2160,637,1355,2797,5490
274,761,1687,540,1148,2227,5490
556,761,1863,564,1200,2427,5490
558,761,1807,533,1133,2340,5490
121,761,2910,798,1698,3708,5490
901,761,1783,664,1412,2447,5490
179,761,2382,688,1464,3070,5490
261,761,1820,551,1172,2371,5490
448,761,1744,553,1177,2297,5490
444,761,2017,588,1250,2605,5490
246,761,1766,495,1054,2261,5490
433,761,1648,529,1125,2177,5490
762,761,345,23,46,368,5490
287,761,1425,463,986,1888,5490
147,761,2261,648,1378,2909,5490
370,761,1058,311,662,1369,5490
958,761,2438,840,1788,3278,5490
367,761,1113,290,616,1403,5490
738,761,733,158,337,891,5490
724,761,731,231,491,962,5490
052,761,2986,814,1732,3800,5490
331,761,2670,646,1375,3316,5490
955,761,3054,967,2058,4021,5490
680,761,1088,326,693,1414,5490
677,761,1124,302,642,1426,5490
062,761,3049,815,1733,3864,5490
731,761,607,98,200,705,5490
381,761,764,231,492,995,5490
587,761,2903,658,1401,3561,5490
299,761,1738,513,1091,2251,5490
908,761,1791,666,1417,2457,5490
378,761,1295,418,889,1713,5490
466,761,1475,495,1054,1970,5490
174,761,2516,665,1414,3181,5490
623,761,1164,381,810,1545,5490
169,761,2384,704,1497,3088,5490
275,761,1790,563,1197,2353,5490
871,761,1438,299,637,1737,5490
772,761,610,126,268,736,5490
362,761,1008,346,736,1354,5490
921,761,1551,623,1326,2174,5490
203,761,2442,643,1369,3085,5490
913,761,1831,674,1433,2505,5490
499,761,1926,611,1299,2537,5490
023,761,3177,851,1810,4028,5490
250,761,1838,519,1104,2357,5490
465,761,1514,508,1081,2022,5490
823,761,2605,520,1106,3125,5490
450,761,1403,466,991,1869,5490
377,761,1292,416,886,1708,5490
837,761,2900,797,1696,3697,5490
807,761,1580,387,823,1967,5490
245,761,1770,562,1195,2332,5490
995,761,0,0,4101,0,5490
576,761,2616,587,1248,3203,5490
092,761,0,0,1583,0,5490
205,761,2438,642,1366,3080,5490
964,761,0,0,1770,0,5490
224,761,2657,635,1352,3292,5490
498,761,1918,616,1310,2534,5490
812,761,2064,444,945,2508,5490
117,761,2782,766,1630,3548,5490
773,761,593,116,236,709,5490
395,761,1047,281,597,1328,5490
344,761,2070,498,1060,2568,5490
608,761,1381,464,987,1845,5490
991,761,3475,936,1992,4411,5490
548,761,1719,523,1112,2242,5490
136,761,2694,775,1649,3469,5490
047,761,3677,1025,2181,4702,5490
170,761,2505,666,1418,3171,5490
072,761,2636,739,1573,3375,5490
597,761,2930,739,1573,3669,5490
638,761,838,277,589,1115,5490
068,761,2820,771,1640,3591,5490
319,761,1123,380,809,1503,5490
484,761,1746,592,1260,2338,5490
630,761,1064,315,670,1379,5490
294,761,1739,514,1094,2253,5490
640,761,927,263,560,1190,5490
471,761,1304,416,885,1720,5490
327,761,2201,541,1152,2742,5490
649,761,909,257,546,1166,5490
435,761,1617,530,1128,2147,5490
805,761,2062,431,916,2493,5490
528,761,1285,423,901,1708,5490
178,761,2380,690,1468,3070,5490
329,761,2289,566,1205,2855,5490
618,761,1664,409,871,2073,5490
527,761,1285,422,897,1707,5490
625,761,1575,384,818,1959,5490
210,761,2495,658,1399,3153,5490
765,761,459,68,138,527,5490
931,761,1956,707,1504,2663,5490
030,761,3173,858,1826,4031,5490
446,761,1793,566,1205,2359,5490
335,761,2182,535,1138,2717,5490
703,761,973,258,550,1231,5490
385,761,1212,369,785,1581,5490
426,761,1241,400,850,1641,5490
372,761,1100,327,696,1427,5490
103,761,2637,739,1573,3376,5490
824,761,2747,620,1319,3367,5490
775,761,649,138,293,787,5490
349,761,2482,592,1260,3074,5490
525,761,1126,359,764,1485,5490
061,761,2954,799,1701,3753,5490
670,761,662,163,347,825,5490
996,761,0,0,4294,0,5490
714,761,856,143,305,999,5490
186,761,2440,716,1523,3156,5490
701,761,979,260,554,1239,5490
627,761,1534,373,794,1907,5490
172,761,2404,641,1363,3045,5490
152,761,2117,590,1255,2707,5490
764,761,392,36,73,428,5490
660,761,888,246,523,1134,5490
814,761,2258,517,1100,2775,5490
394,761,949,249,530,1198,5490
965,761,0,0,1770,0,5490
570,761,1462,421,895,1883,5490
813,761,2027,445,946,2472,5490
313,761,1750,506,1077,2256,5490
956,761,2460,846,1799,3306,5490
067,761,2922,791,1682,3713,5490
834,761,2712,705,1501,3417,5490
422,761,1168,360,765,1528,5490
507,761,1262,405,862,1667,5490
308,761,1550,443,943,1993,5490
588,761,3106,713,1518,3819,5490
217,761,2419,636,1353,3055,5490
626,761,1549,377,802,1926,5490
154,761,2214,595,1267,2809,5490
262,761,2093,572,1218,2665,5490
044,761,3490,962,2046,4452,5490
206,761,2427,652,1388,3079,5490
364,761,1320,337,717,1657,5490
037,761,3011,853,1814,3864,5490
077,761,2634,737,1569,3371,5490
796,761,551,74,152,625,5490
332,761,2682,650,1383,3332,5490
368,761,1079,367,780,1446,5490
131,761,2515,738,1570,3253,5490
999,761,0,0,2968,0,5490
962,761,0,0,1770,0,5490
581,761,2244,531,1129,2775,5490
949,761,2665,848,1804,3513,5490
323,761,1544,410,873,1954,5490
947,761,2626,836,1778,3462,5490
215,761,2285,616,1310,2901,5490
412,761,1697,484,1030,2181,5490
843,761,2627,672,1429,3299,5490
079,761,2613,731,1556,3344,5490
573,761,1577,463,985,2040,5490
713,761,705,169,359,874,5490
561,761,1480,433,921,1913,5490
281,761,1598,513,1091,2111,5490
436,761,1627,549,1168,2176,5490
706,761,906,195,415,1101,5490
296,761,1413,446,949,1859,5490
017,761,3141,838,1782,3979,5490
138,761,2561,759,1615,3320,5490
384,761,1145,327,695,1472,5490
183,761,2597,726,1544,3323,5490
036,761,3067,845,1797,3912,5490
998,761,0,0,3279,0,5490
137,761,2566,761,1619,3327,5490
293,761,1592,467,993,2059,5490
283,761,1761,557,1185,2318,5490
746,761,657,141,301,798,5490
144,761,2416,696,1480,3112,5490
228,761,2192,583,1241,2775,5490
708,761,865,226,480,1091,5490
600,761,1429,476,1012,1905,5490
535,761,1380,494,1051,1874,5490
063,761,3019,807,1718,3826,5490
606,761,1391,466,992,1857,5490
410,761,1290,451,960,1741,5490
895,761,3176,899,1913,4075,5490
458,761,1555,515,1095,2070,5490
493,761,1682,546,1161,2228,5490
442,761,1794,570,1212,2364,5490
145,761,2418,697,1483,3115,5490
515,761,1322,338,719,1660,5490
447,761,1805,568,1209,2373,5490
845,761,2163,544,1157,2707,5490
591,761,2824,653,1389,3477,5490
959,761,2967,869,1849,3836,5490
301,761,1215,383,815,1598,5490
421,761,1189,362,771,1551,5490
687,761,1289,399,849,1688,5490
249,761,1928,542,1154,2470,5490
413,761,1379,466,991,1845,5490
076,761,2678,750,1595,3428,5490
356,761,1138,330,702,1468,5490
736,761,618,119,253,737,5490
631,761,1082,324,689,1406,5490
111,761,2671,749,1593,3420,5490
031,761,3103,863,1836,3966,5490
311,761,1273,385,820,1658,5490
983,761,3870,1042,2216,4912,5490
225,761,2646,635,1351,3281,5490
087,761,2637,737,1568,3374,5490
434,761,1631,550,1170,2181,5490
184,761,2499,728,1549,3227,5490
905,761,1800,668,1422,2468,5490
860,761,1562,486,1033,2048,5490
601,761,1397,468,995,1865,5490
981,761,3841,1032,2196,4873,5490
086,761,2578,721,1533,3299,5490
197,761,2589,687,1461,3276,5490
254,761,2354,620,1320,2974,5490
810,761,1947,421,895,2368,5490
524,761,1262,404,859,1666,5490
189,761,2558,715,1522,3273,5490
924,761,1593,636,1354,2229,5490
361,761,976,320,681,1296,5490
108,761,2702,755,1606,3457,5490
354,761,1178,290,616,1468,5490
592,761,3425,747,1590,4172,5490
379,761,1277,410,872,1687,5490
678,761,1012,233,495,1245,5490
359,761,1117,352,748,1469,5490
611,761,1300,464,988,1764,5490
923,761,1637,650,1383,2287,5490
988,761,3583,966,2055,4549,5490
583,761,2717,613,1305,3330,5490
289,761,1346,429,912,1775,5490
257,761,1720,492,1047,2212,5490
665,761,848,238,506,1086,5490
387,761,712,208,443,920,5490
298,761,1585,463,985,2048,5490
560,761,1544,441,939,1985,5490
464,761,1398,468,996,1866,5490
586,761,2920,661,1407,3581,5490
614,761,1277,416,885,1693,5490
486,761,1788,601,1279,2389,5490
414,761,1402,470,1000,1872,5490
150,761,2122,595,1265,2717,5490
997,761,0,0,3986,0,5490
595,761,3608,761,1620,4369,5490
523,761,1256,403,857,1659,5490
080,761,2536,709,1508,3245,5490
437,761,1714,536,1140,2250,5490
674,761,807,211,448,1018,5490
898,761,2910,766,1629,3676,5490
873,761,1628,402,856,2030,5490
235,761,2694,657,1397,3351,5490
925,761,1585,636,1354,2221,5490
181,761,2511,701,1492,3212,5490
182,761,2420,702,1494,3122,5490
018,761,3173,852,1812,4025,5490
986,761,3710,1003,2133,4713,5490
011,761,3002,813,1729,3815,5490
942,761,2437,840,1788,3277,5490
757,761,497,67,136,564,5490
233,761,2706,659,1403,3365,5490
657,761,785,234,497,1019,5490
734,761,474,53,109,527,5490
975,761,3398,989,2105,4387,5490
960,761,2898,917,1951,3815,5490
963,761,0,0,1770,0,5490
844,761,2545,653,1390,3198,5490
019,761,3182,855,1820,4037,5490
841,761,2537,654,1392,3191,5490
733,761,546,93,189,639,5490
243,761,1757,498,1059,2255,5490
940,761,2586,830,1766,3416,5490
155,761,2305,623,1326,2928,5490
229,761,2167,580,1233,2747,5490
167,761,2266,656,1396,2922,5490
941,761,2635,839,1785,3474,5490
761,761,250,3,6,253,5490
580,761,2268,533,1135,2801,5490
723,761,745,219,466,964,5490
559,761,1416,445,947,1861,5490
721,761,651,170,361,821,5490
910,761,1770,657,1397,2427,5490
113,761,2680,751,1597,3431,5490
730,761,630,100,204,730,5490
043,761,3366,919,1956,4285,5490
247,761,1813,510,1086,2323,5490
633,761,1102,333,709,1435,5490
747,761,583,77,157,660,5490
112,761,2660,746,1587,3406,5490
531,761,1375,497,1057,1872,5490
545,761,1790,566,1204,2356,5490
551,761,1458,462,982,1920,5490
253,761,1816,514,1094,2330,5490
684,761,1011,298,633,1309,5490
094,761,0,0,1583,0,5490
240,761,1708,536,1141,2244,5490
195,761,2611,694,1477,3305,5490
842,761,2546,653,1390,3199,5490
604,761,1358,456,970,1814,5490
700,761,977,259,552,1236,5490
310,761,1422,430,914,1852,5490
906,761,1774,661,1407,2435,5490
497,761,2170,640,1362,2810,5490
835,761,3499,948,2018,4447,5490
271,761,1667,531,1130,2198,5490
903,761,1798,667,1419,2465,5490
562,761,1726,496,1056,2222,5490
035,761,3130,890,1893,4020,5490
022,761,3163,846,1799,4009,5490
066,761,2843,774,1647,3617,5490
226,761,2274,606,1290,2880,5490
693,761,2269,450,958,2719,5490
978,761,3225,898,1910,4123,5490
582,761,2522,576,1225,3098,5490
707,761,812,206,438,1018,5490
168,761,2358,653,1390,3011,5490
241,761,1699,542,1153,2241,5490
800,761,1998,408,869,2406,5490
351,761,1124,324,689,1448,5490
430,761,1614,512,1090,2126,5490
318,761,1152,389,828,1541,5490
305,761,1346,416,886,1762,5490
825,761,2558,582,1239,3140,5490
134,761,2600,750,1595,3350,5490
109,761,2705,752,1599,3457,5490
916,761,1813,666,1418,2479,5490
990,761,3393,908,1932,4301,5490
634,761,1054,343,729,1397,5490
317,761,1605,439,933,2044,5490
932,761,2084,737,1568,2821,5490
284,761,1812,568,1208,2380,5490
369,761,1160,264,562,1424,5490
799,761,980,281,598,1261,5490
123,761,2875,788,1676,3663,5490
328,761,2227,550,1170,2777,5490
015,761,3105,827,1760,3932,5490
218,761,2914,702,1494,3616,5490
016,761,3108,829,1763,3937,5490
393,761,1066,251,534,1317,5490
122,761,2905,793,1688,3698,5490
440,761,1975,580,1233,2555,5490
948,761,2639,839,1785,3478,5490
161,761,2045,599,1274,2644,5490
382,761,882,290,618,1172,5490
692,761,1922,411,874,2333,5490
875,761,1584,299,637,1883,5490
237,761,2690,656,1395,3346,5490
681,761,1292,325,692,1617,5490
646,761,1009,299,636,1308,5490
276,761,1813,573,1219,2386,5490
878,761,1373,373,793,1746,5490
330,761,2661,643,1368,3304,5490
655,761,948,275,585,1223,5490
766,761,391,40,81,431,5490
950,761,2374,827,1759,3201,5490
272,761,1678,535,1139,2213,5490
126,761,2820,768,1635,3588,5490
751,761,361,30,62,391,5490
954,761,2715,870,1851,3585,5490
479,761,1377,447,952,1824,5490
083,761,2513,707,1504,3220,5490
051,761,3031,835,1776,3866,5490
937,761,2179,764,1625,2943,5490
474,761,1338,429,912,1767,5490
741,761,649,143,304,792,5490
040,761,3176,896,1906,4072,5490
952,761,2351,822,1748,3173,5490
787,761,545,93,189,638,5490
877,761,1670,329,699,1999,5490
718,761,700,112,228,812,5490
242,761,1627,468,996,2095,5490
104,761,2683,751,1598,3434,5490
342,761,2264,559,1190,2823,5490
654,761,964,281,598,1245,5490
045,761,3360,917,1951,4277,5490
107,761,2697,753,1603,3450,5490
081,761,2529,706,1502,3235,5490
140,761,2333,663,1410,2996,5490
920,761,1578,634,1349,2212,5490
110,761,2698,755,1606,3453,5490
427,761,1221,382,813,1603,5490
340,761,0,0,1382,0,5490
513,761,1457,427,909,1884,5490
449,761,1706,540,1148,2246,5490
411,761,1414,477,1014,1891,5490
543,761,1689,556,1182,2245,5490
292,761,1647,486,1033,2133,5490
890,761,1872,609,1295,2481,5490
717,761,585,138,294,723,5490
502,761,1244,344,731,1588,5490
565,761,2190,540,1149,2730,5490
133,761,2617,754,1604,3371,5490
481,761,1690,572,1217,2262,5490
797,761,867,148,315,1015,5490
116,761,2676,751,1597,3427,5490
431,761,1586,506,1076,2092,5490
173,761,2507,662,1408,3169,5490
399,761,1273,385,820,1658,5490
514,761,1361,376,801,1737,5490
352,761,1102,317,674,1419,5490
366,761,1109,290,618,1399,5490
029,761,3116,830,1765,3946,5490
098,761,0,0,1583,0,5490
105,761,2741,759,1615,3500,5490
934,761,2065,744,1583,2809,5490
979,761,2990,824,1753,3814,5490
055,761,3174,853,1814,4027,5490
455,761,1484,491,1044,1975,5490
612,761,1300,431,917,1731,5490
915,761,1806,665,1415,2471,5490
255,761,1767,500,1063,2267,5490
865,761,1537,415,884,1952,5490
216,761,2522,672,1430,3194,5490
911,761,1774,659,1402,2433,5490
803,761,2032,420,893,2452,5490
651,761,970,288,613,1258,5490
278,761,1935,607,1292,2542,5490
520,761,1355,437,930,1792,5490
564,761,1762,530,1127,2292,5490
039,761,3132,875,1861,4007,5490
115,761,2720,757,1610,3477,5490
095,761,0,0,1583,0,5490
457,761,1769,542,1153,2311,5490
482,761,1706,578,1229,2284,5490
114,761,2686,753,1602,3439,5490
027,761,3142,839,1785,3981,5490
500,761,1261,349,743,1610,5490
567,761,2517,595,1267,3112,5490
084,761,2557,721,1535,3278,5490
231,761,2562,619,1318,3181,5490
142,761,2326,663,1411,2989,5490
750,761,333,23,47,356,5490
236,761,2659,648,1378,3307,5490
163,761,2162,623,1326,2785,5490
191,761,2527,705,1501,3232,5490
021,761,3165,846,1800,4011,5490
891,761,1862,607,1292,2469,5490
550,761,1458,461,981,1919,5490
776,761,779,168,358,947,5490
534,761,1493,494,1051,1987,5490
049,761,3409,934,1987,4343,5490
439,761,1863,576,1225,2439,5490
616,761,1650,407,867,2057,5490
048,761,3400,930,1979,4330,5490
190,761,2534,708,1507,3242,5490
129,761,2973,845,1798,3818,5490
672,761,668,167,356,835,5490
400,761,1200,413,878,1613,5490
538,761,1427,469,998,1896,5490
974,761,3670,1047,2227,4717,5490
239,761,1939,618,1315,2557,5490
882,761,1086,200,425,1286,5490
316,761,1659,452,961,2111,5490
365,761,1205,298,633,1503,5490
554,761,1459,462,983,1921,5490
165,761,2149,619,1318,2768,5490
557,761,1859,546,1161,2405,5490
050,761,2999,850,1808,3849,5490
900,761,1788,664,1412,2452,5490
423,761,1228,384,817,1612,5490
541,761,1713,564,1201,2277,5490
840,761,2538,654,1392,3192,5490
671,761,680,170,362,850,5490
743,761,739,174,371,913,5490
177,761,2361,688,1463,3049,5490
193,761,2629,700,1489,3329,5490
432,761,1592,506,1077,2098,5490
078,761,2627,735,1563,3362,5490
894,761,3114,886,1885,4000,5490
388,761,1139,280,595,1419,5490
782,761,539,125,267,664,5490
798,761,1095,257,546,1352,5490
838,761,3378,894,1902,4272,5490
288,761,1434,465,989,1899,5490
544,761,1704,540,1149,2244,5490
490,761,1588,520,1107,2108,5490
424,761,1153,360,765,1513,5490
321,761,2122,517,1101,2639,5490
980,761,3832,1028,2188,4860,5490
977,761,3577,1011,2152,4588,5490
347,761,2245,556,1183,2801,5490
071,761,2644,742,1578,3386,5490
277,761,1773,564,1199,2337,5490
128,761,2897,803,1709,3700,5490
758,761,514,79,162,593,5490
970,761,3677,996,2120,4673,5490
737,761,681,143,305,824,5490
927,761,1775,660,1404,2435,5490
042,761,3224,913,1943,4137,5490
202,761,2439,642,1367,3081,5490
209,761,2447,643,1368,3090,5490
619,761,1602,391,832,1993,5490
307,761,1236,395,841,1631,5490
146,761,2410,695,1478,3105,5490
856,761,1567,425,904,1992,5490
935,761,1845,680,1447,2525,5490
744,761,689,155,329,844,5490
985,761,3891,1049,2231,4940,5490
339,761,2466,589,1254,3055,5490
282,761,1560,499,1062,2059,5490
722,761,636,163,346,799,5490
832,761,2581,681,1449,3262,5490
477,761,1205,378,805,1583,5490
596,761,3010,760,1618,3770,5490
712,761,618,152,323,770,5490
456,761,1475,502,1068,1977,5490
337,761,2209,545,1160,2754,5490
130,761,2490,729,1552,3219,5490
508,761,1248,319,679,1567,5490
212,761,2497,658,1400,3155,5490
791,761,899,159,339,1058,5490
220,761,2406,634,1348,3040,5490
504,761,1417,400,851,1817,5490
982,761,3922,1053,2241,4975,5490
309,761,1552,451,959,2003,5490
683,761,987,286,609,1273,5490
267,761,2275,613,1304,2888,5490
547,761,1557,498,1060,2055,5490
647,761,839,235,499,1074,5490
664,761,845,238,506,1083,5490
013,761,3053,831,1769,3884,5490
953,761,2313,812,1727,3125,5490
542,761,1704,556,1182,2260,5490
957,761,2506,846,1800,3352,5490
324,761,1375,371,789,1746,5490
917,761,1745,650,1382,2395,5490
615,761,1644,406,864,2050,5490
760,761,259,5,11,264,5490
778,761,590,107,219,697,5490
259,761,1879,532,1132,2411,5490
607,761,1399,468,996,1867,5490
768,761,589,88,179,677,5490
106,761,2721,758,1612,3479,5490
060,761,2959,801,1705,3760,5490
148,761,2471,733,1560,3204,5490
485,761,1718,582,1238,2300,5490
811,761,1974,424,903,2398,5490
389,761,849,253,538,1102,5490
602,761,1413,472,1005,1885,5490
904,761,1813,668,1422,2481,5490
463,761,1417,472,1005,1889,5490
546,761,1433,480,1021,1913,5490
885,761,984,282,599,1266,5490
125,761,2837,771,1640,3608,5490
091,761,0,0,1583,0,5490
033,761,3104,871,1854,3975,5490
488,761,1719,561,1193,2280,5490
053,761,3034,829,1764,3863,5490
881,761,1084,200,425,1284,5490
516,761,1244,317,674,1561,5490
297,761,1706,502,1068,2208,5490
211,761,2482,653,1390,3135,5490
454,761,1443,478,1017,1921,5490
139,761,2511,747,1590,3258,5490
603,761,1386,464,988,1850,5490
363,761,1167,380,809,1547,5490
530,761,1426,516,1098,1942,5490
685,761,1017,297,631,1314,5490
358,761,1236,361,768,1597,5490
263,761,2093,576,1225,2669,5490
635,761,1038,332,706,1370,5490
162,761,2182,621,1322,2803,5490
175,761,2571,682,1451,3253,5490
489,761,1698,555,1181,2253,5490
585,761,2721,609,1296,3330,5490
073,761,2652,744,1582,3396,5490
994,761,3443,947,2015,4390,5490
093,761,0,0,1583,0,5490
157,761,2242,621,1321,2863,5490
537,761,1380,496,1055,1876,5490
491,761,1471,496,1055,1967,5490
828,761,2604,588,1250,3192,5490
219,761,2556,679,1445,3235,5490
314,761,1723,501,1065,2224,5490
966,761,0,0,1770,0,5490
922,761,1496,603,1283,2099,5490
820,761,2313,459,976,2772,5490
346,761,2170,532,1132,2702,5490
279,761,2647,648,1378,3295,5490
097,761,0,0,1583,0,5490
902,761,1807,670,1426,2477,5490
617,761,1648,406,863,2054,5490
808,761,1906,394,838,2300,5490
302,761,1278,389,827,1667,5490
821,761,2856,682,1452,3538,5490
355,761,1075,311,661,1386,5490
334,761,2579,617,1312,3196,5490
480,761,1733,588,1251,2321,5490
280,761,1564,501,1066,2065,5490
784,761,772,192,408,964,5490
745,761,637,96,196,733,5490
809,761,1954,402,856,2356,5490
100,761,2665,747,1590,3412,5490
605,761,1372,460,978,1832,5490
069,761,2779,764,1626,3543,5490
090,761,0,0,1583,0,5490
831,761,2533,644,1370,3177,5490
445,761,2025,590,1256,2615,5490
470,761,1373,454,966,1827,5490
648,761,698,197,419,895,5490
373,761,1231,395,841,1626,5490
025,761,3200,862,1834,4062,5490
637,761,913,304,646,1217,5490
024,761,3156,843,1793,3999,5490
566,761,1903,572,1217,2475,5490
230,761,2546,614,1307,3160,5490
102,761,2660,746,1587,3406,5490
304,761,1647,471,1002,2118,5490
727,761,687,191,407,878,5490
510,761,1372,392,834,1764,5490
539,761,1432,513,1092,1945,5490
402,761,1277,407,865,1684,5490
951,761,2355,819,1742,3174,5490
252,761,1845,530,1127,2375,5490
511,761,1341,380,808,1721,5490
207,761,2458,648,1378,3106,5490
690,761,1173,326,693,1499,5490
656,761,776,230,490,1006,5490
483,761,1727,586,1246,2313,5490
101,761,2667,748,1591,3415,5490
628,761,1037,343,730,1380,5490
338,761,2240,553,1177,2793,5490
767,761,407,44,89,451,5490
064,761,2906,786,1673,3692,5490
636,761,1088,328,697,1416,5490
598,761,3181,818,1741,3999,5490
156,761,2204,600,1277,2804,5490
452,761,1305,457,972,1762,5490
650,761,946,279,594,1225,5490
574,761,1762,518,1102,2280,5490
268,761,2284,613,1305,2897,5490
584,761,2532,567,1206,3099,5490
405,761,1232,426,907,1658,5490
505,761,1440,402,856,1842,5490
459,761,1379,457,972,1836,5490
291,761,1663,492,1046,2155,5490
222,761,2434,642,1365,3076,5490
214,761,2490,658,1399,3148,5490
171,761,2518,666,1416,3184,5490
425,761,1256,408,868,1664,5490
336,761,2178,534,1136,2712,5490
232,761,2556,615,1309,3171,5490
594,761,3017,760,1616,3777,5490
256,761,1831,514,1094,2345,5490
661,761,902,254,540,1156,5490
453,761,1459,485,1031,1944,5490
333,761,2631,633,1346,3264,5490
160,761,2090,606,1290,2696,5490
096,761,0,0,1583,0,5490
711,761,655,107,219,762,5490
357,761,1263,368,784,1631,5490
691,761,1436,365,776,1801,5490
526,761,1302,430,914,1732,5490
786,761,541,91,186,632,5490
038,761,3129,878,1869,4007,5490
270,761,1669,533,1133,2202,5490
946,761,2613,833,1772,3446,5490
686,761,1140,338,719,1478,5490
258,761,1872,529,1125,2401,5490
462,761,1335,439,934,1774,5490
041,761,3175,894,1902,4069,5490
971,761,3734,1014,2158,4748,5490
088,761,2611,731,1555,3342,5490
056,761,3032,861,1832,3893,5490
315,761,1742,482,1026,2224,5490
880,761,915,308,656,1223,5490
020,761,3161,844,1796,4005,5490
075,761,2667,747,1590,3414,5490
620,761,1114,343,729,1457,5490
864,761,1772,567,1206,2339,5490
829,761,2343,592,1259,2935,5490
409,761,1378,448,954,1826,5490
420,761,937,313,665,1250,5490
658,761,766,227,482,993,5490
199,761,2570,690,1468,3260,5490
793,761,911,156,331,1067,5490
200,761,2440,642,1367,3082,5490
398,761,1513,411,874,1924,5490
752,761,306,18,36,324,5490
850,761,1534,489,1040,2023,5490
467,761,1506,500,1064,2006,5490
375,761,763,231,491,994,5490
521,761,1359,441,938,1800,5490
918,761,1769,658,1401,2427,5490
774,761,693,143,305,836,5490
989,761,3567,969,2062,4536,5490
689,761,1018,289,614,1307,5490
473,761,1410,469,997,1879,5490
509,761,1250,345,735,1595,5490
919,761,1550,623,1325,2173,5490
785,761,993,250,532,1243,5490
503,761,1249,345,734,1594,5490
506,761,1271,408,869,1679,5490
622,761,1111,337,718,1448,5490
014,761,3131,840,1787,3971,5490
383,761,876,277,589,1153,5490
851,761,1498,476,1013,1974,5490
472,761,1331,437,930,1768,5490
801,761,2004,413,879,2417,5490
933,761,1952,711,1513,2663,5490
726,761,769,226,481,995,5490
753,761,307,18,36,325,5490
376,761,1431,458,975,1889,5490
166,761,2318,635,1351,2953,5490
127,761,2697,753,1603,3450,5490
754,761,467,51,105,518,5490
180,761,2518,704,1497,3222,5490
641,761,909,257,546,1166,5490
992,761,3386,905,1925,4291,5490
599,761,3338,874,1860,4212,5490
847,761,2190,677,1440,2867,5490
943,761,2569,827,1759,3396,5490
804,761,2047,426,906,2473,5490
826,761,2630,521,1108,3151,5490
438,761,1715,543,1156,2258,5490
830,761,2699,655,1394,3354,5490
577,761,2474,518,1102,2992,5490
815,761,2258,525,1116,2783,5490
058,761,3101,883,1878,3984,5490
341,761,2534,605,1288,3139,5490
408,761,1454,477,1014,1931,5490
265,761,2161,587,1248,2748,5490
870,761,1468,306,651,1774,5490
555,761,1618,470,999,2088,5490
159,761,2286,623,1325,2909,5490
303,761,1273,385,820,1658,5490
495,761,1626,537,1143,2163,5490
777,761,744,158,337,902,5490
522,761,1257,404,859,1661,5490
788,761,747,182,388,929,5490
300,761,1297,393,836,1690,5490
185,761,2470,719,1530,3189,5490
244,761,2044,561,1194,2605,5490
729,761,686,180,384,866,5490
833,761,2704,739,1573,3443,5490
852,761,1528,487,1036,2015,5490
012,761,2985,810,1723,3795,5490
143,761,2340,672,1430,3012,5490
590,761,2877,672,1429,3549,5490
010,761,3008,815,1734,3823,5490
492,761,1653,542,1153,2195,5490
475,761,1250,395,840,1645,5490
593,761,3342,705,1500,4047,5490
085,761,2593,723,1539,3316,5490
575,761,2004,464,987,2468,5490
984,761,3865,1039,2211,4904,5490
460,761,1358,452,961,1810,5490
859,761,1434,465,989,1899,5490
119,761,2882,784,1669,3666,5490
735,761,602,86,176,688,5490
295,761,1833,536,1140,2369,5490
669,761,911,238,506,1149,5490
430,461,649,98,200,747,5581
430,461,649,98,200,747,5083
122,461,1778,371,789,2149,5581
122,461,1778,371,789,2149,5083
610,461,723,140,298,863,5581
610,461,723,140,298,863,5083
506,461,1014,216,460,1230,5581
506,461,1014,216,460,1230,5083
468,461,528,66,135,594,5581
468,461,528,66,135,594,5083
266,461,1098,195,415,1293,5581
266,461,1098,195,415,1293,5083
810,461,2661,541,1151,3202,5581
810,461,2661,541,1151,3202,5083
085,461,1755,321,683,2076,5581
085,461,1755,321,683,2076,5083
521,461,1059,231,492,1290,5581
521,461,1059,231,492,1290,5083
655,461,907,177,377,1084,5581
655,461,907,177,377,1084,5083
441,461,827,151,322,978,5581
441,461,827,151,322,978,5083
712,461,1443,357,760,1800,5581
712,461,1443,357,760,1800,5083
999,461,0,0,2864,0,5581
999,461,0,0,2864,0,5083
465,461,575,78,159,653,5581
465,461,575,78,159,653,5083
402,461,475,56,115,531,5581
402,461,475,56,115,531,5083
371,461,892,142,303,1034,5581
371,461,892,142,303,1034,5083
572,461,1568,394,839,1962,5581
572,461,1568,394,839,1962,5083
108,461,1875,352,750,2227,5581
108,461,1875,352,750,2227,5083
352,461,1024,223,475,1247,5581
352,461,1024,223,475,1247,5083
537,461,767,159,339,926,5581
537,461,767,159,339,926,5083
773,461,1909,517,1100,2426,5581
773,461,1909,517,1100,2426,5083
321,461,2299,446,948,2745,5581
321,461,2299,446,948,2745,5083
949,461,3653,1068,2273,4721,5581
949,461,3653,1068,2273,4721,5083
443,461,825,144,307,969,5581
443,461,825,144,307,969,5083
362,461,1083,246,524,1329,5581
362,461,1083,246,524,1329,5083
641,461,1058,227,482,1285,5581
641,461,1058,227,482,1285,5083
205,461,1489,279,593,1768,5581
205,461,1489,279,593,1768,5083
777,461,1823,484,1030,2307,5581
777,461,1823,484,1030,2307,5083
661,461,1072,231,491,1303,5581
661,461,1072,231,491,1303,5083
325,461,1535,340,723,1875,5581
325,461,1535,340,723,1875,5083
939,461,3267,1079,2295,4346,5581
939,461,3267,1079,2295,4346,5083
948,461,3643,1065,2266,4708,5581
948,461,3643,1065,2266,4708,5083
457,461,829,133,283,962,5581
457,461,829,133,283,962,5083
173,461,1451,262,557,1713,5581
173,461,1451,262,557,1713,5083
903,461,2912,979,2082,3891,5581
903,461,2912,979,2082,3891,5083
162,461,986,202,429,1188,5581
162,461,986,202,429,1188,5083
796,461,1940,511,1087,2451,5581
796,461,1940,511,1087,2451,5083
184,461,1623,317,674,1940,5581
184,461,1623,317,674,1940,5083
312,461,1379,289,614,1668,5581
312,461,1379,289,614,1668,5083
502,461,1018,228,486,1246,5581
502,461,1018,228,486,1246,5083
404,461,708,106,216,814,5581
404,461,708,106,216,814,5083
331,461,3144,574,1222,3718,5581
331,461,3144,574,1222,3718,5083
484,461,843,161,342,1004,5581
484,461,843,161,342,1004,5083
901,461,2897,975,2075,3872,5581
901,461,2897,975,2075,3872,5083
090,461,0,0,726,0,5581
090,461,0,0,726,0,5083
717,461,1387,325,692,1712,5581
717,461,1387,325,692,1712,5083
433,461,694,111,226,805,5581
433,461,694,111,226,805,5083
113,461,1851,348,741,2199,5581
113,461,1851,348,741,2199,5083
911,461,2880,968,2059,3848,5581
911,461,2880,968,2059,3848,5083
931,461,3060,1016,2161,4076,5581
931,461,3060,1016,2161,4076,5083
207,461,1500,282,599,1782,5581
207,461,1500,282,599,1782,5083
584,461,2009,441,938,2450,5581
584,461,2009,441,938,2450,5083
816,461,2850,583,1240,3433,5581
816,461,2850,583,1240,3433,5083
704,461,1561,375,797,1936,5581
704,461,1561,375,797,1936,5083
243,461,1147,227,483,1374,5581
243,461,1147,227,483,1374,5083
671,461,1552,324,690,1876,5581
671,461,1552,324,690,1876,5083
973,461,3965,1095,2330,5060,5581
973,461,3965,1095,2330,5060,5083
336,461,2361,462,983,2823,5581
336,461,2361,462,983,2823,5083
619,461,519,67,137,586,5581
619,461,519,67,137,586,5083
727,461,1316,277,589,1593,5581
727,461,1316,277,589,1593,5083
951,461,3318,1088,2315,4406,5581
951,461,3318,1088,2315,4406,5083
551,461,1137,278,592,1415,5581
551,461,1137,278,592,1415,5083
841,461,3064,725,1543,3789,5581
841,461,3064,725,1543,3789,5083
106,461,1887,353,751,2240,5581
106,461,1887,353,751,2240,5083
992,461,3647,923,1963,4570,5581
992,461,3647,923,1963,4570,5083
056,461,2240,439,933,2679,5581
056,461,2240,439,933,2679,5083
211,461,1496,277,590,1773,5581
211,461,1496,277,590,1773,5083
276,461,1378,309,657,1687,5581
276,461,1378,309,657,1687,5083
515,461,1366,281,598,1647,5581
515,461,1366,281,598,1647,5083
436,461,740,123,262,863,5581
436,461,740,123,262,863,5083
933,461,3083,980,2085,4063,5581
933,461,3083,980,2085,4063,5083
504,461,1096,250,532,1346,5581
504,461,1096,250,532,1346,5083
145,461,1270,274,584,1544,5581
145,461,1270,274,584,1544,5083
545,461,1201,254,541,1455,5581
545,461,1201,254,541,1455,5083
620,461,690,118,240,808,5581
620,461,690,118,240,808,5083
890,461,3110,862,1834,3972,5581
890,461,3110,862,1834,3972,5083
080,461,1724,316,672,2040,5581
080,461,1724,316,672,2040,5083
535,461,765,157,334,922,5581
535,461,765,157,334,922,5083
391,461,1306,319,679,1625,5581
391,461,1306,319,679,1625,5083
346,461,2353,460,979,2813,5581
346,461,2353,460,979,2813,5083
059,461,2375,475,1011,2850,5581
059,461,2375,475,1011,2850,5083
314,461,1510,361,768,1871,5581
314,461,1510,361,768,1871,5083
120,461,1732,355,756,2087,5581
120,461,1732,355,756,2087,5083
285,461,1616,360,767,1976,5581
285,461,1616,360,767,1976,5083
344,461,2239,426,907,2665,5581
344,461,2239,426,907,2665,5083
563,461,1299,325,692,1624,5581
563,461,1299,325,692,1624,5083
035,461,2349,467,994,2816,5581
035,461,2349,467,994,2816,5083
075,461,1829,343,729,2172,5581
075,461,1829,343,729,2172,5083
045,461,2395,514,1093,2909,5581
045,461,2395,514,1093,2909,5083
915,461,2912,974,2072,3886,5581
915,461,2912,974,2072,3886,5083
299,461,1444,345,733,1789,5581
299,461,1444,345,733,1789,5083
597,461,3189,757,1611,3946,5581
597,461,3189,757,1611,3946,5083
760,461,1754,444,945,2198,5581
760,461,1754,444,945,2198,5083
438,461,756,126,269,882,5581
438,461,756,126,269,882,5083
792,461,1713,450,958,2163,5581
792,461,1713,450,958,2163,5083
191,461,1694,306,652,2000,5581
191,461,1694,306,652,2000,5083
217,461,1431,258,550,1689,5581
217,461,1431,258,550,1689,5083
254,461,1385,249,529,1634,5581
254,461,1385,249,529,1634,5083
379,461,900,165,352,1065,5581
379,461,900,165,352,1065,5083
199,461,1600,322,686,1922,5581
199,461,1600,322,686,1922,5083
496,461,1083,200,425,1283,5581
496,461,1083,200,425,1283,5083
705,461,1694,425,905,2119,5581
705,461,1694,425,905,2119,5083
761,461,1742,440,937,2182,5581
761,461,1742,440,937,2182,5083
800,461,2498,509,1082,3007,5581
800,461,2498,509,1082,3007,5083
947,461,3650,1068,2273,4718,5581
947,461,3650,1068,2273,4718,5083
326,461,2130,405,861,2535,5581
326,461,2130,405,861,2535,5083
601,461,652,108,220,760,5581
601,461,652,108,220,760,5083
685,461,1403,313,665,1716,5581
685,461,1403,313,665,1716,5083
181,461,1657,296,630,1953,5581
181,461,1657,296,630,1953,5083
539,461,824,176,375,1000,5581
539,461,824,176,375,1000,5083
148,461,1564,311,661,1875,5581
148,461,1564,311,661,1875,5083
172,461,1344,238,506,1582,5581
172,461,1344,238,506,1582,5083
258,461,1060,188,399,1248,5581
258,461,1060,188,399,1248,5083
838,461,3639,912,1940,4551,5581
838,461,3639,912,1940,4551,5083
409,461,818,135,288,953,5581
409,461,818,135,288,953,5083
508,461,1298,265,563,1563,5581
508,461,1298,265,563,1563,5083
340,461,0,0,1229,0,5581
340,461,0,0,1229,0,5083
109,461,1869,347,738,2216,5581
109,461,1869,347,738,2216,5083
753,461,1703,426,907,2129,5581
753,461,1703,426,907,2129,5083
737,461,1403,358,761,1761,5581
737,461,1403,358,761,1761,5083
501,461,992,219,466,1211,5581
501,461,992,219,466,1211,5083
472,461,339,26,54,365,5581
472,461,339,26,54,365,5083
132,461,1585,307,653,1892,5581
132,461,1585,307,653,1892,5083
566,461,1788,393,836,2181,5581
566,461,1788,393,836,2181,5083
287,461,1058,217,462,1275,5581
287,461,1058,217,462,1275,5083
121,461,1782,376,799,2158,5581
121,461,1782,376,799,2158,5083
288,461,1068,219,465,1287,5581
288,461,1068,219,465,1287,5083
462,461,256,7,14,263,5581
462,461,256,7,14,263,5083
703,461,1654,407,866,2061,5581
703,461,1654,407,866,2061,5083
616,461,656,107,218,763,5581
616,461,656,107,218,763,5083
224,461,1573,305,649,1878,5581
224,461,1573,305,649,1878,5083
013,461,1937,418,890,2355,5581
013,461,1937,418,890,2355,5083
835,461,3759,966,2055,4725,5581
835,461,3759,966,2055,4725,5083
993,461,3731,987,2099,4718,5581
993,461,3731,987,2099,4718,5083
815,461,2932,625,1329,3557,5581
815,461,2932,625,1329,3557,5083
850,461,2903,818,1740,3721,5581
850,461,2903,818,1740,3721,5083
749,461,1366,318,677,1684,5581
749,461,1366,318,677,1684,5083
590,461,3137,689,1467,3826,5581
590,461,3137,689,1467,3826,5083
479,461,384,38,77,422,5581
479,461,384,38,77,422,5083
187,461,1556,300,639,1856,5581
187,461,1556,300,639,1856,5083
171,461,1447,260,554,1707,5581
171,461,1447,260,554,1707,5083
856,461,2628,788,1677,3416,5581
856,461,2628,788,1677,3416,5083
291,461,1295,297,632,1592,5581
291,461,1295,297,632,1592,5083
298,461,1319,304,647,1623,5581
298,461,1319,304,647,1623,5083
292,461,1275,290,616,1565,5581
292,461,1275,290,616,1565,5083
583,461,2150,482,1026,2632,5581
583,461,2150,482,1026,2632,5083
337,461,2397,473,1007,2870,5581
337,461,2397,473,1007,2870,5083
483,461,832,157,334,989,5581
483,461,832,157,334,989,5083
066,461,1772,371,789,2143,5581
066,461,1772,371,789,2143,5083
297,461,1281,287,611,1568,5581
297,461,1281,287,611,1568,5083
141,461,1211,243,517,1454,5581
141,461,1211,243,517,1454,5083
725,461,1266,266,566,1532,5581
725,461,1266,266,566,1532,5083
630,461,760,126,268,886,5581
630,461,760,126,268,886,5083
553,461,1186,292,622,1478,5581
553,461,1186,292,622,1478,5083
736,461,1519,397,844,1916,5581
736,461,1519,397,844,1916,5083
416,461,885,143,304,1028,5581
416,461,885,143,304,1028,5083
492,461,736,114,232,850,5581
492,461,736,114,232,850,5083
692,461,1991,423,899,2414,5581
692,461,1991,423,899,2414,5083
369,461,1484,292,621,1776,5581
369,461,1484,292,621,1776,5083
232,461,1555,309,657,1864,5581
232,461,1555,309,657,1864,5083
180,461,1665,298,635,1963,5581
180,461,1665,298,635,1963,5083
235,461,1675,350,745,2025,5581
235,461,1675,350,745,2025,5083
082,461,1772,337,718,2109,5581
082,461,1772,337,718,2109,5083
111,461,1842,346,737,2188,5581
111,461,1842,346,737,2188,5083
480,461,844,162,345,1006,5581
480,461,844,162,345,1006,5083
714,461,1640,417,888,2057,5581
714,461,1640,417,888,2057,5083
930,461,2994,997,2121,3991,5581
930,461,2994,997,2121,3991,5083
531,461,674,129,275,803,5581
531,461,674,129,275,803,5083
961,461,3401,990,2106,4391,5581
961,461,3401,990,2106,4391,5083
456,461,738,114,232,852,5581
456,461,738,114,232,852,5083
203,461,1493,280,596,1773,5581
203,461,1493,280,596,1773,5083
870,461,2763,609,1296,3372,5581
870,461,2763,609,1296,3372,5083
317,461,1680,335,712,2015,5581
317,461,1680,335,712,2015,5083
544,461,1057,220,468,1277,5581
544,461,1057,220,468,1277,5083
567,461,1859,431,917,2290,5581
567,461,1859,431,917,2290,5083
052,461,1852,392,833,2244,5581
052,461,1852,392,833,2244,5083
058,461,2317,460,979,2777,5581
058,461,2317,460,979,2777,5083
570,461,1515,359,763,1874,5581
570,461,1515,359,763,1874,5083
415,461,944,155,329,1099,5581
415,461,944,155,329,1099,5083
458,461,592,93,189,685,5581
458,461,592,93,189,685,5083
676,461,1608,362,771,1970,5581
676,461,1608,362,771,1970,5083
748,461,1636,343,730,1979,5581
748,461,1636,343,730,1979,5083
294,461,1405,332,706,1737,5581
294,461,1405,332,706,1737,5083
324,461,1674,346,737,2020,5581
324,461,1674,346,737,2020,5083
200,461,1491,279,594,1770,5581
200,461,1491,279,594,1770,5083
241,461,1195,254,540,1449,5581
241,461,1195,254,540,1449,5083
216,461,1548,302,643,1850,5581
216,461,1548,302,643,1850,5083
626,461,673,115,234,788,5581
626,461,673,115,234,788,5083
558,461,1525,311,661,1836,5581
558,461,1525,311,661,1836,5083
787,461,1895,515,1095,2410,5581
787,461,1895,515,1095,2410,5083
028,461,2222,422,897,2644,5581
028,461,2222,422,897,2644,5083
658,461,1086,216,459,1302,5581
658,461,1086,216,459,1302,5083
239,461,1479,342,728,1821,5581
239,461,1479,342,728,1821,5083
076,461,1849,347,739,2196,5581
076,461,1849,347,739,2196,5083
768,461,1972,523,1113,2495,5581
768,461,1972,523,1113,2495,5083
356,461,949,196,417,1145,5581
356,461,949,196,417,1145,5083
020,461,2290,441,938,2731,5581
020,461,2290,441,938,2731,5083
778,461,1818,509,1083,2327,5581
778,461,1818,509,1083,2327,5083
934,461,3306,1048,2229,4354,5581
934,461,3306,1048,2229,4354,5083
265,461,1108,185,393,1293,5581
265,461,1108,185,393,1293,5083
253,461,940,149,318,1089,5581
253,461,940,149,318,1089,5083
130,461,1582,307,653,1889,5581
130,461,1582,307,653,1889,5083
231,461,1561,313,667,1874,5581
231,461,1561,313,667,1874,5083
613,461,686,118,240,804,5581
613,461,686,118,240,804,5083
012,461,1861,391,831,2252,5581
012,461,1861,391,831,2252,5083
437,461,757,119,254,876,5581
437,461,757,119,254,876,5083
564,461,1618,349,742,1967,5581
564,461,1618,349,742,1967,5083
226,461,1379,257,547,1636,5581
226,461,1379,257,547,1636,5083
039,461,2406,471,1003,2877,5581
039,461,2406,471,1003,2877,5083
262,461,1124,200,426,1324,5581
262,461,1124,200,426,1324,5083
283,461,1397,320,681,1717,5581
283,461,1397,320,681,1717,5083
759,461,1675,433,922,2108,5581
759,461,1675,433,922,2108,5083
154,461,1120,179,381,1299,5581
154,461,1120,179,381,1299,5083
912,461,2898,971,2067,3869,5581
912,461,2898,971,2067,3869,5083
016,461,2234,425,905,2659,5581
016,461,2234,425,905,2659,5083
647,461,1160,251,533,1411,5581
647,461,1160,251,533,1411,5083
412,461,887,142,302,1029,5581
412,461,887,142,302,1029,5083
955,461,3894,1135,2415,5029,5581
955,461,3894,1135,2415,5029,5083
229,461,1395,273,581,1668,5581
229,461,1395,273,581,1668,5083
079,461,1769,326,694,2095,5581
079,461,1769,326,694,2095,5083
417,461,840,138,294,978,5581
417,461,840,138,294,978,5083
473,461,357,37,76,394,5581
473,461,357,37,76,394,5083
259,461,1080,196,416,1276,5581
259,461,1080,196,416,1276,5083
467,461,545,70,143,615,5581
467,461,545,70,143,615,5083
274,461,1243,274,582,1517,5581
274,461,1243,274,582,1517,5083
907,461,2905,978,2080,3883,5581
907,461,2905,978,2080,3883,5083
514,461,1176,272,579,1448,5581
514,461,1176,272,579,1448,5083
913,461,2935,982,2090,3917,5581
913,461,2935,982,2090,3917,5083
179,461,1518,283,602,1801,5581
179,461,1518,283,602,1801,5083
991,461,3736,954,2030,4690,5581
991,461,3736,954,2030,4690,5083
864,461,3029,831,1769,3860,5581
864,461,3029,831,1769,3860,5083
055,461,2302,449,955,2751,5581
055,461,2302,449,955,2751,5083
396,461,1469,351,746,1820,5581
396,461,1469,351,746,1820,5083
853,461,2953,833,1773,3786,5581
853,461,2953,833,1773,3786,5083
342,461,2457,487,1037,2944,5581
342,461,2457,487,1037,2944,5083
021,461,2294,443,942,2737,5581
021,461,2294,443,942,2737,5083
946,461,3653,1071,2278,4724,5581
946,461,3653,1071,2278,4724,5083
905,461,2913,979,2084,3892,5581
905,461,2913,979,2084,3892,5083
516,461,1396,292,622,1688,5581
516,461,1396,292,622,1688,5083
125,461,1753,362,771,2115,5581
125,461,1753,362,771,2115,5083
711,461,1536,374,795,1910,5581
711,461,1536,374,795,1910,5083
622,461,687,118,241,805,5581
622,461,687,118,241,805,5083
922,461,2718,934,1988,3652,5581
922,461,2718,934,1988,3652,5083
762,461,1708,423,899,2131,5581
762,461,1708,423,899,2131,5083
083,461,1730,323,688,2053,5581
083,461,1730,323,688,2053,5083
923,461,2753,943,2006,3696,5581
923,461,2753,943,2006,3696,5083
986,461,3906,1072,2281,4978,5581
986,461,3906,1072,2281,4978,5083
803,461,2532,520,1106,3052,5581
803,461,2532,520,1106,3052,5083
900,461,2902,975,2075,3877,5581
900,461,2902,975,2075,3877,5083
726,461,1235,254,541,1489,5581
726,461,1235,254,541,1489,5083
895,461,3353,970,2063,4323,5581
895,461,3353,970,2063,4323,5083
733,461,1896,514,1094,2410,5581
733,461,1896,514,1094,2410,5083
286,461,1191,258,549,1449,5581
286,461,1191,258,549,1449,5083
423,461,598,88,179,686,5581
423,461,598,88,179,686,5083
448,461,765,129,275,894,5581
448,461,765,129,275,894,5083
550,461,1137,278,591,1415,5581
550,461,1137,278,591,1415,5083
811,461,2886,603,1284,3489,5581
811,461,2886,603,1284,3489,5083
540,461,1109,267,569,1376,5581
540,461,1109,267,569,1376,5083
341,461,2972,533,1135,3505,5581
341,461,2972,533,1135,3505,5083
164,461,929,198,421,1127,5581
164,461,929,198,421,1127,5083
505,461,1186,276,587,1462,5581
505,461,1186,276,587,1462,5083
746,461,1625,344,731,1969,5581
746,461,1625,344,731,1969,5083
357,461,952,191,407,1143,5581
357,461,952,191,407,1143,5083
666,461,1292,257,547,1549,5581
666,461,1292,257,547,1549,5083
153,461,1028,162,345,1190,5581
153,461,1028,162,345,1190,5083
077,461,1811,338,720,2149,5581
077,461,1811,338,720,2149,5083
320,461,2035,399,849,2434,5581
320,461,2035,399,849,2434,5083
260,461,907,153,326,1060,5581
260,461,907,153,326,1060,5083
128,461,2081,381,810,2462,5581
128,461,2081,381,810,2462,5083
743,461,1363,273,580,1636,5581
743,461,1363,273,580,1636,5083
806,461,2530,523,1113,3053,5581
806,461,2530,523,1113,3053,5083
586,461,2329,532,1131,2861,5581
586,461,2329,532,1131,2861,5083
025,461,2332,459,976,2791,5581
025,461,2332,459,976,2791,5083
281,461,1274,293,623,1567,5581
281,461,1274,293,623,1567,5083
370,461,920,151,322,1071,5581
370,461,920,151,322,1071,5083
215,461,1225,214,456,1439,5581
215,461,1225,214,456,1439,5083
310,461,1421,298,635,1719,5581
310,461,1421,298,635,1719,5083
828,461,2929,628,1337,3557,5581
828,461,2929,628,1337,3557,5083
222,461,1487,279,593,1766,5581
222,461,1487,279,593,1766,5083
050,461,2201,427,909,2628,5581
050,461,2201,427,909,2628,5083
159,461,1184,206,439,1390,5581
159,461,1184,206,439,1390,5083
943,461,3676,1087,2312,4763,5581
943,461,3676,1087,2312,4763,5083
754,461,1620,397,845,2017,5581
754,461,1620,397,845,2017,5083
367,461,1248,266,566,1514,5581
367,461,1248,266,566,1514,5083
089,461,1773,328,697,2101,5581
089,461,1773,328,697,2101,5083
048,461,2436,527,1121,2963,5581
048,461,2436,527,1121,2963,5083
845,461,2933,671,1428,3604,5581
845,461,2933,671,1428,3604,5083
881,461,2197,521,1109,2718,5581
881,461,2197,521,1109,2718,5083
071,461,1805,337,717,2142,5581
071,461,1805,337,717,2142,5083
942,461,3183,1031,2194,4214,5581
942,461,3183,1031,2194,4214,5083
649,461,1060,227,483,1287,5581
649,461,1060,227,483,1287,5083
677,461,1766,402,855,2168,5581
677,461,1766,402,855,2168,5083
360,461,1175,272,578,1447,5581
360,461,1175,272,578,1447,5083
275,461,1353,298,635,1651,5581
275,461,1353,298,635,1651,5083
527,461,804,151,322,955,5581
527,461,804,151,322,955,5083
918,461,2882,970,2063,3852,5581
918,461,2882,970,2063,3852,5083
315,461,1801,367,781,2168,5581
315,461,1801,367,781,2168,5083
708,461,1617,395,840,2012,5581
708,461,1617,395,840,2012,5083
183,461,1738,316,673,2054,5581
183,461,1738,316,673,2054,5083
829,461,2750,661,1406,3411,5581
829,461,2750,661,1406,3411,5083
882,461,2385,585,1245,2970,5581
882,461,2385,585,1245,2970,5083
313,461,1551,372,791,1923,5581
313,461,1551,372,791,1923,5083
557,461,1623,335,713,1958,5581
557,461,1623,335,713,1958,5083
863,461,2830,787,1675,3617,5581
863,461,2830,787,1675,3617,5083
799,461,2256,673,1431,2929,5581
799,461,2256,673,1431,2929,5083
161,461,860,176,375,1036,5581
161,461,860,176,375,1036,5083
981,461,3909,1055,2244,4964,5581
981,461,3909,1055,2244,4964,5083
223,461,1493,282,601,1775,5581
223,461,1493,282,601,1775,5083
678,461,1868,404,860,2272,5581
678,461,1868,404,860,2272,5083
377,461,905,168,357,1073,5581
377,461,905,168,357,1073,5083
603,461,613,98,201,711,5581
603,461,613,98,201,711,5083
308,461,1356,310,659,1666,5581
308,461,1356,310,659,1666,5083
339,461,2891,517,1101,3408,5581
339,461,2891,517,1101,3408,5083
785,461,2220,676,1438,2896,5581
785,461,2220,676,1438,2896,5083
074,461,1815,337,717,2152,5581
074,461,1815,337,717,2152,5083
330,461,3132,571,1215,3703,5581
330,461,3132,571,1215,3703,5083
716,461,1280,310,660,1590,5581
716,461,1280,310,660,1590,5083
530,461,727,147,313,874,5581
530,461,727,147,313,874,5083
565,461,1587,383,815,1970,5581
565,461,1587,383,815,1970,5083
805,461,2562,531,1129,3093,5581
805,461,2562,531,1129,3093,5083
830,461,3107,724,1541,3831,5581
830,461,3107,724,1541,3831,5083
542,461,901,187,397,1088,5581
542,461,901,187,397,1088,5083
019,461,2312,452,961,2764,5581
019,461,2312,452,961,2764,5083
268,461,1333,244,519,1577,5581
268,461,1333,244,519,1577,5083
994,461,3705,965,2053,4670,5581
994,461,3705,965,2053,4670,5083
087,461,1812,337,718,2149,5581
087,461,1812,337,718,2149,5083
177,461,1453,267,568,1720,5581
177,461,1453,267,568,1720,5083
119,461,1809,382,813,2191,5581
119,461,1809,382,813,2191,5083
408,461,886,158,336,1044,5581
408,461,886,158,336,1044,5083
063,461,2141,404,860,2545,5581
063,461,2141,404,860,2545,5083
014,461,2259,437,929,2696,5581
014,461,2259,437,929,2696,5083
990,461,3653,925,1969,4578,5581
990,461,3653,925,1969,4578,5083
114,461,1858,351,746,2209,5581
114,461,1858,351,746,2209,5083
822,461,2601,540,1148,3141,5581
822,461,2601,540,1148,3141,5083
399,461,1228,246,524,1474,5581
399,461,1228,246,524,1474,5083
143,461,1209,250,531,1459,5581
143,461,1209,250,531,1459,5083
237,461,1682,352,750,2034,5581
237,461,1682,352,750,2034,5083
464,461,529,76,156,605,5581
464,461,529,76,156,605,5083
503,461,1009,225,479,1234,5581
503,461,1009,225,479,1234,5083
073,461,1820,341,726,2161,5581
073,461,1820,341,726,2161,5083
522,461,907,180,383,1087,5581
522,461,907,180,383,1087,5083
831,461,2941,713,1517,3654,5581
831,461,2941,713,1517,3654,5083
351,461,1045,230,490,1275,5581
351,461,1045,230,490,1275,5083
628,461,781,106,216,887,5581
628,461,781,106,216,887,5083
124,461,1754,372,791,2126,5581
124,461,1754,372,791,2126,5083
706,461,1756,448,954,2204,5581
706,461,1756,448,954,2204,5083
117,461,1958,364,774,2322,5581
117,461,1958,364,774,2322,5083
410,461,561,70,142,631,5581
410,461,561,70,142,631,5083
334,461,3028,545,1159,3573,5581
334,461,3028,545,1159,3573,5083
954,461,3694,1087,2312,4781,5581
954,461,3694,1087,2312,4781,5083
118,461,1917,358,761,2275,5581
118,461,1917,358,761,2275,5083
638,461,833,168,358,1001,5581
638,461,833,168,358,1001,5083
523,461,915,182,388,1097,5581
523,461,915,182,388,1097,5083
105,461,1907,354,754,2261,5581
105,461,1907,354,754,2261,5083
577,461,2482,524,1115,3006,5581
577,461,2482,524,1115,3006,5083
624,461,505,66,134,571,5581
624,461,505,66,134,571,5083
809,461,2596,502,1069,3098,5581
809,461,2596,502,1069,3098,5083
150,461,1029,178,379,1207,5581
150,461,1029,178,379,1207,5083
233,461,1689,354,753,2043,5581
233,461,1689,354,753,2043,5083
755,461,1452,350,745,1802,5581
755,461,1452,350,745,1802,5083
826,461,2828,589,1254,3417,5581
826,461,2828,589,1254,3417,5083
871,461,2732,603,1283,3335,5581
871,461,2732,603,1283,3335,5083
354,461,1263,249,529,1512,5581
354,461,1263,249,529,1512,5083
418,461,888,150,320,1038,5581
418,461,888,150,320,1038,5083
824,461,3135,682,1451,3817,5581
824,461,3135,682,1451,3817,5083
405,461,643,90,184,733,5581
405,461,643,90,184,733,5083
984,461,3931,1062,2259,4993,5581
984,461,3931,1062,2259,4993,5083
040,461,2459,493,1048,2952,5581
040,461,2459,493,1048,2952,5083
623,461,803,141,301,944,5581
623,461,803,141,301,944,5083
985,461,3973,1077,2292,5050,5581
985,461,3973,1077,2292,5050,5083
525,461,1080,215,457,1295,5581
525,461,1080,215,457,1295,5083
917,461,2858,961,2044,3819,5581
917,461,2858,961,2044,3819,5083
880,461,2236,668,1421,2904,5581
880,461,2236,668,1421,2904,5083
249,461,1147,212,452,1359,5581
249,461,1147,212,452,1359,5083
070,461,1803,337,716,2140,5581
070,461,1803,337,716,2140,5083
945,461,3634,1066,2269,4700,5581
945,461,3634,1066,2269,4700,5083
481,461,793,143,304,936,5581
481,461,793,143,304,936,5083
548,461,1380,285,607,1665,5581
548,461,1380,285,607,1665,5083
477,461,579,84,171,663,5581
477,461,579,84,171,663,5083
491,461,602,85,174,687,5581
491,461,602,85,174,687,5083
426,461,779,126,269,905,5581
426,461,779,126,269,905,5083
595,461,3206,713,1517,3919,5581
595,461,3206,713,1517,3919,5083
608,461,587,92,187,679,5581
608,461,587,92,187,679,5083
201,461,1472,276,588,1748,5581
201,461,1472,276,588,1748,5083
383,461,930,188,401,1118,5581
383,461,930,188,401,1118,5083
657,461,1105,221,471,1326,5581
657,461,1105,221,471,1326,5083
734,461,1602,395,840,1997,5581
734,461,1602,395,840,1997,5083
662,461,1081,234,497,1315,5581
662,461,1081,234,497,1315,5083
690,461,1827,426,906,2253,5581
690,461,1827,426,906,2253,5083
843,461,3152,741,1577,3893,5581
843,461,3152,741,1577,3893,5083
421,461,594,106,217,700,5581
421,461,594,106,217,700,5083
906,461,2889,973,2070,3862,5581
906,461,2889,973,2070,3862,5083
471,461,475,56,114,531,5581
471,461,475,56,114,531,5083
576,461,2277,525,1117,2802,5581
576,461,2277,525,1117,2802,5083
043,461,2401,516,1097,2917,5581
043,461,2401,516,1097,2917,5083
149,461,1553,305,648,1858,5581
149,461,1553,305,648,1858,5083
646,461,1032,224,476,1256,5581
646,461,1032,224,476,1256,5083
575,461,1956,445,946,2401,5581
575,461,1956,445,946,2401,5083
813,461,3057,658,1399,3715,5581
813,461,3057,658,1399,3715,5083
197,461,1590,309,657,1899,5581
197,461,1590,309,657,1899,5083
264,461,1070,180,382,1250,5581
264,461,1070,180,382,1250,5083
406,461,594,78,160,672,5581
406,461,594,78,160,672,5083
836,461,3337,873,1857,4210,5581
836,461,3337,873,1857,4210,5083
178,461,1497,278,591,1775,5581
178,461,1497,278,591,1775,5083
206,461,1500,298,633,1798,5581
206,461,1500,298,633,1798,5083
664,461,1358,275,586,1633,5581
664,461,1358,275,586,1633,5083
487,461,899,177,376,1076,5581
487,461,899,177,376,1076,5083
966,461,0,0,2265,0,5581
966,461,0,0,2265,0,5083
469,461,381,43,87,424,5581
469,461,381,43,87,424,5083
718,461,1481,346,736,1827,5581
718,461,1481,346,736,1827,5083
186,461,1563,305,648,1868,5581
186,461,1563,305,648,1868,5083
381,461,974,222,472,1196,5581
381,461,974,222,472,1196,5083
160,461,912,190,404,1102,5581
160,461,912,190,404,1102,5083
293,461,1161,249,530,1410,5581
293,461,1161,249,530,1410,5083
874,461,3041,667,1419,3708,5581
874,461,3041,667,1419,3708,5083
602,461,622,100,205,722,5581
602,461,622,100,205,722,5083
189,461,1709,310,660,2019,5581
189,461,1709,310,660,2019,5083
263,461,1075,185,394,1260,5581
263,461,1075,185,394,1260,5083
037,461,2215,430,915,2645,5581
037,461,2215,430,915,2645,5083
240,461,1204,248,528,1452,5581
240,461,1204,248,528,1452,5083
581,461,1703,392,834,2095,5581
581,461,1703,392,834,2095,5083
329,461,2486,494,1052,2980,5581
329,461,2486,494,1052,2980,5083
386,461,1042,238,506,1280,5581
386,461,1042,238,506,1280,5083
131,461,1608,315,671,1923,5581
131,461,1608,315,671,1923,5083
562,461,1389,354,753,1743,5581
562,461,1389,354,753,1743,5083
752,461,1702,426,907,2128,5581
752,461,1702,426,907,2128,5083
165,461,948,197,419,1145,5581
165,461,948,197,419,1145,5083
176,461,1492,275,586,1767,5581
176,461,1492,275,586,1767,5083
196,461,1526,286,609,1812,5581
196,461,1526,286,609,1812,5083
982,461,3984,1075,2288,5059,5581
982,461,3984,1075,2288,5059,5083
378,461,916,172,365,1088,5581
378,461,916,172,365,1088,5083
927,461,2890,972,2068,3862,5581
927,461,2890,972,2068,3862,5083
432,461,622,91,186,713,5581
432,461,622,91,186,713,5083
852,461,2934,828,1762,3762,5581
852,461,2934,828,1762,3762,5083
158,461,1037,216,460,1253,5581
158,461,1037,216,460,1253,5083
155,461,1202,207,440,1409,5581
155,461,1202,207,440,1409,5083
054,461,2216,429,912,2645,5581
054,461,2216,429,912,2645,5083
010,461,1922,412,876,2334,5581
010,461,1922,412,876,2334,5083
096,461,0,0,726,0,5581
096,461,0,0,726,0,5083
069,461,1950,360,767,2310,5581
069,461,1950,360,767,2310,5083
660,461,1142,245,521,1387,5581
660,461,1142,245,521,1387,5083
434,461,744,124,264,868,5581
434,461,744,124,264,868,5083
964,461,0,0,2265,0,5581
964,461,0,0,2265,0,5083
091,461,0,0,726,0,5581
091,461,0,0,726,0,5083
407,461,769,124,263,893,5581
407,461,769,124,263,893,5083
461,461,246,3,7,249,5581
461,461,246,3,7,249,5083
652,461,952,173,368,1125,5581
652,461,952,173,368,1125,5083
411,461,880,118,252,998,5581
411,461,880,118,252,998,5083
769,461,2069,552,1174,2621,5581
769,461,2069,552,1174,2621,5083
710,461,1551,380,809,1931,5581
710,461,1551,380,809,1931,5083
094,461,0,0,726,0,5581
094,461,0,0,726,0,5083
532,461,690,135,287,825,5581
532,461,690,135,287,825,5083
889,461,3094,863,1836,3957,5581
889,461,3094,863,1836,3957,5083
588,461,2460,576,1225,3036,5581
588,461,2460,576,1225,3036,5083
092,461,0,0,726,0,5581
092,461,0,0,726,0,5083
751,461,1726,431,916,2157,5581
751,461,1726,431,916,2157,5083
373,461,1033,200,426,1233,5581
373,461,1033,200,426,1233,5083
123,461,1750,365,777,2115,5581
123,461,1750,365,777,2115,5083
214,461,1524,289,615,1813,5581
214,461,1524,289,615,1813,5083
559,461,1064,251,533,1315,5581
559,461,1064,251,533,1315,5083
219,461,1562,302,643,1864,5581
219,461,1562,302,643,1864,5083
364,461,1438,308,655,1746,5581
364,461,1438,308,655,1746,5083
950,461,3341,1097,2335,4438,5581
950,461,3341,1097,2335,4438,5083
246,461,1041,184,392,1225,5581
246,461,1041,184,392,1225,5083
512,461,1465,342,727,1807,5581
512,461,1465,342,727,1807,5083
741,461,1457,298,635,1755,5581
741,461,1457,298,635,1755,5083
893,461,3007,829,1763,3836,5581
893,461,3007,829,1763,3836,5083
720,461,1221,276,587,1497,5581
720,461,1221,276,587,1497,5083
193,461,1556,296,630,1852,5581
193,461,1556,296,630,1852,5083
060,461,1876,397,845,2273,5581
060,461,1876,397,845,2273,5083
250,461,968,157,334,1125,5581
250,461,968,157,334,1125,5083
112,461,1828,343,730,2171,5581
112,461,1828,343,730,2171,5083
163,461,958,201,427,1159,5581
163,461,958,201,427,1159,5083
251,461,941,148,314,1089,5581
251,461,941,148,314,1089,5083
520,461,921,182,387,1103,5581
520,461,921,182,387,1103,5083
598,461,3441,836,1779,4277,5581
598,461,3441,836,1779,4277,5083
731,461,1381,348,741,1729,5581
731,461,1381,348,741,1729,5083
011,461,1915,409,870,2324,5581
011,461,1915,409,870,2324,5083
921,461,2857,983,2091,3840,5581
921,461,2857,983,2091,3840,5083
790,461,1825,462,982,2287,5581
790,461,1825,462,982,2287,5083
225,461,1558,303,645,1861,5581
225,461,1558,303,645,1861,5083
247,461,1106,206,438,1312,5581
247,461,1106,206,438,1312,5083
631,461,729,118,250,847,5581
631,461,729,118,250,847,5083
672,461,1526,318,677,1844,5581
672,461,1526,318,677,1844,5083
033,461,2354,461,981,2815,5581
033,461,2354,461,981,2815,5083
795,461,1973,516,1097,2489,5581
795,461,1973,516,1097,2489,5083
101,461,1837,345,735,2182,5581
101,461,1837,345,735,2182,5083
005,461,1743,369,785,2112,5581
005,461,1743,369,785,2112,5083
490,461,704,109,222,813,5581
490,461,704,109,222,813,5083
135,461,1705,329,701,2034,5581
135,461,1705,329,701,2034,5083
053,461,1895,407,865,2302,5581
053,461,1895,407,865,2302,5083
723,461,980,219,467,1199,5581
723,461,980,219,467,1199,5083
366,461,1518,343,729,1861,5581
366,461,1518,343,729,1861,5083
693,461,2495,519,1104,3014,5581
693,461,2495,519,1104,3014,5083
188,461,1563,310,659,1873,5581
188,461,1563,310,659,1873,5083
606,461,602,96,195,698,5581
606,461,602,96,195,698,5083
820,461,2535,527,1121,3062,5581
820,461,2535,527,1121,3062,5083
674,461,1528,310,660,1838,5581
674,461,1528,310,660,1838,5083
455,461,507,69,141,576,5581
455,461,507,69,141,576,5083
323,461,1783,361,769,2144,5581
323,461,1783,361,769,2144,5083
267,461,1254,226,480,1480,5581
267,461,1254,226,480,1480,5083
024,461,2284,439,935,2723,5581
024,461,2284,439,935,2723,5083
192,461,1694,306,652,2000,5581
192,461,1694,306,652,2000,5083
290,461,1372,324,689,1696,5581
290,461,1372,324,689,1696,5083
891,461,3107,863,1836,3970,5581
891,461,3107,863,1836,3970,5083
301,461,1177,237,505,1414,5581
301,461,1177,237,505,1414,5083
885,461,2259,673,1431,2932,5581
885,461,2259,673,1431,2932,5083
305,461,1243,254,540,1497,5581
305,461,1243,254,540,1497,5083
650,461,911,183,389,1094,5581
650,461,911,183,389,1094,5083
679,461,2018,425,905,2443,5581
679,461,2018,425,905,2443,5083
194,461,1679,303,644,1982,5581
194,461,1679,303,644,1982,5083
707,461,1651,407,865,2058,5581
707,461,1651,407,865,2058,5083
166,461,1213,219,465,1432,5581
166,461,1213,219,465,1432,5083
289,461,1111,232,494,1343,5581
289,461,1111,232,494,1343,5083
307,461,1057,207,440,1264,5581
307,461,1057,207,440,1264,5083
499,461,1295,280,596,1575,5581
499,461,1295,280,596,1575,5083
651,461,884,174,370,1058,5581
651,461,884,174,370,1058,5083
049,461,2439,529,1125,2968,5581
049,461,2439,529,1125,2968,5083
528,461,789,148,315,937,5581
528,461,789,148,315,937,5083
971,461,3928,1084,2306,5012,5581
971,461,3928,1084,2306,5012,5083
388,461,1227,240,511,1467,5581
388,461,1227,240,511,1467,5083
960,461,3663,1063,2261,4726,5581
960,461,3663,1063,2261,4726,5083
486,461,884,170,361,1054,5581
486,461,884,170,361,1054,5083
466,461,571,77,157,648,5581
466,461,571,77,157,648,5083
962,461,0,0,2265,0,5581
962,461,0,0,2265,0,5083
078,461,1781,329,699,2110,5581
078,461,1781,329,699,2110,5083
394,461,1442,333,709,1775,5581
394,461,1442,333,709,1775,5083
701,461,1581,381,811,1962,5581
701,461,1581,381,811,1962,5083
257,461,853,130,277,983,5581
257,461,853,130,277,983,5083
997,461,0,0,3693,0,5581
997,461,0,0,3693,0,5083
447,461,825,146,310,971,5581
447,461,825,146,310,971,5083
046,461,2554,568,1209,3122,5581
046,461,2554,568,1209,3122,5083
898,461,3121,836,1779,3957,5581
898,461,3121,836,1779,3957,5083
425,461,732,116,237,848,5581
425,461,732,116,237,848,5083
932,461,3220,1006,2140,4226,5581
932,461,3220,1006,2140,4226,5083
195,461,1534,289,615,1823,5581
195,461,1534,289,615,1823,5083
439,461,896,159,339,1055,5581
439,461,896,159,339,1055,5083
100,461,1835,345,734,2180,5581
100,461,1835,345,734,2180,5083
449,461,746,122,249,868,5581
449,461,746,122,249,868,5083
560,461,1227,301,640,1528,5581
560,461,1227,301,640,1528,5083
018,461,2302,448,954,2750,5581
018,461,2302,448,954,2750,5083
248,461,1107,204,434,1311,5581
248,461,1107,204,434,1311,5083
902,461,2920,981,2088,3901,5581
902,461,2920,981,2088,3901,5083
988,461,3843,983,2092,4826,5581
988,461,3843,983,2092,4826,5083
088,461,1767,326,693,2093,5581
088,461,1767,326,693,2093,5083
115,461,1893,354,754,2247,5581
115,461,1893,354,754,2247,5083
034,461,2175,419,892,2594,5581
034,461,2175,419,892,2594,5083
855,461,2798,795,1691,3593,5581
855,461,2798,795,1691,3593,5083
635,461,967,186,396,1153,5581
635,461,967,186,396,1153,5083
280,461,1238,281,597,1519,5581
280,461,1238,281,597,1519,5083
278,461,1559,343,729,1902,5581
278,461,1559,343,729,1902,5083
422,461,827,128,272,955,5581
422,461,827,128,272,955,5083
349,461,2909,520,1107,3429,5581
349,461,2909,520,1107,3429,5083
041,461,2457,491,1044,2948,5581
041,461,2457,491,1044,2948,5083
766,461,1848,463,986,2311,5581
766,461,1848,463,986,2311,5083
592,461,2760,610,1298,3370,5581
592,461,2760,610,1298,3370,5083
209,461,1481,274,582,1755,5581
209,461,1481,274,582,1755,5083
255,461,922,146,310,1068,5581
255,461,922,146,310,1068,5083
270,461,1194,256,544,1450,5581
270,461,1194,256,544,1450,5083
538,461,947,195,415,1142,5581
538,461,947,195,415,1142,5083
127,461,1850,345,734,2195,5581
127,461,1850,345,734,2195,5083
919,461,2855,982,2090,3837,5581
919,461,2855,982,2090,3837,5083
129,461,2174,423,899,2597,5581
129,461,2174,423,899,2597,5083
654,461,881,168,358,1049,5581
654,461,881,168,358,1049,5083
972,461,3874,1066,2269,4940,5581
972,461,3874,1066,2269,4940,5083
300,461,1246,251,534,1497,5581
300,461,1246,251,534,1497,5083
802,461,2502,510,1085,3012,5581
802,461,2502,510,1085,3012,5083
926,461,2900,975,2074,3875,5581
926,461,2900,975,2074,3875,5083
510,461,1362,310,659,1672,5581
510,461,1362,310,659,1672,5083
175,461,1507,281,597,1788,5581
175,461,1507,281,597,1788,5083
980,461,3900,1051,2236,4951,5581
980,461,3900,1051,2236,4951,5083
230,461,1546,308,655,1854,5581
230,461,1546,308,655,1854,5083
064,461,1830,383,815,2213,5581
064,461,1830,383,815,2213,5083
851,461,2968,839,1786,3807,5581
851,461,2968,839,1786,3807,5083
591,461,3082,670,1426,3752,5581
591,461,3082,670,1426,3752,5083
390,461,1292,316,672,1608,5581
390,461,1292,316,672,1608,5083
157,461,1140,204,435,1344,5581
157,461,1140,204,435,1344,5083
116,461,1847,348,741,2195,5581
116,461,1847,348,741,2195,5083
776,461,1785,470,1001,2255,5581
776,461,1785,470,1001,2255,5083
440,461,804,157,334,961,5581
440,461,804,157,334,961,5083
282,461,1234,279,594,1513,5581
282,461,1234,279,594,1513,5083
998,461,0,0,3176,0,5581
998,461,0,0,3176,0,5083
139,461,1623,331,704,1954,5581
139,461,1623,331,704,1954,5083
322,461,2078,413,878,2491,5581
322,461,2078,413,878,2491,5083
683,461,1443,327,695,1770,5581
683,461,1443,327,695,1770,5083
398,461,1672,337,717,2009,5581
398,461,1672,337,717,2009,5083
618,461,487,59,121,546,5581
618,461,487,59,121,546,5083
821,461,3263,751,1598,4014,5581
821,461,3263,751,1598,4014,5083
372,461,864,134,285,998,5581
372,461,864,134,285,998,5083
136,461,1866,352,750,2218,5581
136,461,1866,352,750,2218,5083
389,461,1122,264,562,1386,5581
389,461,1122,264,562,1386,5083
218,461,1688,335,712,2023,5581
218,461,1688,335,712,2023,5083
306,461,1327,277,590,1604,5581
306,461,1327,277,590,1604,5083
169,461,1478,283,602,1761,5581
169,461,1478,283,602,1761,5083
804,461,2547,526,1119,3073,5581
804,461,2547,526,1119,3073,5083
190,461,1693,306,652,1999,5581
190,461,1693,306,652,1999,5083
380,461,963,210,447,1173,5581
380,461,963,210,447,1173,5083
097,461,0,0,726,0,5581
097,461,0,0,726,0,5083
789,461,1949,544,1158,2493,5581
789,461,1949,544,1158,2493,5083
617,461,603,89,181,692,5581
617,461,603,89,181,692,5083
615,461,648,105,215,753,5581
615,461,648,105,215,753,5083
629,461,708,122,259,830,5581
629,461,708,122,259,830,5083
713,461,1612,397,844,2009,5581
713,461,1612,397,844,2009,5083
996,461,0,0,4002,0,5581
996,461,0,0,4002,0,5083
644,461,1289,262,558,1551,5581
644,461,1289,262,558,1551,5083
359,461,1073,215,458,1288,5581
359,461,1073,215,458,1288,5083
138,461,1673,342,728,2015,5581
138,461,1673,342,728,2015,5083
038,461,2405,475,1011,2880,5581
038,461,2405,475,1011,2880,5083
729,461,1337,313,665,1650,5581
729,461,1337,313,665,1650,5083
914,461,2902,978,2080,3880,5581
914,461,2902,978,2080,3880,5083
865,461,2732,680,1446,3412,5581
865,461,2732,680,1446,3412,5083
673,461,1398,281,597,1679,5581
673,461,1398,281,597,1679,5083
983,461,3935,1064,2264,4999,5581
983,461,3935,1064,2264,4999,5083
724,461,964,204,435,1168,5581
724,461,964,204,435,1168,5083
782,461,1871,551,1173,2422,5581
782,461,1871,551,1173,2422,5083
295,461,1460,340,723,1800,5581
295,461,1460,340,723,1800,5083
062,461,2172,411,875,2583,5581
062,461,2172,411,875,2583,5083
036,461,1923,422,898,2345,5581
036,461,1923,422,898,2345,5083
879,461,2242,665,1414,2907,5581
879,461,2242,665,1414,2907,5083
067,461,1835,384,816,2219,5581
067,461,1835,384,816,2219,5083
368,461,1230,293,623,1523,5581
368,461,1230,293,623,1523,5083
691,461,2017,433,922,2450,5581
691,461,2017,433,922,2450,5083
061,461,1872,396,842,2268,5581
061,461,1872,396,842,2268,5083
110,461,1871,352,750,2223,5581
110,461,1871,352,750,2223,5083
825,461,2967,652,1387,3619,5581
825,461,2967,652,1387,3619,5083
599,461,3599,892,1898,4491,5581
599,461,3599,892,1898,4491,5083
093,461,0,0,726,0,5581
093,461,0,0,726,0,5083
103,461,1803,337,716,2140,5581
103,461,1803,337,716,2140,5083
296,461,1223,250,532,1473,5581
296,461,1223,250,532,1473,5083
569,461,0,0,594,0,5581
569,461,0,0,594,0,5083
719,461,1323,306,651,1629,5581
719,461,1323,306,651,1629,5083
956,461,3181,1027,2186,4208,5581
956,461,3181,1027,2186,4208,5083
065,461,1812,379,807,2191,5581
065,461,1812,379,807,2191,5083
397,461,1321,270,574,1591,5581
397,461,1321,270,574,1591,5083
015,461,2230,424,902,2654,5581
015,461,2230,424,902,2654,5083
937,461,3319,1033,2197,4352,5581
937,461,3319,1033,2197,4352,5083
944,461,3672,1081,2301,4753,5581
944,461,3672,1081,2301,4753,5083
051,461,1890,412,877,2302,5581
051,461,1890,412,877,2302,5083
847,461,3023,791,1684,3814,5581
847,461,3023,791,1684,3814,5083
156,461,1108,184,391,1292,5581
156,461,1108,184,391,1292,5083
271,461,1214,262,558,1476,5581
271,461,1214,262,558,1476,5083
928,461,2876,967,2058,3843,5581
928,461,2876,967,2058,3843,5083
497,461,1164,221,470,1385,5581
497,461,1164,221,470,1385,5083
459,461,467,56,114,523,5581
459,461,467,56,114,523,5083
400,461,548,67,136,615,5581
400,461,548,67,136,615,5083
167,461,1125,234,497,1359,5581
167,461,1125,234,497,1359,5083
979,461,3400,893,1901,4293,5581
979,461,3400,893,1901,4293,5083
152,461,1025,173,369,1198,5581
152,461,1025,173,369,1198,5083
645,461,1163,252,537,1415,5581
645,461,1163,252,537,1415,5083
026,461,2342,463,985,2805,5581
026,461,2342,463,985,2805,5083
675,461,1517,350,745,1867,5581
675,461,1517,350,745,1867,5083
604,461,588,92,188,680,5581
604,461,588,92,188,680,5083
401,461,541,72,146,613,5581
401,461,541,72,146,613,5083
509,461,1008,225,478,1233,5581
509,461,1008,225,478,1233,5083
482,461,817,152,323,969,5581
482,461,817,152,323,969,5083
607,461,621,100,205,721,5581
607,461,621,100,205,721,5083
142,461,1201,241,512,1442,5581
142,461,1201,241,512,1442,5083
513,461,1359,314,669,1673,5581
513,461,1359,314,669,1673,5083
319,461,1250,295,628,1545,5581
319,461,1250,295,628,1545,5083
435,461,686,101,207,787,5581
435,461,686,101,207,787,5083
976,461,3698,1030,2191,4728,5581
976,461,3698,1030,2191,4728,5083
924,461,2770,951,2023,3721,5581
924,461,2770,951,2023,3721,5083
965,461,0,0,2265,0,5581
965,461,0,0,2265,0,5083
494,461,859,144,306,1003,5581
494,461,859,144,306,1003,5083
756,461,1560,383,815,1943,5581
756,461,1560,383,815,1943,5083
333,461,3093,561,1193,3654,5581
333,461,3093,561,1193,3654,5083
687,461,1508,345,734,1853,5581
687,461,1508,345,734,1853,5083
611,461,682,129,275,811,5581
611,461,682,129,275,811,5083
774,461,1988,540,1150,2528,5581
774,461,1988,540,1150,2528,5083
775,461,1918,525,1117,2443,5581
775,461,1918,525,1117,2443,5083
204,461,1492,280,595,1772,5581
204,461,1492,280,595,1772,5083
236,461,1646,342,727,1988,5581
236,461,1646,342,727,1988,5083
684,461,1405,316,672,1721,5581
684,461,1405,316,672,1721,5083
875,461,2877,603,1282,3480,5581
875,461,2877,603,1282,3480,5083
801,461,2504,513,1092,3017,5581
801,461,2504,513,1092,3017,5083
151,461,1043,176,375,1219,5581
151,461,1043,176,375,1219,5083
605,461,636,104,212,740,5581
605,461,636,104,212,740,5083
827,461,2759,580,1234,3339,5581
827,461,2759,580,1234,3339,5083
665,461,1423,294,625,1717,5581
665,461,1423,294,625,1717,5083
413,461,891,124,263,1015,5581
413,461,891,124,263,1015,5083
549,461,865,178,379,1043,5581
549,461,865,178,379,1043,5083
786,461,1881,513,1092,2394,5581
786,461,1881,513,1092,2394,5083
894,461,3294,956,2035,4250,5581
894,461,3294,956,2035,4250,5083
470,461,391,42,85,433,5581
470,461,391,42,85,433,5083
788,461,2049,608,1293,2657,5581
788,461,2049,608,1293,2657,5083
873,461,2819,667,1419,3486,5581
873,461,2819,667,1419,3486,5083
722,461,1229,277,589,1506,5581
722,461,1229,277,589,1506,5083
594,461,3276,777,1653,4053,5581
594,461,3276,777,1653,4053,5083
027,461,2268,435,926,2703,5581
027,461,2268,435,926,2703,5083
935,461,2989,955,2032,3944,5581
935,461,2989,955,2032,3944,5083
884,461,2512,524,1114,3036,5581
884,461,2512,524,1114,3036,5083
547,461,1029,241,513,1270,5581
547,461,1029,241,513,1270,5083
072,461,1802,337,716,2139,5581
072,461,1802,337,716,2139,5083
277,461,1337,299,637,1636,5581
277,461,1337,299,637,1636,5083
384,461,881,165,352,1046,5581
384,461,881,165,352,1046,5083
878,461,2559,638,1358,3197,5581
878,461,2559,638,1358,3197,5083
667,461,1354,274,583,1628,5581
667,461,1354,274,583,1628,5083
303,461,1228,246,524,1474,5581
303,461,1228,246,524,1474,5083
770,461,1917,525,1116,2442,5581
770,461,1917,525,1116,2442,5083
834,461,3120,775,1648,3895,5581
834,461,3120,775,1648,3895,5083
639,461,872,176,375,1048,5581
639,461,872,176,375,1048,5083
689,461,1612,375,797,1987,5581
689,461,1612,375,797,1987,5083
857,461,2654,797,1695,3451,5581
857,461,2654,797,1695,3451,5083
740,461,1477,304,647,1781,5581
740,461,1477,304,647,1781,5083
561,461,1433,337,717,1770,5581
561,461,1433,337,717,1770,5083
168,461,1268,237,504,1505,5581
168,461,1268,237,504,1505,5083
104,461,1855,349,742,2204,5581
104,461,1855,349,742,2204,5083
784,461,2063,617,1313,2680,5581
784,461,2063,617,1313,2680,5083
511,461,1388,317,674,1705,5581
511,461,1388,317,674,1705,5083
338,461,2432,481,1024,2913,5581
338,461,2432,481,1024,2913,5083
427,461,510,86,176,596,5581
427,461,510,86,176,596,5083
327,461,2387,470,999,2857,5581
327,461,2387,470,999,2857,5083
989,461,3914,1017,2163,4931,5581
989,461,3914,1017,2163,4931,5083
445,461,846,168,357,1014,5581
445,461,846,168,357,1014,5083
952,461,3202,1050,2235,4252,5581
952,461,3202,1050,2235,4252,5083
507,461,996,210,447,1206,5581
507,461,996,210,447,1206,5083
202,461,1491,279,594,1770,5581
202,461,1491,279,594,1770,5083
747,461,1572,376,799,1948,5581
747,461,1572,376,799,1948,5083
783,461,2039,611,1301,2650,5581
783,461,2039,611,1301,2650,5083
959,461,3454,1043,2220,4497,5581
959,461,3454,1043,2220,4497,5083
543,461,889,188,399,1077,5581
543,461,889,188,399,1077,5083
086,461,1736,317,675,2053,5581
086,461,1736,317,675,2053,5083
612,461,766,142,302,908,5581
612,461,766,142,302,908,5083
031,461,2373,460,978,2833,5581
031,461,2373,460,978,2833,5083
636,461,803,144,307,947,5581
636,461,803,144,307,947,5083
272,461,1253,277,589,1530,5581
272,461,1253,277,589,1530,5083
546,461,983,215,457,1198,5581
546,461,983,215,457,1198,5083
208,461,1470,270,574,1740,5581
208,461,1470,270,574,1740,5083
355,461,1015,224,476,1239,5581
355,461,1015,224,476,1239,5083
017,461,2268,434,924,2702,5581
017,461,2268,434,924,2702,5083
328,461,2417,478,1017,2895,5581
328,461,2417,478,1017,2895,5083
686,461,1457,325,692,1782,5581
686,461,1457,325,692,1782,5083
403,461,665,96,195,761,5581
403,461,665,96,195,761,5083
925,461,2800,964,2051,3764,5581
925,461,2800,964,2051,3764,5083
680,461,1353,298,633,1651,5581
680,461,1353,298,633,1651,5083
791,461,1874,470,999,2344,5581
791,461,1874,470,999,2344,5083
940,461,3674,1084,2306,4758,5581
940,461,3674,1084,2306,4758,5083
146,461,1264,272,579,1536,5581
146,461,1264,272,579,1536,5083
730,461,1400,354,753,1754,5581
730,461,1400,354,753,1754,5083
941,461,3664,1073,2283,4737,5581
941,461,3664,1073,2283,4737,5083
309,461,1325,306,650,1631,5581
309,461,1325,306,650,1631,5083
212,461,1506,281,598,1787,5581
212,461,1506,281,598,1787,5083
609,461,532,73,149,605,5581
609,461,532,73,149,605,5083
653,461,967,200,425,1167,5581
653,461,967,200,425,1167,5083
808,461,2545,494,1051,3039,5581
808,461,2545,494,1051,3039,5083
485,461,814,150,319,964,5581
485,461,814,150,319,964,5083
084,461,1770,336,714,2106,5581
084,461,1770,336,714,2106,5083
042,461,2498,505,1074,3003,5581
042,461,2498,505,1074,3003,5083
840,461,3068,726,1545,3794,5581
840,461,3068,726,1545,3794,5083
242,461,966,178,379,1144,5581
242,461,966,178,379,1144,5083
126,461,1737,360,766,2097,5581
126,461,1737,360,766,2097,5083
395,461,1547,365,776,1912,5581
395,461,1547,365,776,1912,5083
556,461,1598,342,728,1940,5581
556,461,1598,342,728,1940,5083
781,461,1854,554,1179,2408,5581
781,461,1854,554,1179,2408,5083
252,461,915,147,312,1062,5581
252,461,915,147,312,1062,5083
335,461,2366,463,985,2829,5581
335,461,2366,463,985,2829,5083
765,461,1800,490,1043,2290,5581
765,461,1800,490,1043,2290,5083
883,461,2329,633,1347,2962,5581
883,461,2329,633,1347,2962,5083
596,461,3269,778,1655,4047,5581
596,461,3269,778,1655,4047,5083
279,461,1729,373,793,2102,5581
279,461,1729,373,793,2102,5083
228,461,1420,277,589,1697,5581
228,461,1420,277,589,1697,5083
238,461,1583,325,691,1908,5581
238,461,1583,325,691,1908,5083
587,461,2289,521,1108,2810,5581
587,461,2289,521,1108,2810,5083
541,461,921,198,422,1119,5581
541,461,921,198,422,1119,5083
963,461,0,0,2265,0,5581
963,461,0,0,2265,0,5083
234,461,1681,352,748,2033,5581
234,461,1681,352,748,2033,5083
668,461,1409,282,599,1691,5581
668,461,1409,282,599,1691,5083
451,461,566,72,147,638,5581
451,461,566,72,147,638,5083
261,461,881,143,305,1024,5581
261,461,881,143,305,1024,5083
133,461,1712,331,705,2043,5581
133,461,1712,331,705,2043,5083
582,461,1958,439,933,2397,5581
582,461,1958,439,933,2397,5083
758,461,1647,436,927,2083,5581
758,461,1647,436,927,2083,5083
574,461,1788,456,971,2244,5581
574,461,1788,456,971,2244,5083
780,461,1929,580,1233,2509,5581
780,461,1929,580,1233,2509,5083
745,461,1450,337,717,1787,5581
745,461,1450,337,717,1787,5083
140,461,1208,240,511,1448,5581
140,461,1208,240,511,1448,5083
812,461,2717,544,1158,3261,5581
812,461,2717,544,1158,3261,5083
361,461,1159,266,565,1425,5581
361,461,1159,266,565,1425,5083
057,461,2142,405,862,2547,5581
057,461,2142,405,862,2547,5083
920,461,2879,992,2110,3871,5581
920,461,2879,992,2110,3871,5083
500,461,1029,233,495,1262,5581
500,461,1029,233,495,1262,5083
302,461,1270,261,556,1531,5581
302,461,1270,261,556,1531,5083
489,461,789,124,263,913,5581
489,461,789,124,263,913,5083
832,461,2991,751,1597,3742,5581
832,461,2991,751,1597,3742,5083
600,461,668,112,229,780,5581
600,461,668,112,229,780,5083
198,461,1577,304,646,1881,5581
198,461,1577,304,646,1881,5083
669,461,1600,327,696,1927,5581
669,461,1600,327,696,1927,5083
634,461,848,156,332,1004,5581
634,461,848,156,332,1004,5083
450,461,476,61,124,537,5581
450,461,476,61,124,537,5083
304,461,1451,337,717,1788,5581
304,461,1451,337,717,1788,5083
721,461,1218,274,584,1492,5581
721,461,1218,274,584,1492,5083
493,461,876,151,321,1027,5581
493,461,876,151,321,1027,5083
068,461,1747,367,780,2114,5581
068,461,1747,367,780,2114,5083
044,461,2525,558,1187,3083,5581
044,461,2525,558,1187,3083,5083
554,461,1151,283,603,1434,5581
554,461,1151,283,603,1434,5083
700,461,1594,386,821,1980,5581
700,461,1594,386,821,1980,5083
904,461,2927,980,2085,3907,5581
904,461,2927,980,2085,3907,5083
347,461,2438,484,1030,2922,5581
347,461,2438,484,1030,2922,5083
534,461,697,125,267,822,5581
534,461,697,125,267,822,5083
453,461,460,59,120,519,5581
453,461,460,59,120,519,5083
779,461,1951,570,1212,2521,5581
779,461,1951,570,1212,2521,5083
382,461,860,174,371,1034,5581
382,461,860,174,371,1034,5083
837,461,3310,867,1844,4177,5581
837,461,3310,867,1844,4177,5083
859,461,2603,731,1556,3334,5581
859,461,2603,731,1556,3334,5083
860,461,2786,750,1596,3536,5581
860,461,2786,750,1596,3536,5083
767,461,1880,468,995,2348,5581
767,461,1880,468,995,2348,5083
637,461,784,149,317,933,5581
637,461,784,149,317,933,5083
144,461,1269,273,581,1542,5581
144,461,1269,273,581,1542,5083
182,461,1559,298,633,1857,5581
182,461,1559,298,633,1857,5083
793,461,2195,533,1135,2728,5581
793,461,2195,533,1135,2728,5083
648,461,1217,248,527,1465,5581
648,461,1217,248,527,1465,5083
385,461,965,165,351,1130,5581
385,461,965,165,351,1130,5083
744,461,1472,301,641,1773,5581
744,461,1472,301,641,1773,5083
958,461,3183,1031,2193,4214,5581
958,461,3183,1031,2193,4214,5083
244,461,1263,250,532,1513,5581
244,461,1263,250,532,1513,5083
625,461,613,92,188,705,5581
625,461,613,92,188,705,5083
107,461,1869,351,747,2220,5581
107,461,1869,351,747,2220,5083
134,461,1695,327,696,2022,5581
134,461,1695,327,696,2022,5083
738,461,1508,395,840,1903,5581
738,461,1508,395,840,1903,5083
316,461,1752,352,748,2104,5581
316,461,1752,352,748,2104,5083
245,461,1269,274,582,1543,5581
245,461,1269,274,582,1543,5083
750,461,1722,430,915,2152,5581
750,461,1722,430,915,2152,5083
022,461,2291,442,940,2733,5581
022,461,2291,442,940,2733,5083
936,461,3310,1029,2190,4339,5581
936,461,3310,1029,2190,4339,5083
794,461,2146,526,1119,2672,5581
794,461,2146,526,1119,2672,5083
081,461,1703,309,658,2012,5581
081,461,1703,309,658,2012,5083
897,461,3359,980,2086,4339,5581
897,461,3359,980,2086,4339,5083
555,461,1189,293,623,1482,5581
555,461,1189,293,623,1482,5083
350,461,1043,230,489,1273,5581
350,461,1043,230,489,1273,5083
772,461,1912,523,1112,2435,5581
772,461,1912,523,1112,2435,5083
957,461,3228,1028,2187,4256,5581
957,461,3228,1028,2187,4256,5083
833,461,3112,808,1720,3920,5581
833,461,3112,808,1720,3920,5083
916,461,2921,976,2076,3897,5581
916,461,2921,976,2076,3897,5083
029,461,2240,426,906,2666,5581
029,461,2240,426,906,2666,5083
573,461,1602,401,854,2003,5581
573,461,1602,401,854,2003,5083
814,461,2967,628,1336,3595,5581
814,461,2967,628,1336,3595,5083
585,461,2178,485,1032,2663,5581
585,461,2178,485,1032,2663,5083
974,461,4142,1137,2419,5279,5581
974,461,4142,1137,2419,5279,5083
798,461,2516,696,1481,3212,5581
798,461,2516,696,1481,3212,5083
757,461,1595,404,859,1999,5581
757,461,1595,404,859,1999,5083
488,461,811,129,275,940,5581
488,461,811,129,275,940,5083
095,461,0,0,726,0,5581
095,461,0,0,726,0,5083
185,461,1593,308,655,1901,5581
185,461,1593,308,655,1901,5083
227,461,1452,289,614,1741,5581
227,461,1452,289,614,1741,5083
220,461,1484,279,594,1763,5581
220,461,1484,279,594,1763,5083
387,461,1193,290,616,1483,5581
387,461,1193,290,616,1483,5083
797,461,2325,586,1246,2911,5581
797,461,2325,586,1246,2911,5083
393,461,1444,295,627,1739,5581
393,461,1444,295,627,1739,5083
908,461,2905,978,2080,3883,5581
908,461,2905,978,2080,3883,5083
365,461,1523,337,717,1860,5581
365,461,1523,337,717,1860,5083
137,461,1685,346,737,2031,5581
137,461,1685,346,737,2031,5083
970,461,3875,1066,2268,4941,5581
970,461,3875,1066,2268,4941,5083
098,461,0,0,726,0,5581
098,461,0,0,726,0,5083
681,461,1412,291,619,1703,5581
681,461,1412,291,619,1703,5083
844,461,3068,723,1538,3791,5581
844,461,3068,723,1538,3791,5083
580,461,1746,401,854,2147,5581
580,461,1746,401,854,2147,5083
363,461,1331,310,659,1641,5581
363,461,1331,310,659,1641,5083
102,461,1829,344,731,2173,5581
102,461,1829,344,731,2173,5083
476,461,563,79,161,642,5581
476,461,563,79,161,642,5083
318,461,1260,296,629,1556,5581
318,461,1260,296,629,1556,5083
475,461,492,59,121,551,5581
475,461,492,59,121,551,5083
273,461,1300,294,626,1594,5581
273,461,1300,294,626,1594,5083
498,461,1153,248,528,1401,5581
498,461,1153,248,528,1401,5083
571,461,1505,357,759,1862,5581
571,461,1505,357,759,1862,5083
210,461,1507,282,599,1789,5581
210,461,1507,282,599,1789,5083
807,461,2265,487,1036,2752,5581
807,461,2265,487,1036,2752,5083
846,461,3081,735,1564,3816,5581
846,461,3081,735,1564,3816,5083
284,461,1619,371,789,1990,5581
284,461,1619,371,789,1990,5083
495,461,817,142,302,959,5581
495,461,817,142,302,959,5083
593,461,2781,594,1263,3375,5581
593,461,2781,594,1263,3375,5083
938,461,3318,1033,2197,4351,5581
938,461,3318,1033,2197,4351,5083
256,461,999,165,352,1164,5581
256,461,999,165,352,1164,5083
474,461,339,24,49,363,5581
474,461,339,24,49,363,5083
446,461,814,144,306,958,5581
446,461,814,144,306,958,5083
431,461,647,98,199,745,5581
431,461,647,98,199,745,5083
842,461,3069,723,1538,3792,5581
842,461,3069,723,1538,3792,5083
332,461,3159,578,1230,3737,5581
332,461,3159,578,1230,3737,5083
978,461,3635,967,2057,4602,5581
978,461,3635,967,2057,4602,5083
221,461,1475,277,589,1752,5581
221,461,1475,277,589,1752,5083
526,461,839,151,321,990,5581
526,461,839,151,321,990,5083
735,461,1508,394,839,1902,5581
735,461,1508,394,839,1902,5083
170,461,1434,262,557,1696,5581
170,461,1434,262,557,1696,5083
627,461,655,105,215,760,5581
627,461,655,105,215,760,5083
376,461,1054,209,444,1263,5581
376,461,1054,209,444,1263,5083
877,461,2841,593,1262,3434,5581
877,461,2841,593,1262,3434,5083
614,461,765,126,268,891,5581
614,461,765,126,268,891,5083
454,461,475,62,126,537,5581
454,461,475,62,126,537,5083
374,461,1023,196,417,1219,5581
374,461,1023,196,417,1219,5083
392,461,1297,315,671,1612,5581
392,461,1297,315,671,1612,5083
995,461,0,0,3809,0,5581
995,461,0,0,3809,0,5083
420,461,791,151,321,942,5581
420,461,791,151,321,942,5083
728,461,1339,313,667,1652,5581
728,461,1339,313,667,1652,5083
452,461,500,56,114,556,5581
452,461,500,56,114,556,5083
375,461,972,221,471,1193,5581
375,461,972,221,471,1193,5083
670,461,1539,321,682,1860,5581
670,461,1539,321,682,1860,5083
442,461,814,147,313,961,5581
442,461,814,147,313,961,5083
030,461,2302,454,967,2756,5581
030,461,2302,454,967,2756,5083
047,461,2660,603,1284,3263,5581
047,461,2660,603,1284,3263,5083
478,461,377,34,69,411,5581
478,461,377,34,69,411,5083
174,461,1470,268,571,1738,5581
174,461,1470,268,571,1738,5083
460,461,296,20,40,316,5581
460,461,296,20,40,316,5083
977,461,3988,1081,2299,5069,5581
977,461,3988,1081,2299,5069,5083
739,461,2061,439,935,2500,5581
739,461,2061,439,935,2500,5083
424,461,687,114,232,801,5581
424,461,687,114,232,801,5083
463,461,539,78,159,617,5581
463,461,539,78,159,617,5083
763,461,1559,420,893,1979,5581
763,461,1559,420,893,1979,5083
656,461,1120,226,481,1346,5581
656,461,1120,226,481,1346,5083
358,461,928,184,392,1112,5581
358,461,928,184,392,1112,5083
524,461,925,185,393,1110,5581
524,461,925,185,393,1110,5083
688,461,1608,365,776,1973,5581
688,461,1608,365,776,1973,5083
640,461,1037,219,467,1256,5581
640,461,1037,219,467,1256,5083
023,461,2307,447,952,2754,5581
023,461,2307,447,952,2754,5083
147,461,1126,225,479,1351,5581
147,461,1126,225,479,1351,5083
032,461,2321,457,973,2778,5581
032,461,2321,457,973,2778,5083
823,461,2806,589,1254,3395,5581
823,461,2806,589,1254,3395,5083
975,461,3979,1117,2377,5096,5581
975,461,3979,1117,2377,5096,5083
633,461,766,132,281,898,5581
633,461,766,132,281,898,5083
910,461,2877,965,2054,3842,5581
910,461,2877,965,2054,3842,5083
414,461,919,128,272,1047,5581
414,461,919,128,272,1047,5083
444,461,854,171,364,1025,5581
444,461,854,171,364,1025,5083
764,461,1880,473,1007,2353,5581
764,461,1880,473,1007,2353,5083
311,461,1227,246,524,1473,5581
311,461,1227,246,524,1473,5083
953,461,3240,1068,2273,4308,5581
953,461,3240,1068,2273,4308,5083
106,180,558,56,114,614,5420
313,180,1213,374,795,1587,5420
238,180,882,158,337,1040,5420
112,180,490,46,94,536,5420
320,180,1824,437,929,2261,5420
898,180,3614,1105,2351,4719,5420
616,180,1178,396,842,1574,5420
503,180,1554,494,1052,2048,5420
407,180,1022,318,677,1340,5420
635,180,1456,479,1020,1935,5420
944,180,3918,1350,2873,5268,5420
712,180,1852,579,1232,2431,5420
557,180,1929,592,1259,2521,5420
508,180,1675,533,1135,2208,5420
955,180,4125,1404,2987,5529,5420
378,180,950,287,611,1237,5420
075,180,487,45,92,532,5420
214,180,670,90,183,760,5420
110,180,549,55,113,604,5420
913,180,3498,1276,2714,4774,5420
722,180,1340,542,1154,1882,5420
676,180,2189,656,1395,2845,5420
359,180,1275,379,806,1654,5420
413,180,1061,284,604,1345,5420
160,180,697,146,310,843,5420
055,180,991,150,319,1141,5420
889,180,3505,1156,2460,4661,5420
176,180,440,36,73,476,5420
194,180,388,22,45,410,5420
747,180,2155,669,1424,2824,5420
870,180,3073,903,1921,3976,5420
124,180,703,75,153,778,5420
225,180,795,121,258,916,5420
726,180,1727,548,1166,2275,5420
117,180,614,67,137,681,5420
781,180,2555,809,1722,3364,5420
647,180,1846,544,1157,2390,5420
166,180,712,104,213,816,5420
633,180,1254,426,906,1680,5420
215,180,765,116,236,881,5420
488,180,1035,302,643,1337,5420
951,180,3686,1357,2887,5043,5420
122,180,796,96,195,892,5420
024,180,982,140,298,1122,5420
922,180,2900,1228,2613,4128,5420
759,180,2185,683,1453,2868,5420
216,180,651,86,175,737,5420
692,180,2436,691,1471,3127,5420
623,180,1320,435,926,1755,5420
312,180,1411,404,860,1815,5420
761,180,2291,707,1505,2998,5420
074,180,466,39,80,505,5420
778,180,2516,768,1635,3284,5420
097,180,0,0,90,0,5420
857,180,3222,1090,2320,4312,5420
410,180,973,273,580,1246,5420
832,180,3485,1019,2169,4504,5420
324,180,1667,528,1123,2195,5420
750,180,2266,696,1480,2962,5420
618,180,1059,350,745,1409,5420
272,180,920,242,515,1162,5420
325,180,1815,528,1123,2343,5420
563,180,1793,582,1239,2375,5420
812,180,3056,838,1783,3894,5420
288,180,962,285,606,1247,5420
366,180,1637,531,1130,2168,5420
297,180,928,274,584,1202,5420
708,180,1756,598,1272,2354,5420
773,180,2623,741,1576,3364,5420
165,180,806,175,372,981,5420
787,180,2612,780,1660,3392,5420
184,180,421,36,74,457,5420
358,180,1152,392,834,1544,5420
210,180,609,74,150,683,5420
786,180,2598,779,1657,3377,5420
793,180,2770,827,1760,3597,5420
679,180,2415,719,1530,3134,5420
385,180,1187,335,713,1522,5420
783,180,2435,843,1793,3278,5420
856,180,3197,1082,2302,4279,5420
622,180,1203,407,866,1610,5420
459,180,866,258,550,1124,5420
492,180,953,278,592,1231,5420
546,180,1319,472,1004,1791,5420
813,180,3344,951,2024,4295,5420
853,180,2887,1127,2398,4014,5420
261,180,854,185,393,1039,5420
204,180,689,95,194,784,5420
412,180,1115,255,542,1370,5420
547,180,1661,498,1060,2159,5420
281,180,993,277,589,1270,5420
290,180,1074,337,716,1411,5420
588,180,2844,833,1772,3677,5420
985,180,4468,1334,2839,5802,5420
051,180,960,132,281,1092,5420
591,180,3541,927,1972,4468,5420
174,180,488,47,95,535,5420
754,180,2121,663,1410,2784,5420
649,180,1762,520,1107,2282,5420
964,180,0,0,2837,0,5420
986,180,4444,1341,2853,5785,5420
226,180,725,102,209,827,5420
383,180,1272,433,921,1705,5420
115,180,563,57,117,620,5420
687,180,1968,614,1306,2582,5420
079,180,424,28,58,452,5420
088,180,420,27,56,447,5420
094,180,0,0,90,0,5420
500,180,1573,501,1067,2074,5420
763,180,2240,713,1517,2953,5420
435,180,861,247,525,1108,5420
059,180,1139,210,447,1349,5420
774,180,2643,744,1582,3387,5420
299,180,1113,346,737,1459,5420
966,180,0,0,2837,0,5420
287,180,974,291,620,1265,5420
132,180,665,96,196,761,5420
178,180,510,54,111,564,5420
203,180,691,96,195,787,5420
677,180,2346,696,1480,3042,5420
032,180,1060,177,377,1237,5420
083,180,520,51,105,571,5420
108,180,551,55,113,606,5420
739,180,2452,733,1560,3185,5420
746,180,2021,637,1356,2658,5420
284,180,1021,274,584,1295,5420
332,180,2444,591,1257,3035,5420
512,180,1941,608,1293,2549,5420
152,180,714,134,286,848,5420
641,180,1762,520,1107,2282,5420
502,180,1561,497,1058,2058,5420
791,180,2565,763,1624,3328,5420
087,180,543,54,111,597,5420
442,180,767,181,386,948,5420
384,180,1195,407,866,1602,5420
134,180,713,102,209,815,5420
627,180,1188,395,840,1583,5420
294,180,1077,334,710,1411,5420
807,180,2780,760,1617,3540,5420
875,180,3189,896,1907,4085,5420
041,180,1125,191,407,1316,5420
129,180,992,164,350,1156,5420
995,180,0,0,4355,0,5420
673,180,1831,574,1222,2405,5420
467,180,930,283,603,1213,5420
239,180,797,177,377,974,5420
878,180,2859,932,1983,3791,5420
422,180,1312,384,816,1696,5420
493,180,1123,333,708,1456,5420
268,180,768,120,255,888,5420
653,180,1667,494,1050,2161,5420
146,180,779,133,283,912,5420
095,180,0,0,90,0,5420
489,180,1010,295,628,1305,5420
089,180,434,31,64,465,5420
743,180,1801,566,1205,2367,5420
293,180,981,300,639,1281,5420
681,180,1774,560,1191,2334,5420
456,180,945,244,519,1189,5420
382,180,1257,438,932,1695,5420
531,180,1234,386,821,1620,5420
362,180,1229,407,865,1636,5420
011,180,876,114,232,990,5420
505,180,1711,545,1159,2256,5420
040,180,1125,193,411,1318,5420
333,180,2392,573,1219,2965,5420
941,180,3911,1342,2855,5253,5420
937,180,3779,1326,2822,5105,5420
208,180,690,95,194,785,5420
727,180,1797,570,1213,2367,5420
233,180,991,185,394,1176,5420
860,180,3224,1044,2221,4268,5420
253,180,992,208,442,1200,5420
306,180,1249,354,753,1603,5420
571,180,1965,618,1314,2583,5420
511,180,1876,586,1246,2462,5420
560,180,1720,558,1187,2278,5420
054,180,1012,164,348,1176,5420
486,180,1075,319,678,1394,5420
881,180,2773,815,1734,3588,5420
903,180,3321,1272,2706,4593,5420
828,180,3392,885,1884,4277,5420
851,180,2898,1133,2411,4031,5420
140,180,858,159,339,1017,5420
645,180,1848,546,1161,2394,5420
827,180,3137,837,1780,3974,5420
974,180,4622,1406,2991,6028,5420
735,180,2184,688,1463,2872,5420
811,180,3198,897,1909,4095,5420
980,180,4396,1308,2783,5704,5420
286,180,929,250,531,1179,5420
377,180,967,294,625,1261,5420
026,180,1016,164,348,1180,5420
988,180,4293,1240,2639,5533,5420
111,180,520,49,100,569,5420
372,180,1309,376,801,1685,5420
738,180,2184,688,1464,2872,5420
609,180,1161,359,763,1520,5420
052,180,873,116,237,989,5420
921,180,3023,1277,2716,4300,5420
338,180,2195,516,1098,2711,5420
880,180,2810,962,2046,3772,5420
431,180,833,215,457,1048,5420
434,180,806,227,482,1033,5420
652,180,1450,467,993,1917,5420
891,180,3520,1157,2461,4677,5420
164,180,761,167,355,928,5420
030,180,986,156,331,1142,5420
640,180,1739,513,1092,2252,5420
845,180,3214,964,2052,4178,5420
438,180,783,189,403,972,5420
610,180,1285,397,844,1682,5420
335,180,2216,525,1116,2741,5420
651,180,1358,468,995,1826,5420
545,180,1570,511,1087,2081,5420
119,180,746,86,176,832,5420
346,180,2236,532,1132,2768,5420
415,180,1153,259,552,1412,5420
844,180,3322,992,2110,4314,5420
840,180,3321,995,2117,4316,5420
836,180,3826,1142,2429,4968,5420
357,180,1140,385,819,1525,5420
945,180,3883,1335,2841,5218,5420
426,180,1084,341,725,1425,5420
943,180,3920,1355,2884,5275,5420
104,180,532,51,105,583,5420
420,180,1260,439,935,1699,5420
484,180,972,288,612,1260,5420
494,180,1151,342,727,1493,5420
948,180,3892,1334,2838,5226,5420
347,180,2131,497,1057,2628,5420
440,180,791,188,401,979,5420
186,180,406,37,75,443,5420
521,180,1411,496,1056,1907,5420
065,180,750,83,170,833,5420
107,180,544,54,110,598,5420
914,180,3466,1271,2705,4737,5420
035,180,1119,202,430,1321,5420
638,180,1308,461,981,1769,5420
339,180,2331,564,1199,2895,5420
471,180,1020,315,670,1335,5420
711,180,2047,626,1331,2673,5420
427,180,1158,334,710,1492,5420
465,180,967,301,641,1268,5420
153,180,758,138,294,896,5420
680,180,1823,567,1206,2390,5420
720,180,1333,541,1152,1874,5420
328,180,2111,491,1044,2602,5420
970,180,4413,1335,2840,5748,5420
690,180,2341,697,1482,3038,5420
513,180,1847,583,1241,2430,5420
113,180,529,51,104,580,5420
890,180,3523,1156,2459,4679,5420
629,180,1199,415,883,1614,5420
822,180,3022,808,1720,3830,5420
050,180,982,156,331,1138,5420
082,180,572,65,133,637,5420
802,180,3019,804,1710,3823,5420
706,180,2390,657,1397,3047,5420
764,180,2430,741,1577,3171,5420
799,180,2830,966,2056,3796,5420
665,180,1864,588,1250,2452,5420
770,180,2566,728,1548,3294,5420
830,180,3601,994,2114,4595,5420
685,180,1869,581,1237,2450,5420
946,180,3902,1340,2851,5242,5420
270,180,902,234,498,1136,5420
027,180,970,136,289,1106,5420
573,180,2079,658,1401,2737,5420
883,180,2902,927,1972,3829,5420
523,180,1292,451,959,1743,5420
369,180,1598,484,1029,2082,5420
148,180,671,99,203,770,5420
360,180,1378,455,968,1833,5420
999,180,0,0,3411,0,5420
400,180,1102,313,666,1415,5420
634,180,1357,450,957,1807,5420
718,180,1537,611,1301,2148,5420
597,180,3646,1014,2157,4660,5420
584,180,2418,698,1485,3116,5420
479,180,1081,325,692,1406,5420
843,180,3399,1010,2149,4409,5420
548,180,1715,542,1154,2257,5420
220,180,713,102,208,815,5420
326,180,1974,461,980,2435,5420
441,180,788,188,399,976,5420
414,180,1015,265,564,1280,5420
515,180,1734,550,1170,2284,5420
071,180,464,39,80,503,5420
957,180,3601,1297,2759,4898,5420
468,180,916,279,594,1195,5420
396,180,1629,556,1183,2185,5420
446,180,805,191,407,996,5420
923,180,2932,1236,2630,4168,5420
561,180,1884,594,1264,2478,5420
905,180,3323,1273,2709,4596,5420
527,180,1194,420,894,1614,5420
207,180,678,92,188,770,5420
930,180,3557,1291,2746,4848,5420
797,180,2830,855,1820,3685,5420
810,180,3001,834,1775,3835,5420
092,180,0,0,90,0,5420
780,180,1998,845,1798,2843,5420
614,180,1290,419,892,1709,5420
657,180,1629,515,1096,2144,5420
255,180,1037,223,474,1260,5420
756,180,2111,649,1380,2760,5420
637,180,1265,442,940,1707,5420
221,180,701,99,202,800,5420
264,180,805,156,331,961,5420
936,180,3768,1323,2814,5091,5420
559,180,1699,508,1080,2207,5420
961,180,3889,1259,2678,5148,5420
373,180,1181,344,732,1525,5420
340,180,0,0,1256,0,5420
689,180,2123,643,1369,2766,5420
918,180,3294,1263,2688,4557,5420
337,180,2257,539,1146,2796,5420
725,180,1715,547,1163,2262,5420
077,180,482,44,89,526,5420
794,180,2720,819,1743,3539,5420
248,180,1068,226,480,1294,5420
060,180,837,101,207,938,5420
310,180,1441,411,874,1852,5420
895,180,3841,1238,2635,5079,5420
462,180,966,293,624,1259,5420
056,180,1012,166,354,1178,5420
023,180,997,148,315,1145,5420
229,180,822,144,306,966,5420
926,180,3312,1269,2699,4581,5420
096,180,0,0,90,0,5420
141,180,856,160,340,1016,5420
457,180,854,194,412,1048,5420
466,180,968,304,646,1272,5420
045,180,1209,214,456,1423,5420
267,180,772,118,240,890,5420
080,180,463,42,85,505,5420
170,180,459,45,91,504,5420
539,180,1394,433,922,1827,5420
351,180,1183,408,868,1591,5420
252,180,977,208,443,1185,5420
356,180,1192,413,878,1605,5420
710,180,2025,619,1318,2644,5420
760,180,2298,710,1510,3008,5420
298,180,1068,333,709,1401,5420
565,180,2010,640,1362,2650,5420
406,180,1058,300,638,1358,5420
387,180,1697,545,1159,2242,5420
619,180,1087,358,762,1445,5420
200,180,689,95,194,784,5420
606,180,1115,348,741,1463,5420
472,180,973,295,628,1268,5420
436,180,828,237,505,1065,5420
661,180,1776,525,1116,2301,5420
933,180,3551,1274,2710,4825,5420
516,180,1758,561,1194,2319,5420
758,180,2203,701,1492,2904,5420
143,180,859,167,356,1026,5420
177,180,545,66,134,611,5420
934,180,3764,1341,2854,5105,5420
942,180,3556,1300,2766,4856,5420
919,180,3021,1276,2715,4297,5420
130,180,667,98,199,765,5420
497,180,1355,379,807,1734,5420
046,180,1344,269,572,1613,5420
451,180,909,250,532,1159,5420
241,180,777,187,397,964,5420
583,180,2551,739,1572,3290,5420
859,180,2602,1025,2181,3627,5420
598,180,3895,1093,2325,4988,5420
825,180,3462,921,1959,4383,5420
161,180,689,150,320,839,5420
842,180,3322,992,2110,4314,5420
877,180,3158,887,1887,4045,5420
796,180,2444,779,1657,3223,5420
401,180,1054,324,690,1378,5420
611,180,1243,386,822,1629,5420
749,180,1950,611,1301,2561,5420
654,180,1357,462,983,1819,5420
752,180,2247,692,1472,2939,5420
179,180,398,26,53,424,5420
864,180,3447,1125,2393,4572,5420
501,180,1535,488,1038,2023,5420
927,180,3301,1265,2692,4566,5420
078,180,430,30,62,460,5420
925,180,2973,1258,2676,4231,5420
952,180,3574,1319,2807,4893,5420
701,180,1694,572,1218,2266,5420
155,180,691,97,197,788,5420
965,180,0,0,2837,0,5420
114,180,538,53,109,591,5420
368,180,1298,423,901,1721,5420
292,180,991,304,647,1295,5420
604,180,1099,345,733,1444,5420
683,180,1907,595,1267,2502,5420
370,180,1363,395,840,1758,5420
991,180,4186,1211,2576,5397,5420
815,180,3233,918,1953,4151,5420
947,180,3898,1337,2845,5235,5420
908,180,3316,1271,2705,4587,5420
646,180,1735,517,1101,2252,5420
309,180,1088,340,724,1428,5420
463,180,1064,329,700,1393,5420
553,180,1678,549,1168,2227,5420
145,180,759,125,266,884,5420
022,180,987,143,304,1130,5420
984,180,4425,1318,2805,5743,5420
458,180,890,258,550,1148,5420
376,180,884,250,532,1134,5420
156,180,738,124,263,862,5420
745,180,2034,631,1342,2665,5420
448,180,869,217,461,1086,5420
728,180,1421,579,1232,2000,5420
863,180,2792,1081,2299,3873,5420
064,180,768,87,178,855,5420
562,180,1883,611,1300,2494,5420
199,180,610,75,154,685,5420
566,180,2063,650,1382,2713,5420
171,180,452,40,82,492,5420
806,180,2996,800,1702,3796,5420
599,180,4051,1149,2444,5200,5420
219,180,527,52,107,579,5420
981,180,4403,1311,2790,5714,5420
596,180,3726,1035,2202,4761,5420
100,180,496,48,97,544,5420
581,180,2123,649,1381,2772,5420
976,180,4183,1299,2763,5482,5420
321,180,2028,467,994,2495,5420
798,180,3013,964,2051,3977,5420
997,180,0,0,4240,0,5420
404,180,1072,298,634,1370,5420
285,180,973,246,523,1219,5420
831,180,3436,982,2089,4418,5420
317,180,1520,454,966,1974,5420
167,180,753,138,293,891,5420
762,180,2322,711,1512,3033,5420
625,180,1152,382,813,1534,5420
464,180,1064,331,705,1395,5420
507,180,1355,475,1011,1830,5420
648,180,1711,541,1152,2252,5420
469,180,1032,322,686,1354,5420
510,180,1850,579,1231,2429,5420
814,180,3267,922,1961,4189,5420
282,180,955,264,561,1219,5420
371,180,1302,374,796,1676,5420
201,180,736,108,221,844,5420
398,180,1559,475,1011,2034,5420
805,180,3022,806,1714,3828,5420
956,180,3555,1296,2758,4851,5420
569,180,0,0,194,0,5420
318,180,1327,426,907,1753,5420
575,180,2363,701,1492,3064,5420
029,180,952,126,269,1078,5420
182,180,369,20,40,389,5420
390,180,1660,524,1115,2184,5420
381,180,1479,472,1005,1951,5420
402,180,997,307,654,1304,5420
542,180,1224,443,943,1667,5420
329,180,2177,507,1079,2684,5420
982,180,4479,1332,2835,5811,5420
626,180,1213,403,858,1616,5420
587,180,2684,778,1655,3462,5420
123,180,805,101,206,906,5420
193,180,449,38,77,487,5420
133,180,728,105,215,833,5420
714,180,2040,629,1339,2669,5420
540,180,1749,525,1116,2274,5420
809,180,2955,796,1694,3751,5420
753,180,2248,692,1472,2940,5420
316,180,1528,450,958,1978,5420
570,180,1988,624,1328,2612,5420
301,180,1302,382,812,1684,5420
453,180,838,246,523,1084,5420
885,180,2831,966,2055,3797,5420
243,180,990,211,448,1201,5420
838,180,4090,1168,2486,5258,5420
684,180,1870,585,1244,2455,5420
289,180,1101,336,714,1437,5420
788,180,2104,873,1858,2977,5420
154,180,784,131,279,915,5420
537,180,1333,416,885,1749,5420
590,180,3595,946,2013,4541,5420
455,180,814,233,495,1047,5420
386,180,1533,489,1041,2022,5420
380,180,1304,457,972,1761,5420
884,180,2862,817,1739,3679,5420
271,180,917,241,512,1158,5420
784,180,2458,848,1804,3306,5420
336,180,2228,529,1125,2757,5420
577,180,2872,781,1661,3653,5420
421,180,1249,358,761,1607,5420
256,180,1096,235,501,1331,5420
025,180,1010,159,339,1169,5420
917,180,3272,1254,2669,4526,5420
543,180,1213,445,946,1658,5420
615,180,1175,395,840,1570,5420
206,180,734,110,224,844,5420
666,180,1753,551,1172,2304,5420
394,180,1573,525,1117,2098,5420
244,180,765,148,315,913,5420
755,180,1999,616,1310,2615,5420
972,180,4412,1335,2841,5747,5420
231,180,847,145,308,992,5420
042,180,1169,211,448,1380,5420
716,180,1814,576,1225,2390,5420
125,180,683,65,133,748,5420
012,180,859,106,216,965,5420
172,180,573,69,140,642,5420
093,180,0,0,90,0,5420
053,180,963,126,268,1089,5420
257,180,1037,230,490,1267,5420
480,180,934,274,583,1208,5420
672,180,1954,612,1302,2566,5420
911,180,3293,1261,2684,4554,5420
994,180,4155,1222,2599,5377,5420
954,180,3938,1355,2884,5293,5420
276,180,890,215,457,1105,5420
039,180,1087,172,366,1259,5420
443,180,777,179,381,956,5420
105,180,571,57,117,628,5420
820,180,2958,796,1693,3754,5420
150,180,721,140,298,861,5420
592,180,3135,867,1844,4002,5420
149,180,583,81,166,664,5420
977,180,4471,1350,2872,5821,5420
016,180,946,126,268,1072,5420
808,180,2908,788,1676,3696,5420
230,180,830,139,296,969,5420
158,180,728,116,236,844,5420
686,180,1921,594,1264,2515,5420
644,180,1739,556,1183,2295,5420
102,180,490,46,94,536,5420
439,180,745,157,334,902,5420
776,180,2439,682,1451,3121,5420
532,180,1251,392,833,1643,5420
675,180,2101,644,1370,2745,5420
043,180,1215,217,461,1432,5420
228,180,768,121,257,889,5420
835,180,4210,1223,2602,5433,5420
135,180,719,103,211,822,5420
481,180,888,258,549,1146,5420
554,180,1797,540,1150,2337,5420
826,180,3239,858,1826,4097,5420
717,180,1460,591,1257,2051,5420
789,180,2569,774,1647,3343,5420
992,180,4098,1179,2509,5277,5420
495,180,1068,325,692,1393,5420
005,180,688,73,149,761,5420
118,180,582,61,124,643,5420
126,180,667,63,128,730,5420
454,180,837,245,522,1082,5420
349,180,2245,533,1134,2778,5420
593,180,3160,851,1810,4011,5420
973,180,4503,1364,2902,5867,5420
509,180,1551,494,1050,2045,5420
586,180,2720,788,1677,3508,5420
900,180,3312,1269,2699,4581,5420
775,180,2567,728,1549,3295,5420
163,180,713,143,305,856,5420
734,180,2183,688,1464,2871,5420
237,180,983,184,391,1167,5420
751,180,2271,696,1481,2967,5420
240,180,795,184,392,979,5420
551,180,1780,535,1138,2315,5420
894,180,3783,1225,2607,5008,5420
498,180,1329,467,994,1796,5420
624,180,1114,357,759,1471,5420
418,180,1163,275,586,1438,5420
010,180,886,117,238,1003,5420
744,180,1893,595,1266,2488,5420
713,180,1764,605,1287,2369,5420
485,180,977,290,617,1267,5420
028,180,939,123,261,1062,5420
576,180,2671,782,1664,3453,5420
524,180,1293,450,957,1743,5420
070,180,464,39,80,503,5420
191,180,425,31,64,456,5420
222,180,701,98,201,799,5420
127,180,483,47,96,530,5420
354,180,1411,442,941,1853,5420
424,180,1202,381,810,1583,5420
949,180,3901,1337,2845,5238,5420
865,180,3184,973,2071,4157,5420
662,180,1784,527,1121,2311,5420
409,180,992,301,641,1293,5420
478,180,1035,327,696,1362,5420
031,180,1062,160,341,1222,5420
395,180,1666,556,1183,2222,5420
736,180,2195,690,1468,2885,5420
470,180,915,275,586,1190,5420
251,180,1010,211,449,1221,5420
234,180,983,183,390,1166,5420
740,180,1896,598,1272,2494,5420
928,180,3288,1261,2683,4549,5420
388,180,1446,456,971,1902,5420
223,180,708,100,205,808,5420
912,180,3310,1265,2692,4575,5420
658,180,1612,509,1084,2121,5420
245,180,808,190,405,998,5420
460,180,973,299,636,1272,5420
198,180,461,41,83,502,5420
580,180,2164,658,1401,2822,5420
211,180,632,79,162,711,5420
785,180,2713,941,2003,3654,5420
265,180,774,137,291,911,5420
262,180,825,163,347,988,5420
364,180,1720,496,1056,2216,5420
504,180,1622,519,1104,2141,5420
631,180,1221,411,874,1632,5420
327,180,2084,482,1026,2566,5420
628,180,1155,391,831,1546,5420
452,180,930,258,549,1188,5420
700,180,1707,578,1229,2285,5420
555,180,1681,549,1169,2230,5420
528,180,1180,416,886,1596,5420
841,180,3317,994,2115,4311,5420
175,180,436,35,71,471,5420
187,180,399,33,67,432,5420
433,180,889,235,500,1124,5420
958,180,3556,1300,2765,4856,5420
266,180,948,186,396,1134,5420
291,180,1021,316,673,1337,5420
601,180,1154,360,767,1514,5420
363,180,1530,493,1048,2023,5420
084,180,559,62,126,621,5420
334,180,2341,557,1186,2898,5420
278,180,876,209,444,1085,5420
558,180,1845,567,1207,2412,5420
393,180,1557,486,1035,2043,5420
147,180,814,154,328,968,5420
307,180,1198,348,741,1546,5420
940,180,3920,1353,2879,5273,5420
907,180,3316,1271,2705,4587,5420
608,180,1099,345,733,1444,5420
173,180,554,59,121,613,5420
906,180,3299,1266,2694,4565,5420
897,180,3848,1249,2658,5097,5420
931,180,3623,1309,2786,4932,5420
444,180,734,164,348,898,5420
490,180,1015,304,646,1319,5420
847,180,3450,1085,2309,4535,5420
235,180,977,182,387,1159,5420
315,180,1407,404,859,1811,5420
131,180,709,107,219,816,5420
816,180,3171,877,1865,4048,5420
769,180,2572,820,1744,3392,5420
499,180,1592,517,1099,2109,5420
063,180,746,109,223,855,5420
910,180,3289,1259,2679,4548,5420
375,180,1477,472,1004,1949,5420
971,180,4466,1353,2878,5819,5420
541,180,1238,455,968,1693,5420
975,180,4461,1386,2949,5847,5420
678,180,2276,698,1485,2974,5420
602,180,1136,353,752,1489,5420
916,180,3330,1269,2700,4599,5420
670,180,1966,614,1307,2580,5420
902,180,3330,1275,2713,4605,5420
935,180,3460,1249,2657,4709,5420
932,180,3681,1299,2764,4980,5420
355,180,1249,439,935,1688,5420
090,180,0,0,90,0,5420
250,180,1009,211,448,1220,5420
139,180,488,61,124,549,5420
249,180,945,185,394,1130,5420
823,180,3218,858,1826,4076,5420
871,180,3044,896,1907,3940,5420
367,180,1542,458,974,2000,5420
181,180,314,3,7,317,5420
801,180,3019,807,1716,3826,5420
915,180,3323,1268,2697,4591,5420
574,180,2261,713,1517,2974,5420
534,180,1242,382,813,1624,5420
833,180,3606,1078,2293,4684,5420
323,180,1647,497,1058,2144,5420
217,180,615,76,155,691,5420
703,180,1761,599,1274,2360,5420
197,180,481,46,94,527,5420
189,180,370,16,33,386,5420
549,180,1192,435,925,1627,5420
855,180,2757,1089,2316,3846,5420
180,180,308,1,3,309,5420
212,180,613,74,152,687,5420
350,180,1190,411,875,1601,5420
993,180,4181,1243,2645,5424,5420
044,180,1319,259,551,1578,5420
804,180,3060,819,1743,3879,5420
116,180,528,51,104,579,5420
169,180,620,87,178,707,5420
021,180,988,143,305,1131,5420
731,180,2048,642,1366,2690,5420
295,180,976,282,599,1258,5420
275,180,904,219,466,1123,5420
959,180,3941,1312,2792,5253,5420
834,180,3613,1043,2220,4656,5420
757,180,2148,669,1424,2817,5420
630,180,1251,420,893,1671,5420
669,180,2022,621,1321,2643,5420
792,180,2401,744,1583,3145,5420
342,180,2306,550,1170,2856,5420
473,180,910,274,583,1184,5420
824,180,3595,939,1998,4534,5420
990,180,4105,1183,2516,5288,5420
058,180,1093,196,416,1289,5420
846,180,3351,1011,2151,4362,5420
721,180,1331,540,1149,1871,5420
195,180,369,18,37,387,5420
081,180,436,34,70,470,5420
445,180,722,160,340,882,5420
258,180,1006,208,442,1214,5420
304,180,1215,376,799,1591,5420
636,180,1288,438,932,1726,5420
526,180,1350,445,946,1795,5420
963,180,0,0,2837,0,5420
639,180,1344,469,998,1813,5420
138,180,551,73,149,624,5420
374,180,1179,343,729,1522,5420
048,180,1245,227,484,1472,5420
491,180,973,307,654,1280,5420
086,180,460,39,80,499,5420
417,180,967,286,609,1253,5420
450,180,853,254,540,1107,5420
033,180,1060,169,359,1229,5420
014,180,959,137,292,1096,5420
730,180,2068,648,1378,2716,5420
330,180,2423,584,1242,3007,5420
667,180,1805,568,1208,2373,5420
391,180,1674,527,1122,2201,5420
522,180,1290,450,958,1740,5420
904,180,3336,1273,2709,4609,5420
962,180,0,0,2837,0,5420
693,180,2920,788,1676,3708,5420
423,180,1168,365,776,1533,5420
038,180,1083,176,374,1259,5420
950,180,3708,1366,2907,5074,5420
741,180,1878,592,1259,2470,5420
091,180,0,0,90,0,5420
037,180,993,158,336,1151,5420
556,180,1901,599,1274,2500,5420
224,180,798,119,254,917,5420
305,180,1242,356,757,1598,5420
607,180,1131,353,751,1484,5420
656,180,1643,520,1106,2163,5420
525,180,1481,484,1029,1965,5420
564,180,1917,605,1288,2522,5420
650,180,1383,477,1014,1860,5420
430,180,845,215,458,1060,5420
300,180,1285,367,781,1652,5420
803,180,3046,813,1730,3859,5420
704,180,1677,566,1204,2243,5420
121,180,801,98,201,899,5420
196,180,379,21,42,400,5420
242,180,1079,251,534,1330,5420
352,180,1194,413,879,1607,5420
603,180,1125,352,748,1477,5420
302,180,1343,390,829,1733,5420
449,180,840,208,442,1048,5420
136,180,846,140,298,986,5420
617,180,1135,378,805,1513,5420
411,180,956,247,526,1203,5420
960,180,3913,1332,2833,5245,5420
605,180,1138,356,758,1494,5420
978,180,4121,1236,2629,5357,5420
246,180,1098,239,509,1337,5420
085,180,469,40,82,509,5420
192,180,425,31,64,456,5420
939,180,3702,1372,2919,5074,5420
202,180,689,95,194,784,5420
530,180,1291,404,860,1695,5420
996,180,0,0,4548,0,5420
483,180,927,271,577,1198,5420
998,180,0,0,3722,0,5420
879,180,2816,958,2039,3774,5420
567,180,2270,688,1463,2958,5420
159,180,772,120,244,892,5420
405,180,1028,290,616,1318,5420
432,180,830,212,452,1042,5420
585,180,2578,742,1578,3320,5420
920,180,3042,1285,2735,4327,5420
013,180,980,128,272,1108,5420
403,180,1011,282,600,1293,5420
425,180,1040,327,695,1367,5420
953,180,3611,1337,2845,4948,5420
319,180,1317,426,906,1743,5420
392,180,1667,524,1115,2191,5420
829,180,3248,930,1978,4178,5420
674,180,1959,604,1285,2563,5420
766,180,2391,729,1551,3120,5420
874,180,3322,960,2043,4282,5420
073,180,481,44,89,525,5420
688,180,2065,634,1348,2699,5420
232,180,849,143,304,992,5420
544,180,1461,477,1014,1938,5420
331,180,2432,587,1249,3019,5420
664,180,1808,569,1211,2377,5420
365,180,1803,525,1117,2328,5420
719,180,1412,572,1217,1984,5420
314,180,1174,363,772,1537,5420
748,180,2032,637,1355,2669,5420
790,180,2515,755,1607,3270,5420
850,180,2847,1112,2365,3959,5420
447,180,799,187,398,986,5420
017,180,971,135,287,1106,5420
777,180,2453,687,1461,3140,5420
496,180,1306,368,784,1674,5420
205,180,691,96,195,787,5420
538,180,1292,453,963,1745,5420
477,180,1147,360,767,1507,5420
594,180,3733,1034,2200,4767,5420
076,180,526,50,102,576,5420
218,180,769,97,198,866,5420
019,180,998,153,325,1151,5420
800,180,3013,802,1706,3815,5420
535,180,1331,414,881,1745,5420
733,180,2613,780,1659,3393,5420
209,180,672,90,184,762,5420
062,180,774,117,238,891,5420
137,180,558,75,153,633,5420
979,180,3889,1162,2473,5051,5420
144,180,772,129,275,901,5420
068,180,687,70,143,757,5420
168,180,657,91,185,748,5420
476,180,1136,356,758,1492,5420
061,180,825,100,204,925,5420
613,180,1112,377,802,1489,5420
067,180,781,87,178,868,5420
983,180,4430,1321,2811,5751,5420
723,180,1535,487,1037,2022,5420
600,180,1176,365,776,1541,5420
938,180,3778,1326,2822,5104,5420
474,180,1038,321,684,1359,5420
142,180,851,160,340,1011,5420
162,180,686,126,268,812,5420
595,180,3562,970,2064,4532,5420
101,180,498,48,98,546,5420
397,180,1494,477,1014,1971,5420
582,180,2368,695,1479,3063,5420
461,180,981,298,635,1279,5420
487,180,1050,311,661,1361,5420
924,180,2947,1245,2648,4192,5420
036,180,992,141,301,1133,5420
782,180,1954,817,1738,2771,5420
236,180,943,173,368,1116,5420
274,180,908,238,507,1146,5420
671,180,1976,618,1315,2594,5420
308,180,1133,350,745,1483,5420
779,180,2545,788,1676,3333,5420
128,180,865,121,246,986,5420
901,180,3307,1269,2699,4576,5420
279,180,1046,206,439,1252,5420
765,180,2510,756,1608,3266,5420
821,180,3721,1008,2145,4729,5420
482,180,904,263,560,1167,5420
072,180,464,39,80,503,5420
120,180,862,115,234,977,5420
772,180,2558,725,1543,3283,5420
506,180,1371,481,1024,1852,5420
620,180,1190,407,865,1597,5420
893,180,3540,1111,2364,4651,5420
259,180,990,204,434,1194,5420
183,180,374,19,39,393,5420
737,180,2071,651,1385,2722,5420
254,180,651,87,178,738,5420
361,180,1367,451,959,1818,5420
612,180,1160,411,874,1571,5420
707,180,1793,612,1303,2405,5420
015,180,944,125,265,1069,5420
882,180,2957,878,1869,3835,5420
283,180,954,244,520,1198,5420
103,180,462,39,79,501,5420
296,180,1114,314,668,1428,5420
873,180,3104,961,2044,4065,5420
227,180,773,122,260,895,5420
989,180,4362,1273,2709,5635,5420
185,180,408,34,69,442,5420
263,180,783,152,323,935,5420
303,180,1300,374,795,1674,5420
514,180,1701,541,1151,2242,5420
280,180,941,259,551,1200,5420
768,180,2477,791,1684,3268,5420
437,180,779,182,387,961,5420
475,180,1104,344,732,1448,5420
047,180,1485,322,686,1807,5420
157,180,711,122,260,833,5420
837,180,3801,1136,2416,4937,5420
020,180,986,141,301,1127,5420
260,180,750,150,319,900,5420
691,180,2524,702,1494,3226,5420
416,180,1154,267,569,1421,5420
550,180,1781,535,1138,2316,5420
273,180,961,257,547,1218,5420
399,180,1300,374,795,1674,5420
379,180,968,294,625,1262,5420
795,180,2513,796,1694,3309,5420
049,180,1253,231,492,1484,5420
767,180,2423,733,1560,3156,5420
341,180,2393,578,1230,2971,5420
705,180,1823,628,1337,2451,5420
069,180,605,64,130,669,5420
188,180,486,60,122,546,5420
277,180,869,213,454,1082,5420
852,180,2871,1122,2387,3993,5420
389,180,1615,516,1098,2131,5420
190,180,412,28,57,440,5420
668,180,1856,575,1224,2431,5420
724,180,1428,497,1058,1925,5420
322,180,1785,425,904,2210,5420
311,180,1299,374,795,1673,5420
151,180,721,133,284,854,5420
408,180,935,278,592,1213,5420
572,180,2045,651,1386,2696,5420
344,180,2057,475,1011,2532,5420
109,180,532,49,101,581,5420
660,180,1828,539,1146,2367,5420
018,180,991,149,317,1140,5420
247,180,1024,215,457,1239,5420
520,180,1263,436,928,1699,5420
655,180,1381,471,1002,1852,5420
066,180,709,74,152,783,5420
057,180,946,137,291,1083,5420
098,180,0,0,90,0,5420
729,180,1480,606,1289,2086,5420
034,180,931,139,295,1070,5420
534,615,728,106,217,834,5376
686,615,1044,226,480,1270,5376
317,615,1938,417,888,2355,5376
812,615,2846,509,1082,3355,5376
746,615,1438,308,655,1746,5376
907,615,2407,922,1962,3329,5376
937,615,3161,977,2079,4138,5376
187,615,2022,384,817,2406,5376
627,615,426,32,65,458,5376
207,615,1905,377,802,2282,5376
683,615,1027,227,482,1254,5376
335,615,2505,546,1162,3051,5376
530,615,863,122,248,985,5376
625,615,467,41,83,508,5376
942,615,3201,931,1981,4132,5376
953,615,3266,968,2060,4234,5376
544,615,886,157,335,1043,5376
334,615,2792,628,1336,3420,5376
372,615,1149,217,462,1366,5376
677,615,1748,360,765,2108,5376
889,615,2805,792,1685,3597,5376
194,615,1952,398,847,2350,5376
784,615,2105,595,1267,2700,5376
116,615,2105,444,944,2549,5376
462,615,692,102,208,794,5376
171,615,1851,356,758,2207,5376
624,615,645,85,174,730,5376
880,615,2237,632,1345,2869,5376
796,615,1940,475,1010,2415,5376
808,615,2661,458,975,3119,5376
092,615,0,0,930,0,5376
240,615,1644,344,732,1988,5376
369,615,1629,367,781,1996,5376
816,615,2862,512,1089,3374,5376
109,615,2114,438,931,2552,5376
241,615,1636,350,744,1986,5376
266,615,1505,290,618,1795,5376
495,615,952,145,309,1097,5376
204,615,1897,375,798,2272,5376
218,615,2012,430,915,2442,5376
631,615,631,85,173,716,5376
248,615,1516,299,637,1815,5376
803,615,2331,446,948,2777,5376
706,615,2009,441,938,2450,5376
341,615,2749,617,1312,3366,5376
364,615,1786,391,832,2177,5376
925,615,3012,909,1933,3921,5376
479,615,626,77,157,703,5376
814,615,3026,566,1205,3592,5376
739,615,2161,404,859,2565,5376
726,615,1121,219,465,1340,5376
545,615,993,191,407,1184,5376
566,615,1510,330,703,1840,5376
577,615,2220,424,903,2644,5376
132,615,2025,382,812,2407,5376
492,615,1016,161,343,1177,5376
064,615,2029,473,1006,2502,5376
272,615,1698,372,792,2070,5376
748,615,1450,307,654,1757,5376
103,615,2064,432,919,2496,5376
232,615,1883,404,860,2287,5376
437,615,1125,215,457,1340,5376
581,615,1570,329,701,1899,5376
710,615,1684,373,794,2057,5376
594,615,3093,678,1442,3771,5376
639,615,847,150,319,997,5376
875,615,3023,567,1206,3590,5376
126,615,1930,444,945,2374,5376
609,615,533,52,107,585,5376
879,615,2242,628,1337,2870,5376
151,615,1414,272,579,1686,5376
201,615,1876,372,791,2248,5376
908,615,2407,922,1962,3329,5376
444,615,1268,260,553,1528,5376
280,615,1684,376,800,2060,5376
671,615,1387,289,614,1676,5376
435,615,1023,165,352,1188,5376
440,615,1151,230,489,1381,5376
678,615,1958,368,784,2326,5376
392,615,1333,308,656,1641,5376
561,615,1249,247,526,1496,5376
439,615,1291,255,542,1546,5376
396,615,1580,343,730,1923,5376
635,615,628,100,204,728,5376
162,615,1400,285,607,1685,5376
094,615,0,0,930,0,5376
649,615,1144,191,406,1335,5376
031,615,2592,542,1153,3134,5376
542,615,885,159,339,1044,5376
072,615,2062,431,918,2493,5376
520,615,574,86,175,660,5376
473,615,812,129,275,941,5376
015,615,2694,506,1077,3200,5376
810,615,2789,505,1075,3294,5376
790,615,1937,426,906,2363,5376
283,615,1852,415,884,2267,5376
857,615,2655,761,1619,3416,5376
729,615,1396,276,588,1672,5376
144,615,1804,347,739,2151,5376
296,615,1758,351,746,2109,5376
856,615,2630,752,1601,3382,5376
398,615,1931,420,894,2351,5376
690,615,1646,328,697,1974,5376
418,615,1306,251,534,1557,5376
833,615,2928,709,1508,3637,5376
271,615,1657,358,762,2015,5376
376,615,1393,309,658,1702,5376
222,615,1892,374,796,2266,5376
801,615,2333,449,956,2782,5376
767,615,1860,446,949,2306,5376
827,615,2488,480,1022,2968,5376
822,615,2337,440,936,2777,5376
538,615,640,99,202,739,5376
278,615,2102,439,933,2541,5376
947,615,3275,969,2061,4244,5376
640,615,1119,184,391,1303,5376
603,615,605,75,154,680,5376
354,615,1458,332,706,1790,5376
373,615,1451,283,603,1734,5376
720,615,1364,269,572,1633,5376
355,615,1076,282,600,1358,5376
284,615,2171,466,992,2637,5376
409,615,1170,236,502,1406,5376
402,615,807,155,329,962,5376
273,615,1748,390,829,2138,5376
214,615,1929,384,818,2313,5376
995,615,0,0,3675,0,5376
761,615,1685,405,861,2090,5376
527,615,477,54,110,531,5376
299,615,2383,445,947,2828,5376
567,615,1718,368,783,2086,5376
323,615,2035,445,946,2480,5376
107,615,2124,446,949,2570,5376
528,615,478,50,102,528,5376
829,615,2566,561,1194,3127,5376
400,615,1099,164,350,1263,5376
136,615,2091,427,908,2518,5376
088,615,2032,421,896,2453,5376
540,615,922,205,436,1127,5376
607,615,619,79,161,698,5376
199,615,2009,418,889,2427,5376
069,615,2191,451,960,2642,5376
997,615,0,0,3560,0,5376
076,615,2107,443,942,2550,5376
111,615,2100,442,940,2542,5376
719,615,1473,299,636,1772,5376
916,615,2423,920,1957,3343,5376
713,615,1727,389,828,2116,5376
510,615,1132,210,447,1342,5376
543,615,861,156,332,1017,5376
952,615,3225,951,2023,4176,5376
051,615,2047,487,1036,2534,5376
350,615,1149,313,666,1462,5376
139,615,2099,415,882,2514,5376
190,615,1965,402,855,2367,5376
200,615,1896,375,797,2271,5376
448,615,1078,203,432,1281,5376
141,615,1717,315,671,2032,5376
701,615,1759,395,841,2154,5376
860,615,2624,714,1520,3338,5376
451,615,1107,166,354,1273,5376
564,615,1363,286,609,1649,5376
256,615,1419,266,566,1685,5376
013,615,2092,493,1049,2585,5376
898,615,2937,736,1567,3673,5376
025,615,2831,549,1169,3380,5376
049,615,2761,603,1283,3364,5376
071,615,2064,431,918,2495,5376
221,615,1880,372,792,2252,5376
605,615,587,70,143,657,5376
125,615,1944,446,949,2390,5376
785,615,2263,654,1392,2917,5376
539,615,837,119,242,956,5376
262,615,1494,296,629,1790,5376
337,615,2529,556,1183,3085,5376
490,615,908,128,273,1036,5376
486,615,1043,209,445,1252,5376
117,615,2211,459,977,2670,5376
449,615,1101,212,452,1313,5376
703,615,1792,407,866,2199,5376
712,615,1472,350,745,1822,5376
153,615,1398,258,548,1656,5376
722,615,1371,269,573,1640,5376
563,615,1236,263,559,1499,5376
497,615,1342,249,529,1591,5376
250,615,1378,254,541,1632,5376
724,615,937,181,385,1118,5376
011,615,2082,487,1037,2569,5376
018,615,2772,531,1129,3303,5376
443,615,1180,234,497,1414,5376
606,615,611,77,157,688,5376
813,615,3159,605,1288,3764,5376
970,615,3744,966,2055,4710,5376
914,615,2846,922,1962,3768,5376
021,615,2762,525,1117,3287,5376
382,615,929,184,391,1113,5376
646,615,1116,188,400,1304,5376
873,615,2983,631,1343,3614,5376
940,615,3297,984,2094,4281,5376
648,615,1105,212,451,1317,5376
185,615,2061,392,833,2453,5376
485,615,978,190,404,1168,5376
405,615,1182,187,398,1369,5376
613,615,409,31,64,440,5376
521,615,914,131,279,1045,5376
379,615,1246,266,566,1512,5376
112,615,2089,439,934,2528,5376
662,615,1170,198,421,1368,5376
445,615,1245,251,535,1496,5376
359,615,1494,298,635,1792,5376
432,615,1002,183,390,1185,5376
689,615,1427,275,585,1702,5376
474,615,743,123,261,866,5376
176,615,1897,371,789,2268,5376
463,615,643,84,172,727,5376
730,615,1484,318,676,1802,5376
312,615,1870,372,791,2242,5376
423,615,837,164,348,1001,5376
494,615,995,147,313,1142,5376
630,615,664,94,192,758,5376
192,615,1965,402,855,2367,5376
641,615,1144,191,406,1335,5376
830,615,2922,625,1329,3547,5376
691,615,1831,333,709,2164,5376
019,615,2782,534,1136,3316,5376
054,615,2420,503,1070,2923,5376
847,615,2751,721,1534,3472,5376
502,615,757,126,268,883,5376
356,615,1051,265,563,1316,5376
992,615,3462,823,1751,4285,5376
489,615,1033,164,348,1197,5376
315,615,2052,450,958,2502,5376
351,615,1151,313,667,1464,5376
208,615,1874,365,777,2239,5376
361,615,1589,349,742,1938,5376
056,615,2442,513,1091,2955,5376
555,615,1105,230,490,1335,5376
050,615,2408,502,1068,2910,5376
601,615,621,79,161,700,5376
078,615,2013,413,878,2426,5376
735,615,1603,358,762,1961,5376
070,615,2062,431,917,2493,5376
600,615,651,87,177,738,5376
157,615,1512,300,639,1812,5376
394,615,1630,352,749,1982,5376
349,615,2700,603,1284,3303,5376
059,615,2568,550,1170,3118,5376
332,615,2888,661,1407,3549,5376
254,615,1789,345,733,2134,5376
491,615,750,108,221,858,5376
927,615,2395,916,1949,3311,5376
172,615,1745,333,709,2078,5376
152,615,1396,269,573,1665,5376
633,615,689,100,205,789,5376
231,615,1888,409,870,2297,5376
048,615,2780,609,1296,3389,5376
744,615,1308,266,565,1574,5376
324,615,1930,430,914,2360,5376
057,615,2353,479,1020,2832,5376
081,615,1974,405,861,2379,5376
509,615,752,123,262,875,5376
389,615,1165,257,546,1422,5376
658,615,1007,180,383,1187,5376
268,615,1683,340,723,2023,5376
287,615,1395,318,676,1713,5376
014,615,2726,519,1104,3245,5376
893,615,2861,742,1579,3603,5376
468,615,935,148,314,1083,5376
442,615,1158,232,493,1390,5376
149,615,2020,388,826,2408,5376
330,615,2869,654,1392,3523,5376
239,615,1938,438,931,2376,5376
943,615,3296,987,2099,4283,5376
147,615,1644,300,638,1944,5376
216,615,1955,398,846,2353,5376
985,615,3838,978,2081,4816,5376
067,615,2020,467,994,2487,5376
731,615,1465,313,665,1778,5376
665,615,1274,258,549,1532,5376
037,615,2419,504,1073,2923,5376
596,615,3086,679,1444,3765,5376
110,615,2127,448,953,2575,5376
572,615,1423,308,656,1731,5376
292,615,2147,390,830,2537,5376
193,615,1962,392,833,2354,5376
228,615,1768,373,793,2141,5376
106,615,2130,444,944,2574,5376
255,615,1330,243,517,1573,5376
852,615,3111,792,1686,3903,5376
636,615,741,113,231,854,5376
211,615,1901,373,793,2274,5376
493,615,1013,154,328,1167,5376
794,615,2146,490,1042,2636,5376
651,615,865,138,294,1003,5376
387,615,1233,282,601,1515,5376
522,615,571,84,171,655,5376
226,615,1727,352,750,2079,5376
074,615,2063,428,910,2491,5376
470,615,833,137,292,970,5376
401,615,847,169,360,1016,5376
906,615,2392,917,1951,3309,5376
546,615,909,139,295,1048,5376
322,615,2237,495,1054,2732,5376
962,615,0,0,2052,0,5376
119,615,2020,478,1016,2498,5376
344,615,2394,509,1084,2903,5376
422,615,1028,180,384,1208,5376
591,615,2899,571,1215,3470,5376
289,615,1414,321,683,1735,5376
274,615,1687,369,785,2056,5376
684,615,1000,216,460,1216,5376
113,615,2109,444,944,2553,5376
441,615,1138,223,475,1361,5376
954,615,3315,987,2099,4302,5376
036,615,2076,496,1056,2572,5376
604,615,571,67,136,638,5376
716,615,1315,303,644,1618,5376
972,615,3744,967,2057,4711,5376
245,615,1713,369,785,2082,5376
681,615,1057,191,407,1248,5376
874,615,3150,616,1311,3766,5376
753,615,1698,408,868,2106,5376
140,615,1717,314,669,2031,5376
169,615,1938,367,780,2305,5376
017,615,2735,517,1099,3252,5376
321,615,2445,529,1125,2974,5376
131,615,2049,390,829,2439,5376
039,615,2622,554,1178,3176,5376
515,615,1015,181,385,1196,5376
234,615,2003,447,952,2450,5376
661,615,1160,195,415,1355,5376
668,615,1266,246,523,1512,5376
921,615,3134,946,2013,4080,5376
482,615,987,195,414,1182,5376
923,615,2958,887,1887,3845,5376
217,615,1835,354,753,2189,5376
177,615,1908,351,746,2259,5376
301,615,1583,321,682,1904,5376
052,615,2015,466,992,2481,5376
802,615,2316,440,937,2756,5376
756,615,1693,376,799,2069,5376
734,615,1536,359,763,1895,5376
844,615,2726,623,1325,3349,5376
926,615,2404,919,1956,3323,5376
223,615,1898,378,804,2276,5376
828,615,2746,529,1126,3275,5376
978,615,3450,867,1845,4317,5376
319,615,1689,378,805,2067,5376
737,615,1488,321,684,1809,5376
993,615,3546,887,1887,4433,5376
063,615,2628,495,1053,3123,5376
619,615,567,63,128,630,5376
085,615,2022,416,886,2438,5376
805,615,2305,437,930,2742,5376
307,615,1477,290,617,1767,5376
168,615,1587,321,683,1908,5376
616,615,320,4,8,324,5376
430,615,1023,189,403,1212,5376
431,615,1011,189,402,1200,5376
894,615,3109,857,1823,3966,5376
403,615,1207,192,409,1399,5376
941,615,3288,973,2071,4261,5376
263,615,1444,281,597,1725,5376
210,615,1912,377,802,2289,5376
293,615,1982,350,744,2332,5376
472,615,809,127,270,936,5376
777,615,2090,477,1014,2567,5376
791,615,1988,434,923,2422,5376
045,615,2740,596,1268,3336,5376
182,615,2027,382,813,2409,5376
950,615,3374,998,2123,4372,5376
219,615,1968,398,846,2366,5376
374,615,1440,279,594,1719,5376
654,615,862,133,282,995,5376
825,615,2782,552,1175,3334,5376
832,615,2806,651,1385,3457,5376
010,615,2078,486,1034,2564,5376
215,615,1596,310,659,1906,5376
628,615,765,116,236,881,5376
325,615,1881,423,899,2304,5376
434,615,958,184,391,1142,5376
466,615,748,108,220,856,5376
093,615,0,0,930,0,5376
365,615,1813,400,852,2213,5376
768,615,1974,487,1037,2461,5376
030,615,2773,537,1142,3310,5376
360,615,1607,355,755,1962,5376
714,615,1777,410,872,2187,5376
590,615,2952,590,1255,3542,5376
363,615,1774,392,835,2166,5376
385,615,1285,257,547,1542,5376
728,615,1489,306,651,1795,5376
864,615,2848,795,1692,3643,5376
424,615,817,158,337,975,5376
951,615,3349,988,2103,4337,5376
938,615,3161,977,2079,4138,5376
476,615,766,133,282,899,5376
988,615,3660,884,1881,4544,5376
821,615,3079,651,1386,3730,5376
438,615,1126,222,473,1348,5376
089,615,2039,423,901,2462,5376
652,615,789,118,250,907,5376
310,615,1915,382,812,2297,5376
755,615,1580,343,729,1923,5376
175,615,1912,376,800,2288,5376
612,615,451,44,90,495,5376
224,615,1902,400,852,2302,5376
242,615,1384,278,592,1662,5376
102,615,2089,439,934,2528,5376
946,615,3278,971,2066,4249,5376
558,615,1289,248,528,1537,5376
727,615,1211,241,512,1452,5376
933,615,2931,924,1967,3855,5376
138,615,2126,417,888,2543,5376
304,615,2310,420,894,2730,5376
415,615,1363,255,543,1618,5376
005,615,1959,465,989,2424,5376
918,615,2389,914,1945,3303,5376
913,615,2878,926,1971,3804,5376
637,615,785,129,274,914,5376
412,615,1304,243,516,1547,5376
091,615,0,0,930,0,5376
452,615,1045,151,321,1196,5376
129,615,2380,497,1057,2877,5376
903,615,2413,923,1963,3336,5376
243,615,1558,323,687,1881,5376
948,615,3267,965,2053,4232,5376
626,615,438,40,81,478,5376
022,615,2759,524,1115,3283,5376
723,615,1031,212,452,1243,5376
183,615,1973,400,851,2373,5376
362,615,1507,329,701,1836,5376
347,615,2567,567,1207,3134,5376
877,615,2984,557,1186,3541,5376
202,615,1895,375,797,2270,5376
158,615,1574,300,639,1874,5376
514,615,875,172,367,1047,5376
638,615,861,161,343,1022,5376
060,615,2057,481,1023,2538,5376
298,615,2208,405,861,2613,5376
465,615,801,122,248,923,5376
033,615,2550,535,1139,3085,5376
595,615,3026,650,1384,3676,5376
910,615,2385,910,1936,3295,5376
799,615,2258,637,1355,2895,5376
032,615,2518,532,1131,3050,5376
902,615,2421,926,1970,3347,5376
377,615,1251,268,571,1519,5376
571,615,1291,257,547,1548,5376
511,615,1157,217,462,1374,5376
258,615,1469,283,603,1752,5376
656,615,1037,190,405,1227,5376
453,615,876,152,323,1028,5376
346,615,2492,543,1156,3035,5376
588,615,2300,513,1092,2813,5376
342,615,2585,571,1214,3156,5376
687,615,1094,245,521,1339,5376
388,615,1213,250,531,1463,5376
983,615,3799,965,2053,4764,5376
333,615,2840,643,1369,3483,5376
573,615,1419,302,643,1721,5376
249,615,1556,308,655,1864,5376
550,615,944,215,458,1159,5376
526,615,447,52,107,499,5376
523,615,580,86,176,666,5376
487,615,1057,217,461,1274,5376
378,615,1261,272,579,1533,5376
352,615,1135,306,652,1441,5376
260,615,1302,249,529,1551,5376
097,615,0,0,930,0,5376
236,615,1968,437,930,2405,5376
882,615,2385,549,1168,2934,5376
137,615,2146,424,902,2570,5376
551,615,944,215,458,1159,5376
599,615,3415,792,1686,4207,5376
920,615,3099,936,1992,4035,5376
046,615,2892,648,1379,3540,5376
611,615,647,68,138,715,5376
058,615,2515,535,1138,3050,5376
770,615,2200,517,1100,2717,5376
901,615,2400,919,1956,3319,5376
891,615,2818,792,1685,3610,5376
807,615,2092,392,833,2484,5376
426,615,1114,227,483,1341,5376
160,615,1330,277,590,1607,5376
634,615,527,73,148,600,5376
815,615,2957,554,1178,3511,5376
173,615,1854,357,760,2211,5376
871,615,2876,567,1206,3443,5376
780,615,2038,558,1187,2596,5376
164,615,1314,271,577,1585,5376
743,615,1215,237,504,1452,5376
752,615,1697,408,868,2105,5376
507,615,693,115,235,808,5376
657,615,1024,186,395,1210,5376
764,615,1817,438,931,2255,5376
957,615,3245,928,1974,4173,5376
338,615,2562,564,1201,3126,5376
961,615,3217,890,1894,4107,5376
320,615,2201,482,1025,2683,5376
209,615,1886,369,786,2255,5376
167,615,1676,317,675,1993,5376
959,615,3269,944,2008,4213,5376
541,615,885,165,351,1050,5376
259,615,1488,291,619,1779,5376
717,615,1540,318,676,1858,5376
786,615,2050,492,1046,2542,5376
850,615,3078,782,1664,3860,5376
159,615,1556,302,643,1858,5376
593,615,2618,531,1130,3149,5376
575,615,1705,345,734,2050,5376
981,615,3771,955,2032,4726,5376
142,615,1712,315,671,2027,5376
975,615,3793,1017,2164,4810,5376
823,615,2535,490,1042,3025,5376
718,615,1638,338,720,1976,5376
421,615,1104,203,431,1307,5376
834,615,2935,675,1436,3610,5376
895,615,3167,870,1850,4037,5376
197,615,1997,404,860,2401,5376
357,615,1087,274,584,1361,5376
798,615,2517,660,1405,3177,5376
416,615,1302,243,518,1545,5376
762,615,1652,386,822,2038,5376
623,615,464,54,110,518,5376
820,615,2272,427,909,2699,5376
615,615,310,2,4,312,5376
066,615,1976,462,982,2438,5376
989,615,3731,917,1952,4648,5376
086,615,2006,413,879,2419,5376
381,615,1024,215,457,1239,5376
936,615,3151,973,2071,4124,5376
120,615,1903,430,914,2333,5376
414,615,1398,228,486,1626,5376
505,615,882,176,375,1058,5376
650,615,891,147,313,1038,5376
407,615,1104,224,477,1328,5376
178,615,1955,361,769,2316,5376
984,615,3793,962,2047,4755,5376
749,615,1315,282,600,1597,5376
996,615,0,0,3868,0,5376
979,615,3214,793,1688,4007,5376
977,615,3803,981,2087,4784,5376
282,615,1695,380,808,2075,5376
246,615,1463,285,606,1748,5376
461,615,708,105,215,813,5376
290,615,2285,424,903,2709,5376
233,615,2011,450,957,2461,5376
108,615,2131,448,953,2579,5376
655,615,887,141,301,1028,5376
154,615,1490,274,584,1764,5376
999,615,0,0,2731,0,5376
203,615,1900,376,800,2276,5376
150,615,1398,274,582,1672,5376
038,615,2603,552,1174,3155,5376
614,615,362,26,54,388,5376
704,615,1703,377,802,2080,5376
811,615,2972,551,1173,3523,5376
692,615,1744,323,687,2067,5376
488,615,1056,169,360,1225,5376
949,615,3277,968,2060,4245,5376
257,615,1238,227,484,1465,5376
180,615,1940,394,838,2334,5376
195,615,1941,385,819,2326,5376
484,615,1003,200,426,1203,5376
165,615,1333,270,575,1603,5376
391,615,1341,312,664,1653,5376
499,615,1145,235,501,1380,5376
459,615,866,151,321,1017,5376
556,615,1346,280,595,1626,5376
557,615,1375,273,580,1648,5376
629,615,795,131,279,926,5376
331,615,2877,658,1399,3535,5376
367,615,1595,349,743,1944,5376
238,615,1909,420,894,2329,5376
390,615,1328,309,657,1637,5376
793,615,2196,498,1059,2694,5376
220,615,1889,375,797,2264,5376
584,615,1868,378,805,2246,5376
035,615,2543,541,1152,3084,5376
174,615,1874,364,774,2238,5376
664,615,1218,240,510,1458,5376
826,615,2556,490,1042,3046,5376
454,615,884,155,329,1039,5376
574,615,1603,357,759,1960,5376
133,615,2160,406,864,2566,5376
512,615,1252,242,515,1494,5376
560,615,1077,215,458,1292,5376
900,615,2405,919,1956,3324,5376
456,615,1310,206,439,1516,5376
598,615,3257,736,1567,3993,5376
685,615,1001,213,453,1214,5376
043,615,2745,598,1272,3343,5376
736,615,1614,360,767,1974,5376
688,615,1179,265,564,1444,5376
965,615,0,0,2052,0,5376
206,615,1906,393,836,2299,5376
285,615,2165,456,971,2621,5376
504,615,810,150,320,960,5376
029,615,2734,517,1100,3251,5376
644,615,1050,197,420,1247,5376
383,615,1030,212,450,1242,5376
711,615,1669,367,780,2036,5376
769,615,2071,516,1098,2587,5376
919,615,3135,947,2014,4082,5376
922,615,2984,899,1912,3883,5376
309,615,2193,400,852,2593,5376
447,615,1219,242,514,1461,5376
041,615,2668,573,1219,3241,5376
960,615,3290,963,2049,4253,5376
427,615,1030,183,390,1213,5376
976,615,3512,930,1978,4442,5376
184,615,2094,400,852,2494,5376
506,615,717,122,248,839,5376
123,615,1919,439,935,2358,5376
569,615,0,0,797,0,5376
751,615,1748,422,897,2170,5376
980,615,3764,952,2025,4716,5376
939,615,3408,1017,2163,4425,5376
229,615,1744,369,785,2113,5376
077,615,2073,434,923,2507,5376
156,615,1479,279,594,1758,5376
660,615,1217,209,445,1426,5376
247,615,1515,301,641,1816,5376
425,615,1068,212,451,1280,5376
146,615,1798,346,737,2144,5376
404,615,1256,202,430,1458,5376
846,615,2760,642,1367,3402,5376
840,615,2726,626,1332,3352,5376
075,615,2076,433,922,2509,5376
524,615,587,89,181,676,5376
115,615,2149,450,957,2599,5376
130,615,2022,382,812,2404,5376
121,615,1948,450,957,2398,5376
994,615,3520,865,1841,4385,5376
368,615,1667,376,799,2043,5376
205,615,1894,374,796,2268,5376
413,615,1370,224,477,1594,5376
420,615,866,160,340,1026,5376
592,615,2595,548,1165,3143,5376
966,615,0,0,2052,0,5376
583,615,2004,420,893,2424,5376
212,615,1911,376,801,2287,5376
998,615,0,0,3043,0,5376
297,615,2150,388,825,2538,5376
934,615,3147,992,2111,4139,5376
549,615,815,138,294,953,5376
230,615,1874,403,858,2277,5376
053,615,2053,481,1023,2534,5376
535,615,766,98,201,864,5376
804,615,2354,455,968,2809,5376
773,615,2171,504,1073,2675,5376
227,615,1799,384,817,2183,5376
757,615,1731,396,843,2127,5376
570,615,1299,258,550,1557,5376
516,615,1039,192,409,1231,5376
824,615,2951,583,1240,3534,5376
189,615,1980,406,863,2386,5376
134,615,2141,402,855,2543,5376
386,615,1071,231,491,1302,5376
897,615,3174,881,1874,4055,5376
026,615,2842,554,1178,3396,5376
393,615,1462,327,695,1789,5376
740,615,1312,268,571,1580,5376
781,615,2034,533,1134,2567,5376
931,615,3004,960,2043,3964,5376
265,615,1478,280,596,1758,5376
281,615,1738,393,837,2131,5376
237,615,2003,448,953,2451,5376
339,615,2685,601,1278,3286,5376
754,615,1633,390,830,2023,5376
128,615,2300,455,969,2755,5376
023,615,2793,535,1138,3328,5376
308,615,2180,392,835,2572,5376
469,615,669,98,199,767,5376
316,615,2007,435,925,2442,5376
098,615,0,0,930,0,5376
587,615,2137,458,975,2595,5376
674,615,1370,274,584,1644,5376
911,615,2388,912,1941,3300,5376
554,615,956,221,470,1177,5376
708,615,1732,387,824,2119,5376
179,615,2017,379,806,2396,5376
853,615,3131,798,1697,3929,5376
417,615,1192,239,508,1431,5376
225,615,1887,399,848,2286,5376
329,615,2610,578,1229,3188,5376
809,615,2714,467,993,3181,5376
145,615,1806,349,742,2155,5376
464,615,622,80,163,702,5376
276,615,1831,404,860,2235,5376
277,615,1787,395,840,2182,5376
148,615,2003,385,819,2388,5376
586,615,2174,469,997,2643,5376
508,615,957,164,350,1121,5376
831,615,2756,613,1305,3369,5376
775,615,2200,517,1101,2717,5376
851,615,3148,804,1710,3952,5376
964,615,0,0,2052,0,5376
843,615,2808,642,1365,3450,5376
562,615,1327,291,620,1618,5376
096,615,0,0,930,0,5376
340,615,0,0,1405,0,5376
155,615,1573,302,643,1875,5376
124,615,1943,455,969,2398,5376
270,615,1636,352,748,1988,5376
380,615,979,204,434,1183,5376
498,615,1090,216,460,1306,5376
467,615,945,150,319,1095,5376
371,615,1173,226,480,1399,5376
104,615,2112,444,945,2556,5376
705,615,1812,418,890,2230,5376
759,615,1814,426,906,2240,5376
725,615,1248,258,550,1506,5376
745,615,1396,301,641,1697,5376
700,615,1756,394,839,2150,5376
580,615,1611,339,721,1950,5376
366,615,1802,393,837,2195,5376
670,615,1376,285,606,1661,5376
318,615,1699,379,806,2078,5376
776,615,2047,463,986,2510,5376
496,615,1171,203,432,1374,5376
384,615,1035,249,529,1284,5376
610,615,653,73,149,726,5376
295,615,2394,440,937,2834,5376
986,615,3776,972,2068,4748,5376
082,615,2033,433,921,2466,5376
789,615,2126,523,1113,2649,5376
841,615,2723,626,1331,3349,5376
782,615,1976,530,1127,2506,5376
264,615,1440,275,585,1715,5376
458,615,966,180,384,1146,5376
395,615,1737,384,816,2121,5376
842,615,2727,623,1325,3350,5376
302,615,1751,345,733,2096,5376
034,615,2612,494,1050,3106,5376
597,615,3005,658,1399,3663,5376
912,615,2404,916,1949,3320,5376
090,615,0,0,930,0,5376
863,615,2996,751,1598,3747,5376
585,615,2031,423,899,2454,5376
845,615,2971,600,1277,3571,5376
186,615,2030,388,826,2418,5376
135,615,2152,404,860,2556,5376
101,615,2096,441,938,2537,5376
047,615,2981,678,1442,3659,5376
838,615,3454,812,1728,4266,5376
083,615,1997,419,892,2416,5376
016,615,2699,508,1080,3207,5376
559,615,886,188,400,1074,5376
408,615,1234,258,550,1492,5376
294,615,2328,432,920,2760,5376
170,615,1838,357,760,2195,5376
667,615,1215,238,507,1453,5376
061,615,2054,479,1020,2533,5376
672,615,1365,282,601,1647,5376
327,615,2522,552,1175,3074,5376
475,615,753,126,268,879,5376
537,615,781,100,205,881,5376
602,615,638,84,171,722,5376
300,615,1721,334,710,2055,5376
311,615,1702,329,701,2031,5376
286,615,1647,359,763,2006,5376
750,615,1697,405,862,2102,5376
783,615,2081,590,1255,2671,5376
982,615,3849,976,2077,4825,5376
084,615,2032,431,917,2463,5376
275,615,1803,394,838,2197,5376
881,615,2198,486,1033,2684,5376
068,615,1953,458,974,2411,5376
450,615,879,156,331,1035,5376
763,615,1660,384,816,2044,5376
455,615,910,162,344,1072,5376
040,615,2669,575,1223,3244,5376
328,615,2547,561,1193,3108,5376
480,615,1013,205,437,1218,5376
313,615,2456,455,969,2911,5376
370,615,1170,225,478,1395,5376
806,615,2279,431,918,2710,5376
532,615,821,110,225,931,5376
974,615,3957,1037,2207,4994,5376
971,615,3798,984,2093,4782,5376
883,615,2330,597,1271,2927,5376
477,615,768,134,285,902,5376
481,615,960,183,390,1143,5376
163,615,1371,284,605,1655,5376
513,615,1129,215,457,1344,5376
303,615,1703,329,701,2032,5376
100,615,2094,440,937,2534,5376
251,615,1349,245,521,1594,5376
760,615,1698,409,871,2107,5376
917,615,2369,905,1926,3274,5376
503,615,752,124,263,876,5376
244,615,1612,345,735,1957,5376
680,615,964,198,421,1162,5376
166,615,1584,314,669,1898,5376
765,615,1965,469,998,2434,5376
884,615,2635,488,1038,3123,5376
055,615,2772,531,1130,3303,5376
483,615,994,197,419,1191,5376
792,615,1822,415,882,2237,5376
738,615,1603,359,763,1962,5376
288,615,1404,319,679,1723,5376
800,615,2308,438,931,2746,5376
721,615,1361,267,569,1628,5376
188,615,2032,393,837,2425,5376
837,615,3124,767,1631,3891,5376
397,615,1287,279,593,1566,5376
547,615,857,179,380,1036,5376
958,615,3202,931,1981,4133,5376
836,615,3151,773,1644,3924,5376
024,615,2752,522,1110,3274,5376
935,615,2839,900,1914,3739,5376
932,615,3063,950,2021,4013,5376
747,615,1511,340,723,1851,5376
012,615,2023,465,989,2488,5376
042,615,2681,579,1232,3260,5376
647,615,1238,215,457,1453,5376
105,615,2150,445,947,2595,5376
622,615,637,85,173,722,5376
143,615,1678,308,655,1986,5376
326,615,2293,487,1037,2780,5376
261,615,1274,239,508,1513,5376
787,615,2064,493,1049,2557,5376
878,615,2715,603,1282,3318,5376
191,615,1966,402,855,2368,5376
679,615,2113,390,829,2503,5376
608,615,603,75,153,678,5376
797,615,2325,549,1169,2874,5376
095,615,0,0,930,0,5376
620,615,580,69,140,649,5376
766,615,1829,442,941,2271,5376
411,615,1346,216,459,1562,5376
553,615,1102,230,489,1332,5376
928,615,2383,912,1940,3295,5376
904,615,2428,924,1966,3352,5376
073,615,2081,437,929,2518,5376
930,615,2938,941,2003,3879,5376
865,615,2586,644,1370,3230,5376
252,615,1323,244,519,1567,5376
788,615,2163,587,1248,2750,5376
905,615,2415,924,1966,3339,5376
645,615,1210,208,442,1418,5376
669,615,1379,273,580,1652,5376
795,615,1973,479,1020,2452,5376
772,615,2193,515,1096,2708,5376
028,615,2715,513,1091,3228,5376
890,615,2821,791,1683,3612,5376
707,615,1768,400,850,2168,5376
835,615,3576,867,1844,4443,5376
446,615,1207,240,510,1447,5376
196,615,1931,382,812,2313,5376
973,615,3837,995,2118,4832,5376
525,615,560,87,177,647,5376
741,615,1293,262,558,1555,5376
267,615,1625,321,683,1946,5376
500,615,771,133,282,904,5376
065,615,2012,470,999,2482,5376
582,615,1817,376,799,2193,5376
956,615,3198,927,1973,4125,5376
080,615,1994,412,876,2406,5376
044,615,2849,633,1347,3482,5376
399,615,1703,329,701,2032,5376
944,615,3294,981,2088,4275,5376
406,615,1138,176,374,1314,5376
375,615,1023,214,456,1237,5376
471,615,808,154,328,962,5376
291,615,2176,398,846,2574,5376
924,615,2979,895,1905,3874,5376
181,615,1934,392,834,2326,5376
062,615,2639,495,1054,3134,5376
460,615,732,114,233,846,5376
870,615,2910,573,1220,3483,5376
305,615,1740,343,729,2083,5376
358,615,1068,267,569,1335,5376
548,615,1137,223,474,1360,5376
576,615,2018,426,906,2444,5376
501,615,743,119,254,862,5376
855,615,2966,759,1614,3725,5376
885,615,2259,636,1354,2895,5376
991,615,3551,854,1818,4405,5376
774,615,2276,533,1134,2809,5376
778,615,2011,496,1056,2507,5376
020,615,2771,527,1122,3298,5376
410,615,1091,164,348,1255,5376
118,615,2171,453,964,2624,5376
675,615,1519,314,669,1833,5376
079,615,2036,422,898,2458,5376
279,615,2046,468,996,2514,5376
478,615,702,90,183,792,5376
198,615,1984,399,849,2383,5376
963,615,0,0,2052,0,5376
433,615,1044,202,429,1246,5376
915,615,2415,918,1953,3333,5376
161,615,1263,260,553,1523,5376
859,615,2758,696,1480,3454,5376
565,615,1455,321,682,1776,5376
253,615,1348,247,525,1595,5376
758,615,1786,428,911,2214,5376
336,615,2500,545,1160,3045,5376
436,615,939,176,375,1115,5376
955,615,3507,1035,2203,4542,5376
457,615,1198,228,486,1426,5376
618,615,491,48,97,539,5376
087,615,2075,433,922,2508,5376
779,615,2135,548,1167,2683,5376
693,615,2234,419,892,2653,5376
235,615,1997,446,949,2443,5376
314,615,2422,450,957,2872,5376
027,615,2764,526,1120,3290,5376
733,615,2066,493,1049,2559,5376
990,615,3469,826,1758,4295,5376
122,615,1946,445,947,2391,5376
531,615,786,101,206,887,5376
114,615,2115,446,949,2561,5376
666,615,1143,221,471,1364,5376
617,615,392,20,40,412,5376
945,615,3259,967,2057,4226,5376
673,615,1246,245,521,1491,5376
676,615,1608,326,694,1934,5376
653,615,1040,164,349,1204,5376
127,615,2076,429,912,2505,5376
306,615,1813,360,767,2173,5376
246,547,1818,425,904,2243,5773
155,547,2085,411,875,2496,5773
298,547,2100,545,1159,2645,5773
268,547,2232,453,963,2685,5773
774,547,2506,631,1342,3137,5773
362,547,1913,487,1036,2400,5773
881,547,2419,580,1233,2999,5773
785,547,2483,748,1592,3231,5773
670,547,1247,337,716,1584,5773
144,547,2022,440,937,2462,5773
746,547,1560,368,783,1928,5773
257,547,1616,368,783,1984,5773
907,547,2838,948,2018,3786,5773
539,547,600,71,145,671,5773
581,547,856,152,324,1008,5773
453,547,1267,290,616,1557,5773
783,547,2302,684,1455,2986,5773
691,547,1855,360,765,2215,5773
304,547,2236,578,1229,2814,5773
672,547,1237,334,711,1571,5773
491,547,935,193,411,1128,5773
808,547,2418,505,1074,2923,5773
219,547,2458,507,1078,2965,5773
143,547,1896,401,853,2297,5773
662,547,972,249,529,1221,5773
043,547,2963,691,1470,3654,5773
738,547,1899,429,912,2328,5773
486,547,1355,302,643,1657,5773
544,547,432,48,98,480,5773
787,547,2332,587,1249,2919,5773
190,547,2383,511,1087,2894,5773
654,547,1020,304,647,1324,5773
679,547,1931,440,937,2371,5773
272,547,1915,510,1085,2425,5773
714,547,2223,581,1237,2804,5773
770,547,2429,614,1307,3043,5773
057,547,2571,572,1218,3143,5773
941,547,3246,977,2079,4223,5773
423,547,1390,321,683,1711,5773
681,547,1028,216,459,1244,5773
295,547,2245,580,1235,2825,5773
066,547,2971,555,1180,3526,5773
651,547,1017,310,659,1327,5773
247,547,1863,439,934,2302,5773
414,547,1403,368,784,1771,5773
041,547,2885,666,1416,3551,5773
019,547,2811,627,1334,3438,5773
912,547,2832,942,2005,3774,5773
890,547,2845,817,1739,3662,5773
880,547,2458,726,1545,3184,5773
417,547,1807,379,807,2186,5773
115,547,2550,548,1167,3098,5773
241,547,1858,487,1036,2345,5773
302,547,2183,502,1068,2685,5773
037,547,2637,597,1271,3234,5773
255,547,1678,381,810,2059,5773
958,547,3310,935,1989,4245,5773
237,547,2298,567,1207,2865,5773
361,547,1994,506,1077,2500,5773
401,547,1354,309,658,1663,5773
067,547,3022,560,1191,3582,5773
577,547,1879,325,692,2204,5773
633,547,943,268,570,1211,5773
198,547,2475,508,1081,2983,5773
017,547,2769,609,1296,3378,5773
668,547,1163,298,633,1461,5773
795,547,2193,573,1220,2766,5773
203,547,2380,485,1032,2865,5773
111,547,2499,540,1150,3039,5773
488,547,1218,262,557,1480,5773
525,547,929,191,406,1120,5773
889,547,2829,818,1741,3647,5773
932,547,3088,977,2078,4065,5773
587,547,1327,281,598,1608,5773
472,547,1199,267,568,1466,5773
739,547,1969,454,967,2423,5773
970,547,3369,855,1819,4224,5773
313,547,2339,612,1303,2951,5773
555,547,495,55,113,550,5773
831,547,2715,618,1314,3333,5773
822,547,2232,422,898,2654,5773
879,547,2463,722,1537,3185,5773
445,547,1540,345,733,1885,5773
986,547,3401,861,1832,4262,5773
358,547,1717,425,904,2142,5773
937,547,3185,1003,2135,4188,5773
351,547,1842,471,1002,2313,5773
612,547,775,138,294,913,5773
877,547,2649,596,1269,3245,5773
227,547,2364,493,1049,2857,5773
847,547,2775,747,1590,3522,5773
005,547,2980,564,1199,3544,5773
599,547,2975,659,1403,3634,5773
194,547,2369,507,1079,2876,5773
159,547,2038,402,856,2440,5773
186,547,2336,481,1024,2817,5773
341,547,3194,774,1647,3968,5773
782,547,2197,624,1327,2821,5773
590,547,2512,457,972,2969,5773
730,547,1844,412,876,2256,5773
455,547,1304,299,637,1603,5773
926,547,2834,946,2012,3780,5773
830,547,2717,572,1218,3289,5773
540,547,251,29,59,280,5773
039,547,2839,646,1375,3485,5773
377,547,1887,408,869,2295,5773
450,547,1277,296,629,1573,5773
124,547,2927,548,1166,3475,5773
368,547,2073,533,1134,2606,5773
400,547,1186,305,648,1491,5773
109,547,2493,531,1129,3024,5773
744,547,1659,404,860,2063,5773
585,547,1251,245,522,1496,5773
573,547,1060,203,432,1263,5773
204,547,2378,485,1031,2863,5773
501,547,862,153,325,1015,5773
794,547,2366,584,1242,2950,5773
020,547,2802,620,1320,3422,5773
337,547,3121,713,1518,3834,5773
332,547,3336,819,1742,4155,5773
151,547,1883,375,797,2258,5773
493,547,1179,247,525,1426,5773
031,547,2810,635,1351,3445,5773
779,547,2408,642,1367,3050,5773
726,547,1147,362,770,1509,5773
559,547,362,53,109,415,5773
024,547,2784,614,1307,3398,5773
285,547,2362,594,1263,2956,5773
114,547,2515,545,1159,3060,5773
615,547,887,179,380,1066,5773
376,547,2061,449,956,2510,5773
061,547,3076,572,1218,3648,5773
619,547,1014,218,463,1232,5773
604,547,686,161,342,847,5773
403,547,1259,333,708,1592,5773
692,547,1571,282,599,1853,5773
321,547,3030,686,1460,3716,5773
608,547,678,157,334,835,5773
635,547,1012,225,478,1237,5773
096,547,0,0,1140,0,5773
952,547,3336,955,2031,4291,5773
946,547,3237,975,2075,4212,5773
119,547,3060,576,1226,3636,5773
165,547,1632,363,772,1995,5773
515,547,993,207,441,1200,5773
737,547,1770,391,832,2161,5773
262,547,2097,433,922,2530,5773
596,547,2628,540,1148,3168,5773
658,547,1062,320,680,1382,5773
852,547,3605,886,1885,4491,5773
201,547,2355,481,1023,2836,5773
565,547,751,143,305,894,5773
594,547,2651,544,1158,3195,5773
326,547,2866,645,1372,3511,5773
588,547,1442,336,715,1778,5773
080,547,2415,521,1108,2936,5773
786,547,2318,586,1246,2904,5773
028,547,2750,605,1288,3355,5773
331,547,3325,815,1734,4140,5773
085,547,2445,525,1118,2970,5773
851,547,3647,898,1910,4545,5773
046,547,3110,741,1577,3851,5773
435,547,1186,258,549,1444,5773
094,547,0,0,1140,0,5773
135,547,2458,497,1057,2955,5773
653,547,1024,279,594,1303,5773
934,547,3171,1018,2167,4189,5773
991,547,3111,721,1535,3832,5773
055,547,2802,624,1328,3426,5773
994,547,3080,732,1558,3812,5773
595,547,2050,473,1007,2523,5773
170,547,2300,463,986,2763,5773
386,547,1586,402,856,1988,5773
769,547,2290,610,1297,2900,5773
310,547,2343,539,1147,2882,5773
821,547,2639,518,1103,3157,5773
070,547,2440,524,1115,2964,5773
366,547,2227,565,1203,2792,5773
084,547,2461,540,1150,3001,5773
097,547,0,0,1140,0,5773
460,547,1123,244,519,1367,5773
433,547,1406,316,673,1722,5773
303,547,2136,487,1036,2623,5773
249,547,1904,446,948,2350,5773
655,547,1037,313,666,1350,5773
685,547,1194,239,509,1433,5773
509,547,861,152,324,1013,5773
700,547,2179,566,1204,2745,5773
647,547,1057,284,605,1341,5773
274,547,1905,507,1078,2412,5773
505,547,828,136,290,964,5773
882,547,2606,643,1368,3249,5773
965,547,0,0,2061,0,5773
265,547,2029,405,862,2434,5773
083,547,2421,528,1124,2949,5773
432,547,1424,321,682,1745,5773
473,547,1188,264,562,1452,5773
962,547,0,0,2061,0,5773
648,547,1064,317,674,1381,5773
981,547,3331,822,1749,4153,5773
168,547,2056,414,880,2470,5773
426,547,1737,367,781,2104,5773
479,547,836,211,448,1047,5773
824,547,2610,484,1029,3094,5773
398,547,2317,578,1229,2895,5773
077,547,2477,535,1139,3012,5773
360,547,2012,512,1090,2524,5773
749,547,1717,421,895,2138,5773
177,547,2207,443,943,2650,5773
729,547,1523,415,883,1938,5773
359,547,1987,456,970,2443,5773
128,547,2517,548,1166,3065,5773
252,547,1678,384,817,2062,5773
804,547,2549,481,1024,3030,5773
282,547,1913,518,1103,2431,5773
520,547,630,109,222,739,5773
523,547,803,137,292,940,5773
308,547,2137,550,1170,2687,5773
014,547,2760,612,1302,3372,5773
496,547,1408,296,629,1704,5773
244,547,2248,483,1028,2731,5773
461,547,1129,243,516,1372,5773
921,547,3476,972,2069,4448,5773
250,547,1726,392,834,2118,5773
761,547,2186,499,1061,2685,5773
803,547,2523,472,1004,2995,5773
535,547,689,93,190,782,5773
342,547,3181,728,1549,3909,5773
465,547,989,209,445,1198,5773
906,547,2821,943,2007,3764,5773
623,547,1061,238,507,1299,5773
260,547,1698,376,800,2074,5773
065,547,3018,562,1196,3580,5773
470,547,1226,277,590,1503,5773
300,547,2154,491,1045,2645,5773
029,547,2768,610,1297,3378,5773
314,547,2297,602,1280,2899,5773
023,547,2820,627,1335,3447,5773
073,547,2479,536,1140,3015,5773
649,547,956,242,515,1198,5773
283,547,2058,553,1177,2611,5773
217,547,2305,463,985,2768,5773
950,547,3492,1002,2131,4494,5773
467,547,1113,243,517,1356,5773
448,547,1377,296,629,1673,5773
863,547,3481,845,1798,4326,5773
945,547,3217,971,2065,4188,5773
601,547,644,139,295,783,5773
184,547,2400,493,1049,2893,5773
293,547,1937,490,1042,2427,5773
675,547,1613,365,777,1978,5773
052,547,3016,559,1189,3575,5773
511,547,991,177,377,1168,5773
664,547,1117,290,618,1407,5773
172,547,2206,442,941,2648,5773
339,547,3128,758,1613,3886,5773
713,547,2152,561,1194,2713,5773
280,547,1900,514,1093,2414,5773
545,547,547,77,158,624,5773
766,547,2350,536,1140,2886,5773
347,547,3162,725,1542,3887,5773
068,547,2941,550,1171,3491,5773
271,547,1877,495,1054,2372,5773
841,547,2595,629,1339,3224,5773
580,547,888,162,344,1050,5773
407,547,1725,364,775,2089,5773
171,547,2323,465,990,2788,5773
765,547,2231,563,1198,2794,5773
147,547,1861,392,835,2253,5773
266,547,1853,428,911,2281,5773
996,547,0,0,3491,0,5773
687,547,1098,211,448,1309,5773
800,547,2497,464,987,2961,5773
979,547,3174,798,1697,3972,5773
883,547,2551,691,1471,3242,5773
865,547,2683,696,1480,3379,5773
468,547,1104,241,512,1345,5773
408,547,1863,399,848,2262,5773
180,547,2345,500,1063,2845,5773
093,547,0,0,1140,0,5773
532,547,807,122,248,929,5773
232,547,2185,526,1119,2711,5773
131,547,2355,483,1027,2838,5773
768,547,2194,581,1237,2775,5773
910,547,2811,936,1992,3747,5773
641,547,957,243,516,1200,5773
975,547,3560,955,2032,4515,5773
027,547,2794,619,1317,3413,5773
030,547,2801,630,1340,3431,5773
107,547,2505,539,1146,3044,5773
336,547,3089,703,1495,3792,5773
145,547,2024,442,940,2466,5773
086,547,2427,522,1111,2949,5773
157,547,1975,395,841,2370,5773
918,547,2816,940,2001,3756,5773
202,547,2377,484,1030,2861,5773
528,547,764,132,281,896,5773
181,547,2337,497,1058,2834,5773
924,547,3305,922,1961,4227,5773
560,547,556,85,173,641,5773
495,547,1121,238,507,1359,5773
297,547,2061,528,1123,2589,5773
723,547,1540,384,817,1924,5773
076,547,2490,536,1141,3026,5773
462,547,1115,238,506,1353,5773
234,547,2296,566,1205,2862,5773
671,547,1255,340,724,1595,5773
364,547,2191,548,1167,2739,5773
166,547,2074,415,882,2489,5773
105,547,2531,538,1145,3069,5773
898,547,2895,740,1575,3635,5773
530,547,619,127,271,746,5773
701,547,2184,567,1207,2751,5773
208,547,2349,474,1009,2823,5773
704,547,2128,548,1167,2676,5773
188,547,2339,486,1035,2825,5773
477,547,1295,291,620,1586,5773
833,547,2775,674,1435,3449,5773
988,547,3219,751,1597,3970,5773
430,547,1449,327,696,1776,5773
554,547,339,46,93,385,5773
466,547,939,193,410,1132,5773
160,547,1631,370,787,2001,5773
307,547,1969,447,952,2416,5773
301,547,2078,478,1017,2556,5773
311,547,2136,487,1036,2623,5773
660,547,1006,261,555,1267,5773
617,547,882,175,372,1057,5773
791,547,2339,513,1091,2852,5773
960,547,3248,967,2057,4215,5773
137,547,2455,517,1099,2972,5773
999,547,0,0,2354,0,5773
754,547,2024,518,1102,2542,5773
369,547,2058,533,1133,2591,5773
167,547,1894,410,873,2304,5773
985,547,3396,845,1797,4241,5773
187,547,2325,477,1014,2802,5773
733,547,2333,587,1248,2920,5773
033,547,2768,628,1337,3396,5773
164,547,1613,364,774,1977,5773
613,547,783,147,313,930,5773
294,547,2189,572,1218,2761,5773
296,547,2132,491,1044,2623,5773
058,547,2731,627,1335,3358,5773
209,547,2364,478,1018,2842,5773
905,547,2847,950,2022,3797,5773
236,547,2261,556,1183,2817,5773
122,547,2916,538,1145,3454,5773
476,547,1292,290,617,1582,5773
243,547,1905,460,979,2365,5773
750,547,2196,499,1061,2695,5773
719,547,1670,470,1001,2140,5773
064,547,3039,565,1203,3604,5773
210,547,2395,486,1035,2881,5773
562,547,705,119,243,824,5773
720,547,1580,440,937,2020,5773
412,547,1659,383,814,2042,5773
016,547,2735,600,1277,3335,5773
753,547,2199,501,1067,2700,5773
747,547,1924,478,1018,2402,5773
657,547,1080,329,699,1409,5773
784,547,2326,689,1467,3015,5773
406,547,1210,316,672,1526,5773
402,547,1302,295,627,1597,5773
324,547,2316,587,1249,2903,5773
637,547,1115,300,639,1415,5773
126,547,2896,537,1142,3433,5773
032,547,2734,624,1328,3358,5773
011,547,3114,580,1234,3694,5773
917,547,2792,932,1982,3724,5773
451,547,1192,307,653,1499,5773
415,547,1717,395,841,2112,5773
549,547,625,91,185,716,5773
840,547,2599,630,1341,3229,5773
920,547,3438,963,2048,4401,5773
025,547,2855,642,1367,3497,5773
393,547,1908,498,1060,2406,5773
102,547,2488,538,1145,3026,5773
745,547,1802,440,936,2242,5773
230,547,2167,522,1111,2689,5773
130,547,2325,474,1009,2799,5773
963,547,0,0,2061,0,5773
104,547,2509,542,1153,3051,5773
538,547,567,88,180,655,5773
666,547,1073,272,579,1345,5773
940,547,3256,988,2103,4244,5773
567,547,969,191,406,1160,5773
777,547,2554,645,1373,3199,5773
100,547,2492,539,1147,3031,5773
411,547,1368,356,757,1724,5773
436,547,1235,269,573,1504,5773
365,547,2260,572,1217,2832,5773
277,547,1998,533,1133,2531,5773
490,547,1054,218,463,1272,5773
864,547,3021,873,1857,3894,5773
112,547,2486,538,1144,3024,5773
116,547,2506,543,1155,3049,5773
158,547,1791,393,836,2184,5773
556,547,611,108,221,719,5773
273,547,1961,527,1122,2488,5773
516,547,1015,219,465,1234,5773
082,547,2461,542,1153,3003,5773
399,547,2136,487,1036,2623,5773
811,547,2604,578,1229,3182,5773
656,547,1081,329,701,1410,5773
710,547,2131,545,1159,2676,5773
492,547,1180,254,540,1434,5773
593,547,1745,354,753,2099,5773
330,547,3316,812,1727,4128,5773
387,547,1740,454,966,2194,5773
571,547,916,152,323,1068,5773
458,547,1248,277,589,1525,5773
140,547,1935,407,867,2342,5773
148,547,2309,478,1017,2787,5773
388,547,1659,421,896,2080,5773
205,547,2375,484,1029,2859,5773
570,547,939,158,337,1097,5773
736,547,1989,454,967,2443,5773
013,547,3133,586,1246,3719,5773
966,547,0,0,2061,0,5773
174,547,2349,473,1006,2822,5773
056,547,2660,606,1289,3266,5773
978,547,3189,796,1693,3985,5773
425,547,1679,352,749,2031,5773
371,547,1607,383,815,1990,5773
711,547,2116,538,1145,2654,5773
471,547,1302,294,626,1596,5773
925,547,3343,935,1989,4278,5773
953,547,3381,972,2069,4353,5773
758,547,2127,564,1199,2691,5773
021,547,2793,618,1314,3411,5773
483,547,1298,290,616,1588,5773
050,547,2624,595,1265,3219,5773
931,547,3028,987,2099,4015,5773
690,547,1672,354,754,2026,5773
976,547,3472,934,1987,4406,5773
206,547,2394,502,1068,2896,5773
218,547,2276,539,1147,2815,5773
320,547,2772,639,1360,3411,5773
936,547,3175,1000,2127,4175,5773
238,547,2209,541,1152,2750,5773
797,547,2546,643,1369,3189,5773
971,547,3423,873,1857,4296,5773
394,547,2058,524,1115,2582,5773
734,547,1826,454,966,2280,5773
893,547,2820,746,1588,3566,5773
405,547,1239,327,696,1566,5773
440,547,1457,322,686,1779,5773
248,547,1864,437,930,2301,5773
288,547,2080,459,977,2539,5773
370,547,1604,382,813,1986,5773
857,547,2874,854,1818,3728,5773
182,547,2332,475,1011,2807,5773
789,547,2396,617,1312,3013,5773
404,547,1294,342,728,1636,5773
026,547,2864,647,1376,3511,5773
645,547,930,234,498,1164,5773
196,547,2414,491,1044,2905,5773
452,547,1150,291,620,1441,5773
319,547,2094,536,1140,2630,5773
089,547,2437,524,1115,2961,5773
132,547,2328,474,1009,2802,5773
751,547,2259,516,1097,2775,5773
042,547,2899,672,1430,3571,5773
846,547,2629,646,1375,3275,5773
776,547,2521,635,1351,3156,5773
993,547,3106,754,1604,3860,5773
755,547,2028,515,1095,2543,5773
541,547,622,90,183,712,5773
843,547,2677,645,1373,3322,5773
845,547,2568,627,1333,3195,5773
870,547,2723,667,1420,3390,5773
510,547,969,171,364,1140,5773
054,547,2637,595,1267,3232,5773
261,547,1697,376,801,2073,5773
894,547,3067,861,1831,3928,5773
059,547,2784,642,1367,3426,5773
240,547,1867,481,1024,2348,5773
873,547,2672,697,1482,3369,5773
485,547,1279,282,601,1561,5773
060,547,3079,573,1220,3652,5773
134,547,2447,494,1052,2941,5773
413,547,1380,364,775,1744,5773
012,547,3023,558,1187,3581,5773
927,547,2823,942,2005,3765,5773
424,547,1365,316,672,1681,5773
418,547,1661,391,832,2052,5773
480,547,1321,298,634,1619,5773
035,547,2761,634,1350,3395,5773
527,547,774,134,285,908,5773
954,547,3274,991,2108,4265,5773
834,547,2647,594,1264,3241,5773
299,547,2229,585,1245,2814,5773
449,547,1421,311,662,1732,5773
383,547,1312,371,789,1683,5773
990,547,3028,693,1474,3721,5773
741,547,1645,401,854,2046,5773
721,547,1533,422,897,1955,5773
439,547,1666,374,796,2040,5773
716,547,1828,475,1010,2303,5773
628,547,1064,268,571,1332,5773
825,547,2578,500,1064,3078,5773
801,547,2527,476,1012,3003,5773
922,547,3417,956,2033,4373,5773
192,547,2383,511,1087,2894,5773
788,547,2383,681,1448,3064,5773
229,547,2394,506,1077,2900,5773
948,547,3227,969,2062,4196,5773
835,547,3135,733,1560,3868,5773
113,547,2508,542,1154,3050,5773
618,547,966,203,432,1169,5773
270,547,1857,489,1040,2346,5773
494,547,1164,240,511,1404,5773
547,547,215,15,30,230,5773
856,547,2849,846,1800,3695,5773
456,547,1344,346,737,1690,5773
639,547,1173,321,684,1494,5773
431,547,1437,327,695,1764,5773
895,547,3126,874,1859,4000,5773
193,547,2449,501,1065,2950,5773
605,547,667,150,320,817,5773
142,547,1928,408,868,2336,5773
939,547,3529,1020,2171,4549,5773
961,547,3175,894,1902,4069,5773
189,547,2400,515,1096,2915,5773
375,547,1533,386,821,1919,5773
815,547,2587,580,1234,3167,5773
325,547,2287,580,1234,2867,5773
287,547,2070,458,974,2528,5773
790,547,2290,506,1077,2796,5773
913,547,2903,953,2028,3856,5773
152,547,1864,372,791,2236,5773
409,547,1783,376,801,2159,5773
092,547,0,0,1140,0,5773
706,547,2486,613,1304,3099,5773
717,547,1726,490,1042,2216,5773
813,547,2752,632,1344,3384,5773
630,547,944,262,557,1206,5773
487,547,1371,309,658,1680,5773
973,547,3461,885,1882,4346,5773
133,547,2466,499,1061,2965,5773
543,547,638,94,192,732,5773
622,547,913,253,539,1166,5773
607,547,659,145,309,804,5773
982,547,3407,843,1793,4250,5773
512,547,922,152,324,1074,5773
215,547,2121,421,896,2542,5773
983,547,3358,831,1769,4189,5773
346,547,3081,701,1491,3782,5773
422,547,1458,338,719,1796,5773
875,547,2749,629,1339,3378,5773
427,547,1409,323,688,1732,5773
956,547,3307,932,1982,4239,5773
531,547,610,124,263,734,5773
616,547,883,177,377,1060,5773
748,547,1744,427,908,2171,5773
322,547,2813,653,1389,3466,5773
334,547,3238,785,1671,4023,5773
335,547,3094,704,1497,3798,5773
806,547,2466,458,974,2924,5773
683,547,1231,253,538,1484,5773
712,547,1993,522,1110,2515,5773
606,547,668,150,320,818,5773
284,547,2365,604,1285,2969,5773
373,547,1942,441,938,2383,5773
101,547,2495,540,1149,3035,5773
087,547,2503,542,1154,3045,5773
141,547,1934,408,868,2342,5773
855,547,3452,853,1814,4305,5773
506,547,757,120,255,877,5773
352,547,1820,464,987,2284,5773
286,547,1873,499,1061,2372,5773
923,547,3283,914,1944,4197,5773
526,547,968,211,449,1179,5773
661,547,964,245,522,1209,5773
226,547,2272,462,982,2734,5773
903,547,2844,949,2019,3793,5773
098,547,0,0,1140,0,5773
421,547,1485,343,729,1828,5773
537,547,681,89,182,770,5773
904,547,2861,951,2023,3812,5773
457,547,1639,366,779,2005,5773
902,547,2854,952,2026,3806,5773
139,547,2406,507,1079,2913,5773
317,547,2325,575,1223,2900,5773
575,547,1364,246,523,1610,5773
173,547,2326,466,992,2792,5773
281,547,1951,532,1131,2483,5773
464,547,704,166,354,870,5773
053,547,3077,574,1221,3651,5773
772,547,2426,613,1305,3039,5773
036,547,3124,589,1254,3713,5773
959,547,3227,948,2016,4175,5773
705,547,2234,590,1255,2824,5773
933,547,2955,951,2023,3906,5773
583,547,1226,243,516,1469,5773
207,547,2386,486,1034,2872,5773
125,547,2914,539,1146,3453,5773
805,547,2494,463,986,2957,5773
292,547,2056,530,1128,2586,5773
015,547,2733,599,1275,3332,5773
626,547,1001,213,453,1214,5773
757,547,2120,548,1166,2668,5773
885,547,2480,730,1554,3210,5773
827,547,2147,381,811,2528,5773
051,547,3079,580,1233,3659,5773
395,547,2161,555,1181,2716,5773
267,547,2157,432,920,2589,5773
392,547,1845,480,1021,2325,5773
724,547,1256,352,750,1608,5773
235,547,2291,565,1202,2856,5773
079,547,2413,516,1098,2929,5773
478,547,1135,243,518,1378,5773
728,547,1586,440,937,2026,5773
150,547,1836,366,779,2202,5773
074,547,2440,521,1108,2961,5773
859,547,3228,790,1680,4018,5773
620,547,871,237,505,1108,5773
103,547,2461,531,1130,2992,5773
826,547,2348,436,928,2784,5773
276,547,2039,542,1153,2581,5773
153,547,1940,384,818,2324,5773
183,547,2339,493,1048,2832,5773
482,547,1290,287,611,1577,5773
644,547,1025,224,476,1249,5773
521,547,501,74,152,575,5773
224,547,2167,509,1084,2676,5773
574,547,1137,221,471,1358,5773
928,547,2810,938,1996,3748,5773
420,547,1156,317,675,1473,5773
328,547,3140,718,1528,3858,5773
072,547,2438,524,1115,2962,5773
558,547,469,75,154,544,5773
161,547,1560,353,751,1913,5773
853,547,3627,891,1896,4518,5773
842,547,2600,627,1334,3227,5773
551,547,299,40,81,339,5773
443,547,1489,326,694,1815,5773
665,547,1120,290,618,1410,5773
500,547,867,155,330,1022,5773
810,547,2476,539,1147,3015,5773
178,547,2258,454,967,2712,5773
627,547,976,205,436,1181,5773
504,547,588,104,212,692,5773
120,547,2848,522,1111,3370,5773
069,547,2575,544,1158,3119,5773
586,547,1354,291,620,1645,5773
263,547,2038,418,890,2456,5773
569,547,0,0,1030,0,5773
185,547,2367,485,1031,2852,5773
091,547,0,0,1140,0,5773
955,547,3481,1044,2222,4525,5773
908,547,2838,948,2018,3786,5773
561,547,812,120,255,932,5773
499,547,747,121,258,868,5773
780,547,2258,652,1387,2910,5773
829,547,2524,565,1202,3089,5773
316,547,2393,592,1260,2985,5773
759,547,2262,598,1272,2860,5773
497,547,1559,341,726,1900,5773
344,547,2973,667,1419,3640,5773
264,547,2030,413,878,2443,5773
197,547,2492,514,1093,3006,5773
837,547,3084,771,1640,3855,5773
850,547,3571,876,1864,4447,5773
984,547,3353,829,1764,4182,5773
195,547,2425,494,1051,2919,5773
223,547,2381,487,1037,2868,5773
949,547,3236,972,2069,4208,5773
611,547,790,120,245,910,5773
625,547,967,202,430,1169,5773
998,547,0,0,2666,0,5773
367,547,2001,507,1078,2508,5773
489,547,1196,256,545,1452,5773
044,547,3066,726,1544,3792,5773
149,547,2326,481,1024,2807,5773
378,547,1900,412,877,2312,5773
667,547,1153,306,652,1459,5773
315,547,2437,608,1293,3045,5773
707,547,2191,571,1215,2762,5773
222,547,2371,483,1028,2854,5773
597,547,2565,525,1116,3090,5773
735,547,1977,452,962,2429,5773
781,547,2304,627,1333,2931,5773
212,547,2392,486,1033,2878,5773
725,547,1271,431,916,1702,5773
760,547,2202,503,1071,2705,5773
220,547,2370,484,1030,2854,5773
279,547,2347,590,1255,2937,5773
075,547,2454,526,1120,2980,5773
216,547,2445,507,1078,2952,5773
676,547,1651,359,764,2010,5773
566,547,926,153,326,1079,5773
442,547,1467,324,690,1791,5773
350,547,1840,470,1001,2310,5773
995,547,0,0,3298,0,5773
798,547,2737,754,1604,3491,5773
838,547,3014,679,1445,3693,5773
049,547,2979,696,1481,3675,5773
154,547,2028,397,844,2425,5773
609,547,754,183,389,937,5773
381,547,1534,386,822,1920,5773
871,547,2694,661,1406,3355,5773
964,547,0,0,2061,0,5773
048,547,2998,702,1494,3700,5773
762,547,2143,480,1022,2623,5773
242,547,1741,419,891,2160,5773
977,547,3427,870,1851,4297,5773
816,547,2522,538,1145,3060,5773
010,547,3109,579,1231,3688,5773
391,547,1854,484,1029,2338,5773
778,547,2278,590,1255,2868,5773
390,547,1840,480,1022,2320,5773
225,547,2152,508,1080,2660,5773
688,547,1392,291,620,1683,5773
534,547,644,128,273,772,5773
211,547,2379,482,1025,2861,5773
357,547,1743,432,919,2175,5773
110,547,2527,547,1163,3074,5773
743,547,1565,376,799,1941,5773
382,547,1214,341,726,1555,5773
584,547,1108,201,428,1309,5773
372,547,1582,375,797,1957,5773
106,547,2511,537,1142,3048,5773
836,547,3110,777,1653,3887,5773
138,547,2434,510,1085,2944,5773
078,547,2383,505,1075,2888,5773
123,547,2881,533,1133,3414,5773
309,547,2107,546,1162,2653,5773
289,547,2132,473,1006,2605,5773
916,547,2853,946,2013,3799,5773
708,547,2157,559,1190,2716,5773
799,547,2478,731,1555,3209,5773
040,547,2887,668,1421,3555,5773
542,547,685,107,218,792,5773
900,547,2834,946,2012,3780,5773
572,547,907,155,329,1062,5773
740,547,1662,407,866,2069,5773
340,547,0,0,1740,0,5773
438,547,1503,339,722,1842,5773
767,547,2384,540,1149,2924,5773
221,547,2358,481,1024,2839,5773
475,547,1274,283,603,1557,5773
090,547,0,0,1140,0,5773
814,547,2648,593,1261,3241,5773
860,547,2771,783,1666,3554,5773
631,547,922,253,539,1175,5773
275,547,2015,532,1131,2547,5773
356,547,1738,436,928,2174,5773
374,547,1931,437,929,2368,5773
550,547,299,40,81,339,5773
992,547,3022,690,1468,3712,5773
256,547,1774,406,864,2180,5773
793,547,2417,592,1259,3009,5773
844,547,2599,627,1334,3226,5773
677,547,1772,386,821,2158,5773
338,547,3156,722,1536,3878,5773
251,547,1706,385,820,2091,5773
063,547,2671,588,1251,3259,5773
146,547,2015,439,934,2454,5773
673,547,1402,317,674,1719,5773
763,547,2042,478,1016,2520,5773
062,547,2682,588,1252,3270,5773
820,547,2296,454,965,2750,5773
919,547,3499,979,2083,4478,5773
897,547,3132,885,1882,4017,5773
127,547,2452,522,1110,2974,5773
507,547,813,141,300,954,5773
727,547,1189,380,809,1569,5773
514,547,921,169,359,1090,5773
634,547,1094,251,535,1345,5773
446,547,1513,337,718,1850,5773
175,547,2392,485,1032,2877,5773
038,547,2821,645,1372,3466,5773
179,547,2369,486,1034,2855,5773
823,547,2490,493,1048,2983,5773
603,547,664,149,316,813,5773
957,547,3354,932,1983,4286,5773
396,547,2008,515,1096,2523,5773
548,547,390,49,100,439,5773
410,547,1180,304,647,1484,5773
176,547,2376,480,1022,2856,5773
088,547,2426,520,1107,2946,5773
231,547,2184,529,1125,2713,5773
600,547,668,145,309,813,5773
764,547,2337,532,1131,2869,5773
018,547,2801,623,1326,3424,5773
638,547,1184,333,708,1517,5773
935,547,2863,926,1970,3789,5773
938,547,3184,1003,2135,4187,5773
640,547,963,245,522,1208,5773
610,547,637,128,272,765,5773
397,547,1733,450,958,2183,5773
047,547,3198,770,1639,3968,5773
318,547,2105,536,1141,2641,5773
947,547,3233,972,2069,4205,5773
163,547,1674,377,802,2051,5773
686,547,1239,249,530,1488,5773
278,547,2304,576,1225,2880,5773
095,547,0,0,1140,0,5773
469,547,1045,226,480,1271,5773
355,547,1780,454,965,2234,5773
498,547,794,142,302,936,5773
503,547,860,152,324,1012,5773
481,547,1258,276,587,1534,5773
911,547,2814,939,1997,3753,5773
441,547,1444,316,672,1760,5773
258,547,1815,421,895,2236,5773
951,547,3465,992,2111,4457,5773
136,547,2308,519,1105,2827,5773
214,547,2415,494,1051,2909,5773
379,547,1881,406,864,2287,5773
591,547,2458,438,931,2896,5773
598,547,2817,603,1284,3420,5773
290,547,2155,564,1201,2719,5773
524,547,795,133,283,928,5773
678,547,1791,419,892,2210,5773
809,547,2422,499,1061,2921,5773
796,547,2161,569,1210,2730,5773
901,547,2829,946,2012,3775,5773
629,547,1091,289,614,1380,5773
239,547,2099,560,1192,2659,5773
071,547,2440,524,1115,2964,5773
718,547,1811,510,1086,2321,5773
807,547,2116,418,889,2534,5773
680,547,1111,219,465,1330,5773
129,547,2598,590,1255,3188,5773
447,547,1516,336,715,1852,5773
563,547,610,89,182,699,5773
484,547,1311,293,624,1604,5773
118,547,2575,552,1175,3127,5773
191,547,2384,511,1087,2895,5773
812,547,2527,541,1151,3068,5773
674,547,1246,325,692,1571,5773
553,547,500,55,112,555,5773
592,547,1707,370,788,2077,5773
722,547,1532,420,893,1952,5773
081,547,2394,514,1094,2908,5773
773,547,2391,598,1273,2989,5773
703,547,2215,579,1231,2794,5773
731,547,1824,407,865,2231,5773
693,547,2196,424,903,2620,5773
513,547,856,137,292,993,5773
305,547,2155,495,1053,2650,5773
384,547,1667,406,864,2073,5773
891,547,2844,819,1742,3663,5773
245,547,1931,507,1078,2438,5773
349,547,3144,761,1619,3905,5773
684,547,1196,243,516,1439,5773
463,547,719,170,362,889,5773
508,547,939,191,406,1130,5773
915,547,2845,945,2010,3790,5773
997,547,0,0,3183,0,5773
327,547,3112,710,1510,3822,5773
650,547,1030,316,673,1346,5773
582,547,1060,198,422,1258,5773
557,547,562,101,206,663,5773
474,547,1214,264,562,1478,5773
459,547,1264,291,620,1555,5773
669,547,1202,299,636,1501,5773
385,547,1674,406,863,2080,5773
980,547,3322,818,1741,4140,5773
884,547,2429,554,1179,2983,5773
878,547,2507,697,1482,3204,5773
333,547,3286,801,1704,4087,5773
602,547,672,150,319,822,5773
108,547,2512,540,1150,3052,5773
437,547,1561,352,750,1913,5773
380,547,1294,376,800,1670,5773
416,547,1657,384,816,2041,5773
259,547,1836,429,912,2265,5773
974,547,3582,926,1971,4508,5773
624,547,1127,239,509,1366,5773
564,547,648,114,232,762,5773
200,547,2377,484,1030,2861,5773
802,547,2506,467,993,2973,5773
943,547,3256,991,2108,4247,5773
454,547,1276,292,622,1568,5773
756,547,2141,548,1165,2689,5773
689,547,1451,301,641,1752,5773
752,547,2198,501,1067,2699,5773
329,547,3208,735,1564,3943,5773
291,547,2076,538,1144,2614,5773
636,547,968,280,596,1248,5773
546,547,406,45,91,451,5773
646,547,890,227,483,1117,5773
389,547,1668,429,912,2097,5773
117,547,2617,558,1188,3175,5773
972,547,3369,856,1821,4225,5773
652,547,1239,286,608,1525,5773
874,547,2736,642,1367,3378,5773
614,547,915,188,400,1103,5773
306,547,2244,518,1102,2762,5773
775,547,2463,625,1330,3088,5773
022,547,2791,617,1313,3408,5773
156,547,1958,383,815,2341,5773
434,547,1256,276,588,1532,5773
034,547,2654,586,1247,3240,5773
832,547,2685,627,1335,3312,5773
930,547,2962,968,2059,3930,5773
121,547,2926,543,1155,3469,5773
502,547,869,156,331,1025,5773
323,547,2420,602,1281,3022,5773
576,547,1315,288,612,1603,5773
162,547,1704,378,805,2082,5773
169,547,2239,459,977,2698,5773
233,547,2304,569,1210,2873,5773
354,547,1863,489,1041,2352,5773
199,547,2508,527,1121,3035,5773
228,547,2336,485,1031,2821,5773
045,547,2957,689,1465,3646,5773
312,547,2299,529,1126,2828,5773
828,547,2403,430,914,2833,5773
942,547,3310,935,1990,4245,5773
253,547,1705,387,824,2092,5773
444,547,1565,353,751,1918,5773
944,547,3253,986,2097,4239,5773
363,547,2179,550,1170,2729,5773
989,547,3290,784,1668,4074,5773
792,547,2215,509,1082,2724,5773
254,547,2255,454,965,2709,5773
914,547,2869,948,2018,3817,5773
522,547,802,137,292,939,5773
463,729,1144,371,790,1515,5159
242,729,1540,371,789,1911,5159
540,729,1518,471,1002,1989,5159
547,729,1526,477,1014,2003,5159
040,729,3202,799,1699,4001,5159
842,729,2877,650,1382,3527,5159
976,729,3468,956,2033,4424,5159
489,729,1531,454,966,1985,5159
595,729,3219,758,1612,3977,5159
249,729,1841,445,947,2286,5159
672,729,808,143,305,951,5159
981,729,3864,1028,2188,4892,5159
990,729,3577,904,1924,4481,5159
202,729,2277,545,1159,2822,5159
825,729,2742,579,1231,3321,5159
686,729,1472,334,710,1806,5159
900,729,2163,718,1528,2881,5159
329,729,2878,588,1252,3466,5159
808,729,2054,390,830,2444,5159
581,729,2029,527,1121,2556,5159
145,729,2419,599,1275,3018,5159
613,729,1042,331,704,1373,5159
893,729,2693,725,1542,3418,5159
634,729,907,241,513,1148,5159
480,729,2032,491,1044,2523,5159
334,729,2742,638,1358,3380,5159
840,729,2870,650,1384,3520,5159
414,729,1626,373,793,1999,5159
010,729,2976,717,1526,3693,5159
596,729,3194,757,1610,3951,5159
983,729,3891,1038,2208,4929,5159
736,729,759,140,297,899,5159
025,729,3210,765,1627,3975,5159
571,729,1636,415,883,2051,5159
943,729,2766,845,1797,3611,5159
224,729,2187,538,1145,2725,5159
525,729,1219,355,756,1574,5159
323,729,1996,432,920,2428,5159
461,729,1231,340,724,1571,5159
926,729,2163,718,1528,2881,5159
657,729,672,100,204,772,5159
622,729,833,236,502,1069,5159
889,729,2141,613,1305,2754,5159
341,729,2700,627,1335,3327,5159
554,729,1484,458,974,1942,5159
853,729,2189,576,1226,2765,5159
844,729,2877,650,1382,3527,5159
134,729,2950,652,1388,3602,5159
209,729,2285,546,1161,2831,5159
121,729,2878,701,1491,3579,5159
528,729,1377,352,748,1729,5159
530,729,1400,415,882,1815,5159
318,729,1584,393,836,1977,5159
644,729,1197,281,597,1478,5159
011,729,2971,715,1522,3686,5159
122,729,2871,696,1480,3567,5159
012,729,2952,712,1515,3664,5159
979,729,3174,820,1745,3994,5159
728,729,364,28,58,392,5159
170,729,2341,569,1211,2910,5159
600,729,1154,374,796,1528,5159
326,729,2509,499,1061,3008,5159
608,729,1111,362,771,1473,5159
985,729,3911,1045,2223,4956,5159
354,729,1115,253,538,1368,5159
850,729,2139,561,1194,2700,5159
204,729,2278,545,1160,2823,5159
955,729,3241,985,2095,4226,5159
786,729,1063,267,569,1330,5159
760,729,844,185,394,1029,5159
648,729,529,68,138,597,5159
105,729,2694,662,1408,3356,5159
626,729,946,275,586,1221,5159
653,729,732,177,376,909,5159
873,729,1810,410,872,2220,5159
809,729,2102,399,848,2501,5159
090,729,0,0,1375,0,5159
916,729,2182,719,1529,2901,5159
535,729,1353,393,836,1746,5159
462,729,1234,342,727,1576,5159
246,729,1677,398,846,2075,5159
394,729,1056,271,577,1327,5159
863,729,2063,530,1128,2593,5159
580,729,2050,529,1126,2579,5159
729,729,269,6,13,275,5159
289,729,1313,335,713,1648,5159
857,729,1896,540,1148,2436,5159
804,729,2065,422,898,2487,5159
509,729,1366,342,727,1708,5159
022,729,3170,748,1591,3918,5159
245,729,1930,464,987,2394,5159
014,729,3139,743,1580,3882,5159
374,729,1309,293,624,1602,5159
448,729,1691,456,970,2147,5159
376,729,1390,361,768,1751,5159
191,729,2478,608,1294,3086,5159
215,729,2701,518,1103,3219,5159
617,729,1002,304,647,1306,5159
471,729,1057,319,678,1376,5159
298,729,2052,426,907,2478,5159
310,729,1710,396,842,2106,5159
435,729,1465,433,921,1898,5159
641,729,921,252,537,1173,5159
827,729,2589,555,1181,3144,5159
108,729,2656,658,1399,3314,5159
962,729,0,0,1808,0,5159
065,729,2853,685,1458,3538,5159
244,729,2406,464,987,2870,5159
524,729,1512,388,826,1900,5159
299,729,2250,476,1013,2726,5159
146,729,2411,597,1270,3008,5159
120,729,2818,680,1447,3498,5159
342,729,2847,581,1236,3428,5159
584,729,2290,563,1198,2853,5159
660,729,909,242,515,1151,5159
675,729,1064,204,435,1268,5159
801,729,2027,409,871,2436,5159
288,729,1391,367,781,1758,5159
741,729,415,61,125,476,5159
074,729,2607,644,1371,3251,5159
512,729,1613,406,863,2019,5159
441,729,1755,477,1014,2232,5159
972,729,3701,993,2113,4694,5159
572,729,1765,465,990,2230,5159
982,729,3942,1050,2233,4992,5159
410,729,1500,354,753,1854,5159
476,729,981,282,599,1263,5159
179,729,2690,590,1256,3280,5159
639,729,813,164,349,977,5159
278,729,2065,515,1096,2580,5159
689,729,1343,285,606,1628,5159
158,729,2154,539,1147,2693,5159
313,729,2257,470,1000,2727,5159
336,729,2749,556,1183,3305,5159
958,729,2569,858,1826,3427,5159
449,729,1651,442,940,2093,5159
432,729,1536,408,869,1944,5159
647,729,611,111,227,722,5159
060,729,2928,704,1498,3632,5159
221,729,2245,537,1142,2782,5159
132,729,2830,632,1345,3462,5159
837,729,3084,793,1688,3877,5159
184,729,2833,630,1341,3463,5159
456,729,1722,405,861,2127,5159
796,729,1175,251,533,1426,5159
478,729,1014,307,654,1321,5159
129,729,2991,747,1590,3738,5159
690,729,1516,322,685,1838,5159
944,729,2795,850,1809,3645,5159
162,729,2064,524,1114,2588,5159
635,729,931,245,522,1176,5159
018,729,3182,754,1605,3936,5159
773,729,1017,280,596,1297,5159
442,729,1740,472,1004,2212,5159
066,729,2810,677,1440,3487,5159
404,729,1441,329,699,1770,5159
881,729,1442,265,563,1707,5159
789,729,1114,299,636,1413,5159
915,729,2173,717,1525,2890,5159
017,729,3148,740,1575,3888,5159
619,729,986,294,625,1280,5159
475,729,1015,298,633,1313,5159
649,729,921,252,537,1173,5159
506,729,1557,405,861,1962,5159
268,729,2696,516,1097,3212,5159
670,729,801,139,296,940,5159
460,729,1256,354,754,1610,5159
681,729,1340,321,684,1661,5159
427,729,913,285,606,1198,5159
111,729,2623,651,1385,3274,5159
041,729,3201,797,1695,3998,5159
756,729,779,175,373,954,5159
548,729,1902,518,1103,2420,5159
075,729,2620,650,1383,3270,5159
110,729,2650,657,1398,3307,5159
085,729,2544,626,1332,3170,5159
668,729,976,204,435,1180,5159
829,729,2526,588,1250,3114,5159
137,729,2923,664,1412,3587,5159
497,729,2072,539,1147,2611,5159
590,729,3061,668,1421,3729,5159
194,729,2483,611,1300,3094,5159
417,729,1437,384,818,1821,5159
490,729,1429,419,892,1848,5159
454,729,1338,381,810,1719,5159
951,729,2488,836,1779,3324,5159
998,729,0,0,3271,0,5159
661,729,917,250,532,1167,5159
187,729,2757,614,1306,3371,5159
561,729,1664,429,913,2093,5159
607,729,1127,367,780,1494,5159
939,729,2425,822,1748,3247,5159
347,729,2828,578,1230,3406,5159
586,729,2607,658,1399,3265,5159
706,729,1030,264,562,1294,5159
094,729,0,0,1375,0,5159
054,729,3031,753,1603,3784,5159
593,729,2996,701,1492,3697,5159
082,729,2497,622,1323,3119,5159
785,729,1347,430,915,1777,5159
816,729,2327,479,1019,2806,5159
776,729,1059,293,624,1352,5159
824,729,2930,616,1310,3546,5159
118,729,2696,663,1410,3359,5159
361,729,1419,342,728,1761,5159
352,729,1089,319,679,1408,5159
799,729,1501,416,885,1917,5159
486,729,2083,500,1063,2583,5159
328,729,2806,572,1217,3378,5159
227,729,2656,506,1077,3162,5159
800,729,2023,405,861,2428,5159
402,729,1034,309,657,1343,5159
384,729,895,229,488,1124,5159
160,729,1974,509,1083,2483,5159
412,729,1608,386,822,1994,5159
446,729,1740,469,998,2209,5159
300,729,1535,348,741,1883,5159
482,729,1997,480,1022,2477,5159
737,729,700,119,253,819,5159
285,729,2122,533,1134,2655,5159
988,729,3766,962,2046,4728,5159
015,729,3111,730,1553,3841,5159
879,729,1486,407,867,1893,5159
024,729,3164,745,1586,3909,5159
784,729,1210,371,790,1581,5159
255,729,1680,402,856,2082,5159
878,729,1562,382,812,1944,5159
279,729,2185,556,1182,2741,5159
852,729,2169,571,1215,2740,5159
574,729,1945,514,1093,2459,5159
964,729,0,0,1808,0,5159
126,729,2786,671,1428,3457,5159
079,729,2565,634,1349,3199,5159
136,729,2703,677,1441,3380,5159
286,729,1720,407,865,2127,5159
549,729,1583,437,929,2020,5159
368,729,1550,389,827,1939,5159
440,729,1860,482,1026,2342,5159
646,729,820,222,472,1042,5159
934,729,2367,791,1682,3158,5159
585,729,2447,605,1288,3052,5159
208,729,2281,544,1158,2825,5159
606,729,1121,365,776,1486,5159
112,729,2611,648,1379,3259,5159
836,729,3110,799,1701,3909,5159
664,729,1023,234,497,1257,5159
730,729,650,99,203,749,5159
438,729,1661,446,948,2107,5159
821,729,3040,679,1444,3719,5159
843,729,2962,668,1421,3630,5159
005,729,2777,674,1434,3451,5159
701,729,1149,314,669,1463,5159
086,729,2529,623,1326,3152,5159
769,729,1305,292,621,1597,5159
183,729,2547,628,1336,3175,5159
833,729,2888,736,1565,3624,5159
911,729,2143,711,1513,2854,5159
140,729,2332,565,1203,2897,5159
198,729,2435,593,1262,3028,5159
978,729,3408,893,1901,4301,5159
937,729,2382,776,1650,3158,5159
303,729,1518,344,732,1862,5159
669,729,1089,234,498,1323,5159
147,729,2257,550,1171,2807,5159
834,729,2894,701,1492,3595,5159
229,729,2547,482,1026,3029,5159
316,729,2051,449,955,2500,5159
206,729,2265,555,1181,2820,5159
777,729,1134,328,697,1462,5159
474,729,1083,331,705,1414,5159
271,729,1814,434,923,2248,5159
211,729,2319,556,1182,2875,5159
102,729,2613,649,1380,3262,5159
174,729,2352,567,1207,2919,5159
217,729,2258,539,1146,2797,5159
335,729,2753,557,1185,3310,5159
059,729,3179,800,1703,3979,5159
494,729,1503,438,931,1941,5159
372,729,822,230,489,1052,5159
047,729,3589,928,1974,4517,5159
364,729,1577,359,763,1936,5159
473,729,1307,371,790,1678,5159
397,729,946,207,440,1153,5159
721,729,553,75,153,628,5159
100,729,2617,650,1382,3267,5159
327,729,2776,564,1199,3340,5159
430,729,1560,415,883,1975,5159
043,729,3278,822,1748,4100,5159
050,729,3019,752,1601,3771,5159
948,729,2834,856,1822,3690,5159
898,729,2893,762,1621,3655,5159
308,729,2002,407,866,2409,5159
723,729,702,121,258,823,5159
314,729,2224,464,987,2688,5159
186,729,2768,619,1316,3387,5159
830,729,2883,651,1386,3534,5159
143,729,2339,575,1223,2914,5159
781,729,1013,309,657,1322,5159
546,729,1637,442,940,2079,5159
203,729,2281,546,1162,2827,5159
379,729,1233,313,665,1546,5159
673,729,568,99,203,667,5159
445,729,1910,493,1049,2403,5159
798,729,1751,436,928,2187,5159
543,729,1628,454,966,2082,5159
767,729,989,222,472,1211,5159
831,729,2717,640,1362,3357,5159
775,729,1063,307,653,1370,5159
069,729,2733,667,1419,3400,5159
538,729,1532,398,847,1930,5159
577,729,2365,514,1094,2879,5159
930,729,2236,740,1575,2976,5159
992,729,3570,901,1917,4471,5159
291,729,2120,446,948,2566,5159
274,729,1849,446,949,2295,5159
747,729,619,81,166,700,5159
337,729,2784,567,1206,3351,5159
795,729,1217,258,550,1475,5159
877,729,1858,336,715,2194,5159
144,729,2417,598,1272,3015,5159
293,729,1942,398,846,2340,5159
185,729,2800,622,1323,3422,5159
256,729,1744,417,887,2161,5159
654,729,718,180,383,898,5159
740,729,442,68,139,510,5159
733,729,1079,269,572,1348,5159
965,729,0,0,1808,0,5159
477,729,979,281,598,1260,5159
751,729,888,197,420,1085,5159
416,729,1626,394,838,2020,5159
165,729,2033,522,1111,2555,5159
942,729,2569,858,1826,3427,5159
321,729,2684,540,1148,3224,5159
975,729,3643,1007,2142,4650,5159
897,729,3130,906,1928,4036,5159
235,729,2210,559,1189,2769,5159
651,729,717,187,397,904,5159
949,729,2861,866,1842,3727,5159
822,729,2300,467,994,2767,5159
042,729,3252,816,1736,4068,5159
612,729,1353,345,735,1698,5159
093,729,0,0,1375,0,5159
946,729,2810,851,1810,3661,5159
405,729,1425,329,700,1754,5159
034,729,3112,744,1583,3856,5159
688,729,1411,304,646,1715,5159
357,729,1037,287,611,1324,5159
393,729,1113,245,522,1358,5159
875,729,1891,346,736,2237,5159
028,729,3103,728,1548,3831,5159
294,729,2252,478,1016,2730,5159
193,729,2462,603,1282,3065,5159
167,729,2263,559,1189,2822,5159
884,729,1554,267,568,1821,5159
813,729,2205,452,962,2657,5159
251,729,1730,415,883,2145,5159
683,729,1298,282,601,1580,5159
375,729,724,133,284,857,5159
918,729,2143,713,1516,2856,5159
106,729,2675,660,1405,3335,5159
355,729,836,213,454,1049,5159
166,729,2753,538,1144,3291,5159
991,729,3659,932,1984,4591,5159
406,729,1414,326,694,1740,5159
188,729,2803,633,1347,3436,5159
250,729,1749,421,896,2170,5159
927,729,2152,715,1521,2867,5159
359,729,1358,313,665,1671,5159
802,729,2027,406,864,2433,5159
302,729,1559,359,763,1918,5159
080,729,2487,611,1301,3098,5159
141,729,2337,568,1209,2905,5159
038,729,3152,781,1662,3933,5159
745,729,499,54,110,553,5159
603,729,1117,363,772,1480,5159
421,729,898,265,564,1163,5159
823,729,2495,516,1098,3011,5159
266,729,1860,452,961,2312,5159
062,729,3053,717,1526,3770,5159
124,729,2807,682,1452,3489,5159
070,729,2595,644,1370,3239,5159
172,729,2243,543,1156,2786,5159
558,729,1989,528,1124,2517,5159
724,729,705,123,261,828,5159
531,729,1347,395,841,1742,5159
391,729,1038,231,492,1269,5159
373,729,1320,298,634,1618,5159
455,729,1378,393,837,1771,5159
971,729,3756,1011,2150,4767,5159
222,729,2273,544,1158,2817,5159
350,729,1103,326,693,1429,5159
153,729,2495,481,1023,2976,5159
851,729,2206,583,1240,2789,5159
016,729,3115,731,1556,3846,5159
570,729,1646,417,887,2063,5159
684,729,1327,294,625,1621,5159
910,729,2138,708,1507,2846,5159
508,729,1299,315,671,1614,5159
605,729,1105,358,762,1463,5159
812,729,2208,440,937,2648,5159
389,729,854,176,374,1030,5159
933,729,2157,723,1538,2880,5159
882,729,1628,328,698,1956,5159
084,729,2509,624,1328,3133,5159
493,729,1517,445,946,1962,5159
520,729,1508,385,820,1893,5159
956,729,2590,863,1837,3453,5159
362,729,1398,344,731,1742,5159
119,729,2849,687,1462,3536,5159
526,729,1198,354,754,1552,5159
604,729,1093,354,754,1447,5159
081,729,2479,609,1295,3088,5159
367,729,1372,312,663,1684,5159
032,729,3128,782,1664,3910,5159
932,729,2288,749,1593,3037,5159
750,729,843,180,384,1023,5159
993,729,3549,929,1976,4478,5159
237,729,2217,561,1194,2778,5159
210,729,2332,560,1192,2892,5159
757,729,792,196,417,988,5159
265,729,2548,489,1041,3037,5159
650,729,701,178,378,879,5159
895,729,3124,895,1905,4019,5159
071,729,2597,644,1371,3241,5159
479,729,1125,350,745,1475,5159
225,729,2176,538,1144,2714,5159
073,729,2605,646,1375,3251,5159
912,729,2161,715,1521,2876,5159
088,729,2562,633,1347,3195,5159
753,729,844,184,391,1028,5159
156,729,2604,503,1070,3107,5159
390,729,1023,227,484,1250,5159
150,729,2517,497,1058,3014,5159
220,729,2245,536,1141,2781,5159
514,729,1470,373,793,1843,5159
344,729,2621,520,1107,3141,5159
450,729,1299,368,784,1667,5159
717,729,753,121,257,874,5159
013,729,3022,734,1561,3756,5159
638,729,840,179,381,1019,5159
945,729,2793,847,1802,3640,5159
382,729,890,193,411,1083,5159
154,729,2610,498,1060,3108,5159
691,729,1798,361,768,2159,5159
424,729,938,262,558,1200,5159
205,729,2276,544,1158,2820,5159
537,729,1353,395,840,1748,5159
381,729,726,134,285,860,5159
426,729,1197,302,643,1499,5159
563,729,1740,500,1064,2240,5159
665,729,1027,234,498,1261,5159
711,729,686,119,254,805,5159
640,729,729,170,361,899,5159
063,729,3023,710,1511,3733,5159
190,729,2485,611,1300,3096,5159
679,729,1213,216,460,1429,5159
903,729,2173,721,1535,2894,5159
366,729,1194,313,665,1507,5159
297,729,2097,436,927,2533,5159
436,729,1898,452,961,2350,5159
923,729,1947,686,1459,2633,5159
770,729,1040,296,630,1336,5159
392,729,1027,227,483,1254,5159
522,729,1494,384,816,1878,5159
797,729,1564,327,696,1891,5159
957,729,2637,864,1838,3501,5159
169,729,2702,606,1289,3308,5159
704,729,1108,296,629,1404,5159
349,729,2650,614,1307,3264,5159
908,729,2166,721,1533,2887,5159
117,729,2736,669,1423,3405,5159
107,729,2650,656,1396,3306,5159
931,729,2303,759,1615,3062,5159
325,729,1555,350,744,1905,5159
212,729,2334,561,1193,2895,5159
739,729,1208,216,459,1424,5159
035,729,3153,792,1685,3945,5159
281,729,1815,441,939,2256,5159
466,729,1320,394,838,1714,5159
655,729,705,173,369,878,5159
734,729,728,117,238,845,5159
148,729,2809,635,1352,3444,5159
263,729,2470,478,1018,2948,5159
521,729,1644,434,924,2078,5159
149,729,2790,628,1336,3418,5159
499,729,1897,533,1135,2430,5159
592,729,3047,744,1582,3791,5159
611,729,1269,363,772,1632,5159
048,729,3313,833,1772,4146,5159
551,729,1484,458,974,1942,5159
487,729,2104,507,1079,2611,5159
067,729,2889,693,1475,3582,5159
787,729,1076,269,572,1345,5159
924,729,1964,694,1476,2658,5159
444,729,1902,490,1043,2392,5159
984,729,3886,1035,2203,4921,5159
472,729,1230,339,722,1569,5159
383,729,879,180,382,1059,5159
252,729,1757,432,920,2189,5159
176,729,2389,579,1232,2968,5159
615,729,997,305,649,1302,5159
464,729,1127,367,781,1494,5159
161,729,1930,501,1067,2431,5159
602,729,1140,371,789,1511,5159
196,729,2436,595,1265,3031,5159
437,729,1660,439,933,2099,5159
320,729,2413,493,1049,2906,5159
248,729,1797,435,926,2232,5159
765,729,997,245,521,1242,5159
783,729,1188,366,778,1554,5159
056,729,3054,764,1625,3818,5159
284,729,2059,520,1107,2579,5159
810,729,2127,428,911,2555,5159
395,729,1137,303,644,1440,5159
807,729,1953,383,815,2336,5159
029,729,3121,732,1557,3853,5159
847,729,2496,684,1456,3180,5159
415,729,1687,406,864,2093,5159
656,729,681,102,209,783,5159
855,729,2031,538,1144,2569,5159
864,729,2063,574,1222,2637,5159
358,729,1016,280,596,1296,5159
200,729,2278,545,1159,2823,5159
275,729,1968,471,1002,2439,5159
330,729,2820,665,1414,3485,5159
624,729,998,285,607,1283,5159
465,729,1357,407,866,1764,5159
458,729,1446,417,888,1863,5159
666,729,999,226,480,1225,5159
720,729,562,77,158,639,5159
977,729,3761,1008,2144,4769,5159
228,729,2576,486,1034,3062,5159
301,729,1442,335,712,1777,5159
832,729,2765,677,1441,3442,5159
609,729,1079,340,723,1419,5159
260,729,1821,472,1005,2293,5159
226,729,2679,509,1082,3188,5159
114,729,2638,655,1394,3293,5159
856,729,1870,531,1130,2401,5159
917,729,2119,704,1497,2823,5159
290,729,2167,458,974,2625,5159
811,729,2154,432,919,2586,5159
443,729,1750,469,998,2219,5159
116,729,2630,653,1390,3283,5159
693,729,2198,446,950,2644,5159
752,729,844,184,391,1028,5159
515,729,1364,334,711,1698,5159
835,729,3682,944,2009,4626,5159
346,729,2740,554,1179,3294,5159
233,729,2223,563,1197,2786,5159
907,729,2166,721,1533,2887,5159
974,729,3914,1064,2263,4978,5159
027,729,3148,741,1577,3889,5159
716,729,673,110,225,783,5159
759,729,839,226,480,1065,5159
387,729,772,147,313,919,5159
276,729,1997,481,1024,2478,5159
420,729,952,215,458,1167,5159
127,729,2650,656,1396,3306,5159
295,729,2325,488,1039,2813,5159
560,729,1565,438,931,2003,5159
766,729,960,218,464,1178,5159
039,729,3155,777,1654,3932,5159
582,729,2273,572,1217,2845,5159
020,729,3168,746,1588,3914,5159
283,729,2019,493,1048,2512,5159
369,729,1280,286,609,1566,5159
828,729,2788,584,1242,3372,5159
396,729,1014,262,558,1276,5159
936,729,2374,772,1643,3146,5159
778,729,1021,272,579,1293,5159
197,729,2421,589,1253,3010,5159
240,729,1856,439,933,2295,5159
999,729,0,0,2960,0,5159
045,729,3272,820,1744,4092,5159
046,729,3431,874,1860,4305,5159
021,729,3173,749,1593,3922,5159
674,729,1001,206,439,1207,5159
138,729,2915,661,1407,3576,5159
468,729,1347,399,848,1746,5159
130,729,2826,632,1345,3458,5159
311,729,1517,344,732,1861,5159
485,729,1999,480,1022,2479,5159
920,729,2068,735,1563,2803,5159
296,729,1667,399,848,2066,5159
408,729,1412,379,806,1791,5159
904,729,2189,723,1538,2912,5159
388,729,887,182,388,1069,5159
541,729,1653,463,985,2116,5159
128,729,2911,706,1502,3617,5159
625,729,960,283,602,1243,5159
555,729,1628,466,991,2094,5159
214,729,2327,560,1192,2887,5159
399,729,1518,344,732,1862,5159
365,729,1463,319,679,1782,5159
989,729,3751,965,2054,4716,5159
333,729,2792,654,1392,3446,5159
792,729,922,190,405,1112,5159
340,729,0,0,1429,0,5159
258,729,1784,431,917,2215,5159
451,729,1561,371,790,1932,5159
658,729,673,101,207,774,5159
377,729,1248,319,678,1567,5159
253,729,1729,417,887,2146,5159
173,729,2342,564,1200,2906,5159
938,729,2383,776,1651,3159,5159
055,729,3181,755,1606,3936,5159
087,729,2589,640,1361,3229,5159
705,729,1036,269,572,1305,5159
483,729,2021,487,1037,2508,5159
089,729,2564,634,1349,3198,5159
181,729,2461,604,1285,3065,5159
950,729,2507,845,1797,3352,5159
941,729,2831,857,1823,3688,5159
845,729,2332,551,1173,2883,5159
966,729,0,0,1808,0,5159
492,729,1498,445,946,1943,5159
559,729,1447,441,939,1888,5159
201,729,2231,533,1133,2764,5159
339,729,2633,611,1300,3244,5159
109,729,2658,654,1392,3312,5159
562,729,1727,493,1048,2220,5159
806,729,2050,419,892,2469,5159
914,729,2144,721,1534,2865,5159
587,729,2592,655,1393,3247,5159
764,729,950,213,454,1163,5159
189,729,2510,618,1315,3128,5159
234,729,2215,560,1192,2775,5159
151,729,2529,495,1054,3024,5159
238,729,2108,528,1124,2636,5159
627,729,936,272,578,1208,5159
880,729,1479,411,874,1890,5159
633,729,810,232,493,1042,5159
491,729,1316,395,840,1711,5159
232,729,2097,517,1101,2614,5159
628,729,1084,246,523,1330,5159
168,729,2811,556,1183,3367,5159
722,729,542,73,148,615,5159
894,729,3065,882,1877,3947,5159
996,729,0,0,4286,0,5159
865,729,1807,423,899,2230,5159
113,729,2632,653,1389,3285,5159
947,729,2822,854,1816,3676,5159
292,729,2094,438,932,2532,5159
434,729,1902,453,963,2355,5159
484,729,2035,491,1045,2526,5159
758,729,809,228,485,1037,5159
794,729,1389,269,572,1658,5159
986,729,3734,999,2125,4733,5159
072,729,2589,642,1366,3231,5159
418,729,1622,399,849,2021,5159
954,729,2909,888,1889,3797,5159
092,729,0,0,1375,0,5159
925,729,1992,707,1504,2699,5159
230,729,2088,517,1099,2605,5159
254,729,2194,523,1112,2717,5159
885,729,1502,415,884,1917,5159
180,729,2467,606,1289,3073,5159
370,729,795,214,455,1009,5159
322,729,2458,507,1078,2965,5159
178,729,2692,593,1261,3285,5159
033,729,3127,774,1647,3901,5159
997,729,0,0,3978,0,5159
803,729,2053,416,885,2469,5159
037,729,3030,755,1606,3785,5159
583,729,2440,610,1297,3050,5159
051,729,3002,737,1569,3739,5159
280,729,1777,430,915,2207,5159
692,729,1874,407,866,2281,5159
044,729,3403,864,1839,4267,5159
053,729,3004,732,1557,3736,5159
921,729,2047,726,1544,2773,5159
700,729,1147,313,667,1460,5159
502,729,1360,340,723,1700,5159
565,729,1968,536,1141,2504,5159
905,729,2176,723,1538,2899,5159
324,729,1808,392,835,2200,5159
871,729,1745,346,736,2091,5159
846,729,2736,615,1309,3351,5159
061,729,2922,702,1494,3624,5159
883,729,1574,376,801,1950,5159
216,729,2357,575,1223,2932,5159
264,729,2462,474,1008,2936,5159
874,729,2089,429,913,2518,5159
400,729,1383,315,671,1698,5159
710,729,694,126,269,820,5159
261,729,1767,454,965,2221,5159
504,729,1521,396,843,1917,5159
516,729,1294,313,665,1607,5159
841,729,2869,650,1384,3519,5159
159,729,2709,525,1118,3234,5159
780,729,1646,334,710,1980,5159
815,729,2395,521,1108,2916,5159
761,729,833,180,384,1013,5159
791,729,1080,213,453,1293,5159
195,729,2444,597,1270,3041,5159
247,729,1725,413,878,2138,5159
637,729,925,206,439,1131,5159
610,729,1294,368,783,1662,5159
057,729,2966,730,1554,3696,5159
371,729,857,240,510,1097,5159
338,729,2822,575,1224,3397,5159
545,729,1764,490,1042,2254,5159
236,729,2182,550,1171,2732,5159
576,729,2359,583,1240,2942,5159
539,729,1406,412,876,1818,5159
152,729,2508,493,1048,3001,5159
859,729,1833,474,1009,2307,5159
995,729,0,0,4093,0,5159
413,729,1600,368,784,1968,5159
556,729,2047,560,1192,2607,5159
970,729,3702,993,2112,4695,5159
614,729,1112,315,670,1427,5159
177,729,2669,590,1255,3259,5159
901,729,2158,718,1528,2876,5159
304,729,2121,434,924,2555,5159
940,729,2781,847,1803,3628,5159
953,729,2448,830,1765,3278,5159
714,729,821,210,446,1031,5159
306,729,1616,375,797,1991,5159
030,729,3181,760,1618,3941,5159
523,729,1501,386,821,1887,5159
267,729,2687,515,1096,3202,5159
469,729,1295,373,793,1668,5159
566,729,2087,568,1209,2655,5159
754,729,990,190,404,1180,5159
495,729,1461,436,927,1897,5159
507,729,1546,401,854,1947,5159
467,729,1360,403,857,1763,5159
557,729,2042,541,1152,2583,5159
398,729,1964,432,920,2396,5159
913,729,2176,725,1543,2901,5159
097,729,0,0,1375,0,5159
164,729,2013,523,1112,2536,5159
599,729,3522,870,1852,4392,5159
241,729,1849,444,945,2293,5159
735,729,743,134,286,877,5159
790,729,1035,205,436,1240,5159
498,729,1861,514,1094,2375,5159
231,729,2102,522,1111,2624,5159
431,729,1531,408,869,1939,5159
838,729,3562,890,1894,4452,5159
422,729,879,262,558,1141,5159
671,729,820,146,311,966,5159
890,729,2168,616,1311,2784,5159
076,729,2630,652,1387,3282,5159
532,729,1366,402,856,1768,5159
677,729,1455,298,634,1753,5159
360,729,1435,348,740,1783,5159
091,729,0,0,1375,0,5159
891,729,2158,615,1308,2773,5159
718,729,615,88,180,703,5159
385,729,915,272,578,1187,5159
544,729,1653,455,969,2108,5159
591,729,3007,649,1380,3656,5159
708,729,1098,292,621,1390,5159
906,729,2150,716,1523,2866,5159
403,729,1453,336,715,1789,5159
125,729,2802,673,1432,3475,5159
439,729,1811,478,1018,2289,5159
409,729,1335,351,746,1686,5159
676,729,1295,258,548,1553,5159
452,729,1520,360,765,1880,5159
411,729,1641,379,806,2020,5159
959,729,2986,887,1887,3873,5159
425,729,1211,310,660,1521,5159
567,729,2254,592,1259,2846,5159
142,729,2324,566,1204,2890,5159
331,729,2830,668,1422,3498,5159
098,729,0,0,1375,0,5159
262,729,2466,475,1011,2941,5159
713,729,965,235,500,1200,5159
363,729,1645,402,856,2047,5159
052,729,2955,717,1525,3672,5159
101,729,2620,650,1384,3270,5159
727,729,420,36,74,456,5159
961,729,3172,916,1948,4088,5159
488,729,1550,460,978,2010,5159
481,729,1974,474,1008,2448,5159
731,729,620,96,195,716,5159
902,729,2183,725,1542,2908,5159
199,729,2404,593,1261,2997,5159
645,729,968,271,576,1239,5159
019,729,3191,758,1612,3949,5159
115,729,2672,659,1402,3331,5159
960,729,3088,934,1988,4022,5159
155,729,2728,526,1119,3254,5159
793,729,1440,277,589,1717,5159
550,729,1484,457,973,1941,5159
935,729,2068,698,1485,2766,5159
534,729,1210,393,836,1603,5159
282,729,1770,428,910,2198,5159
748,729,548,80,164,628,5159
083,729,2464,610,1297,3074,5159
763,729,783,160,340,943,5159
319,729,1574,392,835,1966,5159
259,729,1790,434,924,2224,5159
597,729,3114,736,1565,3850,5159
223,729,2264,542,1154,2806,5159
273,729,1913,467,993,2380,5159
401,729,1023,299,636,1322,5159
652,729,848,207,440,1055,5159
820,729,2236,454,967,2690,5159
678,729,1178,231,491,1409,5159
762,729,807,162,345,969,5159
511,729,1526,376,800,1902,5159
919,729,2047,726,1544,2773,5159
457,729,1716,445,946,2161,5159
601,729,1126,366,779,1492,5159
510,729,1556,388,826,1944,5159
175,729,2404,584,1243,2988,5159
133,729,2969,657,1397,3626,5159
447,729,1752,471,1002,2223,5159
270,729,1815,435,925,2250,5159
712,729,871,163,346,1034,5159
527,729,1393,355,756,1748,5159
685,729,1332,293,623,1625,5159
459,729,1275,359,764,1634,5159
496,729,1921,494,1050,2415,5159
305,729,1549,357,759,1906,5159
386,729,775,149,318,924,5159
782,729,1553,306,650,1859,5159
588,729,2754,710,1510,3464,5159
594,729,3201,756,1608,3957,5159
743,729,482,74,151,556,5159
719,729,489,58,118,547,5159
746,729,625,110,224,735,5159
317,729,1979,432,919,2411,5159
078,729,2579,637,1356,3216,5159
307,729,1343,304,647,1647,5159
980,729,3855,1025,2180,4880,5159
631,729,798,222,473,1020,5159
239,729,2144,526,1120,2670,5159
026,729,3220,769,1636,3989,5159
636,729,800,226,481,1026,5159
963,729,0,0,1808,0,5159
505,729,1544,399,848,1943,5159
994,729,3627,943,2007,4570,5159
630,729,787,213,454,1000,5159
068,729,2785,673,1432,3458,5159
860,729,1842,493,1049,2335,5159
503,729,1364,341,726,1705,5159
768,729,1208,263,560,1471,5159
500,729,1375,345,735,1720,5159
749,729,304,13,27,317,5159
542,729,1643,454,966,2097,5159
453,729,1353,387,824,1740,5159
826,729,2519,517,1100,3036,5159
104,729,2635,653,1390,3288,5159
788,729,1803,362,771,2165,5159
272,729,1860,449,956,2309,5159
332,729,2841,672,1430,3513,5159
667,729,592,106,217,698,5159
755,729,701,98,200,799,5159
553,729,1622,464,988,2086,5159
569,729,0,0,1159,0,5159
423,729,998,286,609,1284,5159
922,729,1914,678,1442,2592,5159
135,729,2961,655,1393,3616,5159
192,729,2477,608,1294,3085,5159
973,729,3794,1022,2174,4816,5159
805,729,2079,427,908,2506,5159
703,729,1171,325,692,1496,5159
725,729,684,105,214,789,5159
575,729,1926,460,979,2386,5159
501,729,1388,349,743,1737,5159
687,729,1650,395,841,2045,5159
779,729,1101,324,690,1425,5159
277,729,1952,472,1004,2424,5159
513,729,1641,423,901,2064,5159
163,729,2044,525,1118,2569,5159
726,729,579,74,151,653,5159
356,729,885,233,495,1118,5159
380,729,769,151,322,920,5159
036,729,3038,747,1590,3785,5159
870,729,1775,352,750,2127,5159
312,729,1668,386,821,2054,5159
662,729,910,247,525,1157,5159
064,729,2874,689,1466,3563,5159
309,729,2010,415,882,2425,5159
077,729,2587,640,1362,3227,5159
598,729,3365,815,1733,4180,5159
774,729,1100,313,665,1413,5159
182,729,2739,605,1287,3344,5159
096,729,0,0,1375,0,5159
219,729,2391,582,1238,2973,5159
157,729,2663,524,1114,3187,5159
023,729,3186,753,1603,3939,5159
257,729,1632,395,840,2027,5159
315,729,2099,464,988,2563,5159
123,729,2841,690,1468,3531,5159
407,729,1266,330,702,1596,5159
243,729,1669,400,852,2069,5159
623,729,1015,282,601,1297,5159
287,729,1382,366,778,1748,5159
171,729,2353,568,1208,2921,5159
433,729,1592,431,917,2023,5159
738,729,790,156,332,946,5159
058,729,3125,785,1671,3910,5159
378,729,1251,320,681,1571,5159
618,729,1020,312,663,1332,5159
744,729,358,42,85,400,5159
218,729,2404,605,1287,3009,5159
707,729,1056,273,580,1329,5159
095,729,0,0,1375,0,5159
049,729,3322,837,1780,4159,5159
103,729,2589,642,1366,3231,5159
139,729,2859,650,1383,3509,5159
351,729,1105,326,694,1431,5159
629,729,968,220,468,1188,5159
207,729,2296,550,1171,2846,5159
814,729,2428,524,1115,2952,5159
772,729,1037,295,628,1332,5159
131,729,2857,641,1363,3498,5159
616,729,1000,306,651,1306,5159
620,729,832,241,513,1073,5159
564,729,1946,526,1119,2472,5159
928,729,2137,710,1511,2847,5159
031,729,3125,766,1629,3891,5159
573,729,1761,459,977,2220,5159
952,729,2485,839,1786,3324,5159
470,729,1271,357,759,1628,5159
680,729,1415,321,684,1736,5159
645,917,2614,766,1629,3380,5081
645,917,2614,766,1629,3380,5620
431,917,3508,1051,2236,4559,5081
431,917,3508,1051,2236,4559,5620
934,917,667,99,203,766,5081
934,917,667,99,203,766,5620
599,917,3064,618,1315,3682,5081
599,917,3064,618,1315,3682,5620
520,917,3082,870,1852,3952,5081
520,917,3082,870,1852,3952,5620
728,917,2801,735,1564,3536,5081
728,917,2801,735,1564,3536,5620
746,917,2518,661,1407,3179,5081
746,917,2518,661,1407,3179,5620
604,917,3027,931,1981,3958,5081
604,917,3027,931,1981,3958,5620
515,917,2674,728,1549,3402,5081
515,917,2674,728,1549,3402,5620
614,917,3066,887,1887,3953,5081
614,917,3066,887,1887,3953,5620
134,917,4579,1269,2699,5848,5081
134,917,4579,1269,2699,5848,5620
210,917,4445,1239,2637,5684,5081
210,917,4445,1239,2637,5684,5620
711,917,2836,751,1597,3587,5081
711,917,2836,751,1597,3587,5620
910,917,346,8,17,354,5081
910,917,346,8,17,354,5620
791,917,2209,492,1046,2701,5081
791,917,2209,492,1046,2701,5620
175,917,4444,1238,2634,5682,5081
175,917,4444,1238,2634,5682,5620
055,917,5133,1398,2975,6531,5081
055,917,5133,1398,2975,6531,5620
404,917,3528,1021,2172,4549,5081
404,917,3528,1021,2172,4549,5620
944,917,1071,184,391,1255,5081
944,917,1071,184,391,1255,5620
446,917,3693,1102,2344,4795,5081
446,917,3693,1102,2344,4795,5620
135,917,4590,1271,2705,5861,5081
135,917,4590,1271,2705,5861,5620
248,917,3974,1129,2402,5103,5081
248,917,3974,1129,2402,5103,5620
457,917,3703,1090,2320,4793,5081
457,917,3703,1090,2320,4793,5620
802,917,2538,466,992,3004,5081
802,917,2538,466,992,3004,5620
166,917,4346,1176,2503,5522,5081
166,917,4346,1176,2503,5522,5620
701,917,3194,880,1872,4074,5081
701,917,3194,880,1872,4074,5620
627,917,3089,893,1901,3982,5081
627,917,3089,893,1901,3982,5620
846,917,1654,285,606,1939,5081
846,917,1654,285,606,1939,5620
691,917,2579,572,1218,3151,5081
691,917,2579,572,1218,3151,5620
041,917,5230,1440,3064,6670,5081
041,917,5230,1440,3064,6670,5620
306,917,3569,1067,2271,4636,5081
306,917,3569,1067,2271,4636,5620
172,917,4278,1195,2543,5473,5081
172,917,4278,1195,2543,5473,5620
509,917,2804,780,1659,3584,5081
509,917,2804,780,1659,3584,5620
297,917,3932,1137,2420,5069,5081
297,917,3932,1137,2420,5069,5620
204,917,4428,1237,2632,5665,5081
204,917,4428,1237,2632,5665,5620
500,917,2804,780,1660,3584,5081
500,917,2804,780,1660,3584,5620
273,917,4420,1168,2486,5588,5081
273,917,4420,1168,2486,5588,5620
534,917,3128,957,2037,4085,5081
534,917,3128,957,2037,4085,5620
075,917,4609,1300,2766,5909,5081
075,917,4609,1300,2766,5909,5620
415,917,3792,1074,2286,4866,5081
415,917,3792,1074,2286,4866,5620
386,917,2950,851,1811,3801,5081
386,917,2950,851,1811,3801,5620
493,917,3469,1021,2173,4490,5081
493,917,3469,1021,2173,4490,5620
449,917,3602,1074,2286,4676,5081
449,917,3602,1074,2286,4676,5620
421,917,3307,967,2057,4274,5081
421,917,3307,967,2057,4274,5620
087,917,4595,1295,2756,5890,5081
087,917,4595,1295,2756,5890,5620
182,917,4472,1249,2658,5721,5081
182,917,4472,1249,2658,5721,5620
908,917,390,18,37,408,5081
908,917,390,18,37,408,5620
091,917,0,0,2764,0,5081
091,917,0,0,2764,0,5620
064,917,4942,1340,2851,6282,5081
064,917,4942,1340,2851,6282,5620
864,917,886,125,267,1011,5081
864,917,886,125,267,1011,5620
676,917,2528,625,1329,3153,5081
676,917,2528,625,1329,3153,5620
873,917,1645,294,626,1939,5081
873,917,1645,294,626,1939,5620
289,917,3625,1037,2206,4662,5081
289,917,3625,1037,2206,4662,5620
516,917,2676,731,1556,3407,5081
516,917,2676,731,1556,3407,5620
693,917,3358,572,1216,3930,5081
693,917,3358,572,1216,3930,5620
491,917,3249,971,2066,4220,5081
491,917,3249,971,2066,4220,5620
823,917,2914,437,929,3351,5081
823,917,2914,437,929,3351,5620
225,917,4376,1239,2637,5615,5081
225,917,4376,1239,2637,5615,5620
577,917,3487,611,1300,4098,5081
577,917,3487,611,1300,4098,5620
286,917,4216,1108,2358,5324,5081
286,917,4216,1108,2358,5324,5620
259,917,3946,1120,2384,5066,5081
259,917,3946,1120,2384,5066,5620
923,917,312,25,51,337,5081
923,917,312,25,51,337,5620
060,917,4976,1348,2868,6324,5081
060,917,4976,1348,2868,6324,5620
851,917,1101,186,396,1287,5081
851,917,1101,186,396,1287,5620
497,917,3910,1116,2374,5026,5081
497,917,3910,1116,2374,5026,5620
885,917,1763,368,784,2131,5081
885,917,1763,368,784,2131,5620
871,917,1966,359,764,2325,5081
871,917,1966,359,764,2325,5620
637,917,3086,887,1887,3973,5081
637,917,3086,887,1887,3973,5620
365,917,3436,942,2004,4378,5081
365,917,3436,942,2004,4378,5620
304,917,3907,1119,2380,5026,5081
304,917,3907,1119,2380,5026,5620
751,917,2524,678,1442,3202,5081
751,917,2524,678,1442,3202,5620
741,917,2510,663,1410,3173,5081
741,917,2510,663,1410,3173,5620
572,917,2979,826,1758,3805,5081
572,917,2979,826,1758,3805,5620
025,917,5184,1416,3013,6600,5081
025,917,5184,1416,3013,6600,5620
014,917,5091,1386,2949,6477,5081
014,917,5091,1386,2949,6477,5620
664,917,2635,708,1506,3343,5081
664,917,2635,708,1506,3343,5620
989,917,2937,554,1179,3491,5081
989,917,2937,554,1179,3491,5620
569,917,0,0,2631,0,5081
569,917,0,0,2631,0,5620
684,917,2622,697,1483,3319,5081
684,917,2622,697,1483,3319,5620
974,917,2383,398,847,2781,5081
974,917,2383,398,847,2781,5620
931,917,607,61,124,668,5081
931,917,607,61,124,668,5620
596,917,2812,535,1139,3347,5081
596,917,2812,535,1139,3347,5620
214,917,4461,1246,2652,5707,5081
214,917,4461,1246,2652,5707,5620
461,917,3298,962,2047,4260,5081
461,917,3298,962,2047,4260,5620
960,917,1380,268,571,1648,5081
960,917,1380,268,571,1648,5620
768,917,2388,612,1302,3000,5081
768,917,2388,612,1302,3000,5620
826,917,3161,493,1049,3654,5081
826,917,3161,493,1049,3654,5620
488,917,3509,1036,2205,4545,5081
488,917,3509,1036,2205,4545,5620
778,917,2947,751,1597,3698,5081
778,917,2947,751,1597,3698,5620
882,917,2473,462,984,2935,5081
882,917,2473,462,984,2935,5620
918,917,358,10,20,368,5081
918,917,358,10,20,368,5620
170,917,4370,1219,2594,5589,5081
170,917,4370,1219,2594,5589,5620
626,917,3100,897,1908,3997,5081
626,917,3100,897,1908,3997,5620
143,917,4245,1175,2500,5420,5081
143,917,4245,1175,2500,5420,5620
030,917,5132,1404,2987,6536,5081
030,917,5132,1404,2987,6536,5620
129,917,4943,1364,2902,6307,5081
129,917,4943,1364,2902,6307,5620
197,917,4528,1266,2694,5794,5081
197,917,4528,1266,2694,5794,5620
315,917,4037,1124,2392,5161,5081
315,917,4037,1124,2392,5161,5620
467,917,3402,1017,2164,4419,5081
467,917,3402,1017,2164,4419,5620
600,917,3067,940,2000,4007,5081
600,917,3067,940,2000,4007,5620
677,917,2426,575,1223,3001,5081
677,917,2426,575,1223,3001,5620
407,917,3576,1032,2195,4608,5081
407,917,3576,1032,2195,4608,5620
267,917,4389,1183,2517,5572,5081
267,917,4389,1183,2517,5572,5620
448,917,3592,1070,2277,4662,5081
448,917,3592,1070,2277,4662,5620
842,917,1801,328,697,2129,5081
842,917,1801,328,697,2129,5620
464,917,3067,944,2008,4011,5081
464,917,3067,944,2008,4011,5620
619,917,3154,916,1948,4070,5081
619,917,3154,916,1948,4070,5620
824,917,2876,540,1148,3416,5081
824,917,2876,540,1148,3416,5620
628,917,3111,887,1887,3998,5081
628,917,3111,887,1887,3998,5620
935,917,475,56,114,531,5081
935,917,475,56,114,531,5620
282,917,4270,1129,2403,5399,5081
282,917,4270,1129,2403,5399,5620
591,917,2944,569,1211,3513,5081
591,917,2944,569,1211,3513,5620
138,917,4561,1285,2733,5846,5081
138,917,4561,1285,2733,5846,5620
652,917,2872,812,1727,3684,5081
652,917,2872,812,1727,3684,5620
680,917,2679,715,1522,3394,5081
680,917,2679,715,1522,3394,5620
056,917,5004,1380,2936,6384,5081
056,917,5004,1380,2936,6384,5620
835,917,2998,614,1307,3612,5081
835,917,2998,614,1307,3612,5620
323,917,3829,1053,2240,4882,5081
323,917,3829,1053,2240,4882,5620
191,917,4485,1264,2689,5749,5081
191,917,4485,1264,2689,5749,5620
013,917,5020,1360,2894,6380,5081
013,917,5020,1360,2894,6380,5620
290,917,3933,1142,2430,5075,5081
290,917,3933,1142,2430,5075,5620
789,917,2761,678,1443,3439,5081
789,917,2761,678,1443,3439,5620
469,917,3373,995,2116,4368,5081
469,917,3373,995,2116,4368,5620
780,917,2178,652,1387,2830,5081
780,917,2178,652,1387,2830,5620
114,917,4636,1308,2783,5944,5081
114,917,4636,1308,2783,5944,5620
779,917,2706,682,1450,3388,5081
779,917,2706,682,1450,3388,5620
168,917,4366,1188,2527,5554,5081
168,917,4366,1188,2527,5554,5620
396,917,3169,879,1871,4048,5081
396,917,3169,879,1871,4048,5620
106,917,4664,1310,2788,5974,5081
106,917,4664,1310,2788,5974,5620
912,917,368,15,30,383,5081
912,917,368,15,30,383,5620
897,917,1286,252,536,1538,5081
897,917,1286,252,536,1538,5620
402,917,3375,973,2070,4348,5081
402,917,3375,973,2070,4348,5620
102,917,4609,1301,2768,5910,5081
102,917,4609,1301,2768,5910,5620
546,917,3171,913,1943,4084,5081
546,917,3171,913,1943,4084,5620
185,917,4503,1259,2678,5762,5081
185,917,4503,1259,2678,5762,5620
378,917,3558,1022,2174,4580,5081
378,917,3558,1022,2174,4580,5620
336,917,4395,1176,2502,5571,5081
336,917,4395,1176,2502,5571,5620
525,917,2881,821,1747,3702,5081
525,917,2881,821,1747,3702,5620
773,917,2677,734,1562,3411,5081
773,917,2677,734,1562,3411,5620
598,917,2897,562,1196,3459,5081
598,917,2897,562,1196,3459,5620
900,917,376,15,31,391,5081
900,917,376,15,31,391,5620
223,917,4430,1240,2638,5670,5081
223,917,4430,1240,2638,5670,5620
731,917,2391,613,1304,3004,5081
731,917,2391,613,1304,3004,5620
082,917,4554,1295,2755,5849,5081
082,917,4554,1295,2755,5849,5620
657,917,2745,754,1604,3499,5081
657,917,2745,754,1604,3499,5620
683,917,2642,702,1494,3344,5081
683,917,2642,702,1494,3344,5620
050,917,4971,1369,2913,6340,5081
050,917,4971,1369,2913,6340,5620
557,917,3475,979,2082,4454,5081
557,917,3475,979,2082,4454,5620
227,917,4469,1208,2570,5677,5081
227,917,4469,1208,2570,5677,5620
100,917,4615,1302,2771,5917,5081
100,917,4615,1302,2771,5917,5620
865,917,1450,294,625,1744,5081
865,917,1450,294,625,1744,5620
506,917,2991,842,1791,3833,5081
506,917,2991,842,1791,3833,5620
822,917,3231,529,1126,3760,5081
822,917,3231,529,1126,3760,5620
485,917,3694,1057,2249,4751,5081
485,917,3694,1057,2249,4751,5620
670,917,2592,683,1454,3275,5081
670,917,2592,683,1454,3275,5620
339,917,4395,1231,2620,5626,5081
339,917,4395,1231,2620,5626,5620
946,917,1086,184,392,1270,5081
946,917,1086,184,392,1270,5620
480,917,3739,1073,2282,4812,5081
480,917,3739,1073,2282,4812,5620
181,917,4453,1254,2668,5707,5081
181,917,4453,1254,2668,5707,5620
957,917,1218,197,420,1415,5081
957,917,1218,197,420,1415,5620
307,917,3470,1006,2140,4476,5081
307,917,3470,1006,2140,4476,5620
528,917,3009,857,1823,3866,5081
528,917,3009,857,1823,3866,5620
331,917,4581,1288,2741,5869,5081
331,917,4581,1288,2741,5869,5620
941,917,1109,190,405,1299,5081
941,917,1109,190,405,1299,5620
733,917,2697,649,1380,3346,5081
733,917,2697,649,1380,3346,5620
712,917,2864,800,1702,3664,5081
712,917,2864,800,1702,3664,5620
638,917,3060,881,1874,3941,5081
638,917,3060,881,1874,3941,5620
390,917,3004,861,1831,3865,5081
390,917,3004,861,1831,3865,5620
566,917,3492,995,2118,4487,5081
566,917,3492,995,2118,4487,5620
581,917,3267,896,1907,4163,5081
581,917,3267,896,1907,4163,5620
425,917,3515,1012,2153,4527,5081
425,917,3515,1012,2153,4527,5620
373,917,3447,999,2126,4446,5081
373,917,3447,999,2126,4446,5620
917,917,331,4,8,335,5081
917,917,331,4,8,335,5620
354,917,3268,938,1995,4206,5081
354,917,3268,938,1995,4206,5620
482,917,3706,1062,2259,4768,5081
482,917,3706,1062,2259,4768,5620
093,917,0,0,2764,0,5081
093,917,0,0,2764,0,5620
921,917,414,55,113,469,5081
921,917,414,55,113,469,5620
781,917,2518,639,1359,3157,5081
781,917,2518,639,1359,3157,5620
451,917,3530,1027,2186,4557,5081
451,917,3530,1027,2186,4557,5620
919,917,441,63,128,504,5081
919,917,441,63,128,504,5620
539,917,3253,954,2029,4207,5081
539,917,3253,954,2029,4207,5620
305,917,3532,1058,2252,4590,5081
305,917,3532,1058,2252,4590,5620
161,917,3910,1127,2398,5037,5081
161,917,3910,1127,2398,5037,5620
700,917,3191,879,1870,4070,5081
700,917,3191,879,1870,4070,5620
808,917,2574,502,1068,3076,5081
808,917,2574,502,1068,3076,5620
254,917,4321,1206,2567,5527,5081
254,917,4321,1206,2567,5527,5620
262,917,4206,1143,2432,5349,5081
262,917,4206,1143,2432,5349,5620
729,917,2707,704,1497,3411,5081
729,917,2707,704,1497,3411,5620
611,917,3128,913,1943,4041,5081
611,917,3128,913,1943,4041,5620
159,917,4314,1164,2477,5478,5081
159,917,4314,1164,2477,5478,5620
472,917,3373,988,2102,4361,5081
472,917,3373,988,2102,4361,5620
150,917,4147,1136,2416,5283,5081
150,917,4147,1136,2416,5283,5620
342,917,4480,1201,2556,5681,5081
342,917,4480,1201,2556,5681,5620
035,917,5105,1409,2997,6514,5081
035,917,5105,1409,2997,6514,5620
146,917,4364,1214,2582,5578,5081
146,917,4364,1214,2582,5578,5620
672,917,2600,688,1463,3288,5081
672,917,2600,688,1463,3288,5620
980,917,2806,548,1165,3354,5081
980,917,2806,548,1165,3354,5620
602,917,3061,940,2000,4001,5081
602,917,3061,940,2000,4001,5620
573,917,2831,770,1639,3601,5081
573,917,2831,770,1639,3601,5620
329,917,4506,1209,2572,5715,5081
329,917,4506,1209,2572,5715,5620
513,917,2932,811,1725,3743,5081
513,917,2932,811,1725,3743,5620
403,917,3488,1011,2152,4499,5081
403,917,3488,1011,2152,4499,5620
640,917,2582,757,1610,3339,5081
640,917,2582,757,1610,3339,5620
690,917,2438,582,1238,3020,5081
690,917,2438,582,1238,3020,5620
043,917,5307,1465,3117,6772,5081
043,917,5307,1465,3117,6772,5620
792,917,2254,545,1159,2799,5081
792,917,2254,545,1159,2799,5620
797,917,2548,501,1067,3049,5081
797,917,2548,501,1067,3049,5620
930,917,524,41,84,565,5081
930,917,524,41,84,565,5620
972,917,2375,462,984,2837,5081
972,917,2375,462,984,2837,5620
272,917,4364,1151,2449,5515,5081
272,917,4364,1151,2449,5515,5620
048,917,5342,1476,3141,6818,5081
048,917,5342,1476,3141,6818,5620
230,917,4288,1218,2592,5506,5081
230,917,4288,1218,2592,5506,5620
296,917,3621,1094,2328,4715,5081
296,917,3621,1094,2328,4715,5620
898,917,1798,388,825,2186,5081
898,917,1798,388,825,2186,5620
618,917,3201,934,1987,4135,5081
618,917,3201,934,1987,4135,5620
739,917,2328,520,1107,2848,5081
739,917,2328,520,1107,2848,5620
527,917,3009,855,1819,3864,5081
527,917,3009,855,1819,3864,5620
241,917,4352,1146,2438,5498,5081
241,917,4352,1146,2438,5498,5620
633,917,2998,847,1803,3845,5081
633,917,2998,847,1803,3845,5620
065,917,4923,1337,2844,6260,5081
065,917,4923,1337,2844,6260,5620
704,917,3185,877,1866,4062,5081
704,917,3185,877,1866,4062,5620
907,917,390,18,37,408,5081
907,917,390,18,37,408,5620
045,917,5301,1463,3113,6764,5081
045,917,5301,1463,3113,6764,5620
432,917,3497,1045,2224,4542,5081
432,917,3497,1045,2224,4542,5620
149,917,4464,1255,2671,5719,5081
149,917,4464,1255,2671,5719,5620
809,917,2579,496,1056,3075,5081
809,917,2579,496,1056,3075,5620
856,917,1167,244,520,1411,5081
856,917,1167,244,520,1411,5620
367,917,3355,938,1995,4293,5081
367,917,3355,938,1995,4293,5620
752,917,2486,668,1422,3154,5081
752,917,2486,668,1422,3154,5620
284,917,4241,1216,2587,5457,5081
284,917,4241,1216,2587,5457,5620
736,917,2270,568,1208,2838,5081
736,917,2270,568,1208,2838,5620
194,917,4472,1260,2681,5732,5081
194,917,4472,1260,2681,5732,5620
975,917,2079,341,725,2420,5081
975,917,2079,341,725,2420,5620
192,917,4485,1264,2689,5749,5081
192,917,4485,1264,2689,5749,5620
317,917,3894,1081,2299,4975,5081
317,917,3894,1081,2299,4975,5620
029,917,5099,1384,2944,6483,5081
029,917,5099,1384,2944,6483,5620
246,917,3878,1099,2339,4977,5081
246,917,3878,1099,2339,4977,5620
545,917,3406,999,2125,4405,5081
545,917,3406,999,2125,4405,5620
132,917,4470,1249,2657,5719,5081
132,917,4470,1249,2657,5719,5620
567,917,3495,963,2048,4458,5081
567,917,3495,963,2048,4458,5620
350,917,3395,971,2065,4366,5081
350,917,3395,971,2065,4366,5620
915,917,373,17,35,390,5081
915,917,373,17,35,390,5620
154,917,4240,1137,2419,5377,5081
154,917,4240,1137,2419,5377,5620
820,917,3136,512,1090,3648,5081
820,917,3136,512,1090,3648,5620
884,917,2262,442,941,2704,5081
884,917,2262,442,941,2704,5620
466,917,3253,971,2065,4224,5081
466,917,3253,971,2065,4224,5620
890,917,980,121,247,1101,5081
890,917,980,121,247,1101,5620
603,917,3035,932,1984,3967,5081
603,917,3035,932,1984,3967,5620
955,917,1544,319,678,1863,5081
955,917,1544,319,678,1863,5620
189,917,4500,1268,2698,5768,5081
189,917,4500,1268,2698,5768,5620
551,917,2848,895,1904,3743,5081
551,917,2848,895,1904,3743,5620
351,917,3399,971,2067,4370,5081
351,917,3399,971,2067,4370,5620
328,917,4443,1192,2536,5635,5081
328,917,4443,1192,2536,5635,5620
560,917,3025,862,1833,3887,5081
560,917,3025,862,1833,3887,5620
651,917,2879,808,1720,3687,5081
651,917,2879,808,1720,3687,5620
810,917,2588,520,1107,3108,5081
810,917,2588,520,1107,3108,5620
359,917,3443,1000,2127,4443,5081
359,917,3443,1000,2127,4443,5620
889,917,961,119,243,1080,5081
889,917,961,119,243,1080,5620
019,917,5142,1401,2981,6543,5081
019,917,5142,1401,2981,6543,5620
380,917,2987,853,1815,3840,5081
380,917,2987,853,1815,3840,5620
790,917,2204,499,1062,2703,5081
790,917,2204,499,1062,2703,5620
188,917,4474,1261,2682,5735,5081
188,917,4474,1261,2682,5735,5620
218,917,4562,1292,2749,5854,5081
218,917,4562,1292,2749,5854,5620
070,917,4586,1294,2754,5880,5081
070,917,4586,1294,2754,5880,5620
806,917,2588,487,1036,3075,5081
806,917,2588,487,1036,3075,5620
438,917,3629,1084,2307,4713,5081
438,917,3629,1084,2307,4713,5620
215,917,4356,1172,2493,5528,5081
215,917,4356,1172,2493,5528,5620
905,917,395,20,41,415,5081
905,917,395,20,41,415,5620
352,917,3376,964,2052,4340,5081
352,917,3376,964,2052,4340,5620
584,917,3280,847,1802,4127,5081
584,917,3280,847,1802,4127,5620
084,917,4553,1293,2751,5846,5081
084,917,4553,1293,2751,5846,5620
597,917,2677,498,1059,3175,5081
597,917,2677,498,1059,3175,5620
959,917,1123,220,469,1343,5081
959,917,1123,220,469,1343,5620
936,917,760,116,237,876,5081
936,917,760,116,237,876,5620
326,917,4188,1119,2380,5307,5081
326,917,4188,1119,2380,5307,5620
076,917,4627,1305,2776,5932,5081
076,917,4627,1305,2776,5932,5620
234,917,4415,1262,2685,5677,5081
234,917,4415,1262,2685,5677,5620
580,917,3229,878,1869,4107,5081
580,917,3229,878,1869,4107,5620
762,917,2506,669,1424,3175,5081
762,917,2506,669,1424,3175,5620
681,917,2650,715,1522,3365,5081
681,917,2650,715,1522,3365,5620
707,917,3079,841,1790,3920,5081
707,917,3079,841,1790,3920,5620
470,917,3400,998,2124,4398,5081
470,917,3400,998,2124,4398,5620
548,917,3336,956,2033,4292,5081
548,917,3336,956,2033,4292,5620
554,917,2847,895,1904,3742,5081
554,917,2847,895,1904,3742,5620
452,917,3481,1012,2153,4493,5081
452,917,3481,1012,2153,4493,5620
583,917,3455,902,1920,4357,5081
583,917,3455,902,1920,4357,5620
160,917,3982,1144,2435,5126,5081
160,917,3982,1144,2435,5126,5620
221,917,4411,1234,2626,5645,5081
221,917,4411,1234,2626,5645,5620
405,917,3466,1006,2140,4472,5081
405,917,3466,1006,2140,4472,5620
412,917,3732,1061,2258,4793,5081
412,917,3732,1061,2258,4793,5620
046,917,5453,1515,3224,6968,5081
046,917,5453,1515,3224,6968,5620
346,917,4387,1174,2498,5561,5081
346,917,4387,1174,2498,5561,5620
026,917,5193,1420,3022,6613,5081
026,917,5193,1420,3022,6613,5620
105,917,4683,1312,2791,5995,5081
105,917,4683,1312,2791,5995,5620
793,917,2622,517,1099,3139,5081
793,917,2622,517,1099,3139,5620
766,917,2564,684,1456,3248,5081
766,917,2564,684,1456,3248,5620
092,917,0,0,2764,0,5081
092,917,0,0,2764,0,5620
504,917,2956,833,1773,3789,5081
504,917,2956,833,1773,3789,5620
171,917,4383,1218,2592,5601,5081
171,917,4383,1218,2592,5601,5620
775,917,2649,729,1551,3378,5081
775,917,2649,729,1551,3378,5620
927,917,365,13,27,378,5081
927,917,365,13,27,378,5620
211,917,4432,1235,2627,5667,5081
211,917,4432,1235,2627,5667,5620
140,917,4283,1182,2514,5465,5081
140,917,4283,1182,2514,5465,5620
303,917,3470,1033,2198,4503,5081
303,917,3470,1033,2198,4503,5620
224,917,4387,1240,2638,5627,5081
224,917,4387,1240,2638,5627,5620
202,917,4427,1237,2631,5664,5081
202,917,4427,1237,2631,5664,5620
416,917,3730,1062,2260,4792,5081
416,917,3730,1062,2260,4792,5620
128,917,4863,1323,2814,6186,5081
128,917,4863,1323,2814,6186,5620
692,917,3438,644,1370,4082,5081
692,917,3438,644,1370,4082,5620
620,917,3029,863,1836,3892,5081
620,917,3029,863,1836,3892,5620
037,917,4982,1371,2918,6353,5081
037,917,4982,1371,2918,6353,5620
361,917,3438,968,2060,4406,5081
361,917,3438,968,2060,4406,5620
630,917,2975,835,1777,3810,5081
630,917,2975,835,1777,3810,5620
308,917,3810,1091,2322,4901,5081
308,917,3810,1091,2322,4901,5620
727,917,2632,712,1514,3344,5081
727,917,2632,712,1514,3344,5620
990,917,3058,630,1341,3688,5081
990,917,3058,630,1341,3688,5620
714,917,2935,791,1683,3726,5081
714,917,2935,791,1683,3726,5620
219,917,4499,1260,2680,5759,5081
219,917,4499,1260,2680,5759,5620
610,917,3113,904,1924,4017,5081
610,917,3113,904,1924,4017,5620
383,917,3100,881,1875,3981,5081
383,917,3100,881,1875,3981,5620
609,917,3081,944,2008,4025,5081
609,917,3081,944,2008,4025,5620
205,917,4426,1236,2630,5662,5081
205,917,4426,1236,2630,5662,5620
738,917,2342,595,1265,2937,5081
738,917,2342,595,1265,2937,5620
593,917,3083,674,1434,3757,5081
593,917,3083,674,1434,3757,5620
658,917,2724,747,1589,3471,5081
658,917,2724,747,1589,3471,5620
617,917,3165,922,1962,4087,5081
617,917,3165,922,1962,4087,5620
641,917,2563,750,1595,3313,5081
641,917,2563,750,1595,3313,5620
193,917,4493,1253,2667,5746,5081
193,917,4493,1253,2667,5746,5620
985,917,2722,522,1111,3244,5081
985,917,2722,522,1111,3244,5620
496,917,3760,1070,2277,4830,5081
496,917,3760,1070,2277,4830,5620
439,917,3779,1117,2376,4896,5081
439,917,3779,1117,2376,4896,5620
330,917,4573,1285,2734,5858,5081
330,917,4573,1285,2734,5858,5620
939,917,973,155,330,1128,5081
939,917,973,155,330,1128,5620
776,917,2764,760,1617,3524,5081
776,917,2764,760,1617,3524,5620
417,917,3682,1058,2251,4740,5081
417,917,3682,1058,2251,4740,5620
662,917,2566,750,1596,3316,5081
662,917,2566,750,1596,3316,5620
201,917,4408,1234,2625,5642,5081
201,917,4408,1234,2625,5642,5620
639,917,3032,866,1842,3898,5081
639,917,3032,866,1842,3898,5620
841,917,1738,309,658,2047,5081
841,917,1738,309,658,2047,5620
501,917,2824,787,1674,3611,5081
501,917,2824,787,1674,3611,5620
116,917,4626,1306,2778,5932,5081
116,917,4626,1306,2778,5932,5620
460,917,3328,976,2077,4304,5081
460,917,3328,976,2077,4304,5620
783,917,2418,688,1464,3106,5081
783,917,2418,688,1464,3106,5620
622,917,3024,857,1824,3881,5081
622,917,3024,857,1824,3881,5620
827,917,3381,558,1188,3939,5081
827,917,3381,558,1188,3939,5620
893,917,1324,230,489,1554,5081
893,917,1324,230,489,1554,5620
772,917,2615,717,1526,3332,5081
772,917,2615,717,1526,3332,5620
123,917,4809,1307,2780,6116,5081
123,917,4809,1307,2780,6116,5620
222,917,4424,1236,2630,5660,5081
222,917,4424,1236,2630,5660,5620
393,917,3176,899,1913,4075,5081
393,917,3176,899,1913,4075,5620
813,917,2139,369,785,2508,5081
813,917,2139,369,785,2508,5620
278,917,4265,1217,2589,5482,5081
278,917,4265,1217,2589,5482,5620
747,917,2663,697,1483,3360,5081
747,917,2663,697,1483,3360,5620
071,917,4587,1294,2754,5881,5081
071,917,4587,1294,2754,5881,5620
072,917,4585,1294,2754,5879,5081
072,917,4585,1294,2754,5879,5620
755,917,2805,746,1588,3551,5081
755,917,2805,746,1588,3551,5620
274,917,4353,1148,2442,5501,5081
274,917,4353,1148,2442,5501,5620
473,917,3384,993,2113,4377,5081
473,917,3384,993,2113,4377,5620
649,917,2562,749,1594,3311,5081
649,917,2562,749,1594,3311,5620
986,917,2421,472,1005,2893,5081
986,917,2421,472,1005,2893,5620
615,917,3110,905,1926,4015,5081
615,917,3110,905,1926,4015,5620
276,917,4506,1183,2517,5689,5081
276,917,4506,1183,2517,5689,5620
226,917,4489,1210,2575,5699,5081
226,917,4489,1210,2575,5699,5620
895,917,1314,253,539,1567,5081
895,917,1314,253,539,1567,5620
295,917,4098,1184,2519,5282,5081
295,917,4098,1184,2519,5282,5620
749,917,2624,697,1483,3321,5081
749,917,2624,697,1483,3321,5620
456,917,3701,1067,2271,4768,5081
456,917,3701,1067,2271,4768,5620
724,917,2922,824,1754,3746,5081
724,917,2922,824,1754,3746,5620
024,917,5117,1389,2955,6506,5081
024,917,5117,1389,2955,6506,5620
018,917,5133,1398,2974,6531,5081
018,917,5133,1398,2974,6531,5620
236,917,4382,1252,2664,5634,5081
236,917,4382,1252,2664,5634,5620
010,917,5001,1353,2879,6354,5081
010,917,5001,1353,2879,6354,5620
012,917,4931,1332,2834,6263,5081
012,917,4931,1332,2834,6263,5620
679,917,2472,567,1206,3039,5081
679,917,2472,567,1206,3039,5620
668,917,2726,728,1550,3454,5081
668,917,2726,728,1550,3454,5620
992,917,3053,628,1336,3681,5081
992,917,3053,628,1336,3681,5620
057,917,4916,1347,2865,6263,5081
057,917,4916,1347,2865,6263,5620
870,917,1989,363,773,2352,5081
870,917,1989,363,773,2352,5620
208,917,4405,1227,2611,5632,5081
208,917,4405,1227,2611,5632,5620
261,917,3759,1101,2342,4860,5081
261,917,3759,1101,2342,4860,5620
085,917,4542,1278,2720,5820,5081
085,917,4542,1278,2720,5820,5620
249,917,4014,1137,2420,5151,5081
249,917,4014,1137,2420,5151,5620
015,917,5065,1373,2922,6438,5081
015,917,5065,1373,2922,6438,5620
298,917,3845,1111,2363,4956,5081
298,917,3845,1111,2363,4956,5620
117,917,4732,1321,2811,6053,5081
117,917,4732,1321,2811,6053,5620
656,917,2735,751,1597,3486,5081
656,917,2735,751,1597,3486,5620
794,917,2576,511,1087,3087,5081
794,917,2576,511,1087,3087,5620
660,917,2544,739,1572,3283,5081
660,917,2544,739,1572,3283,5620
769,917,2264,564,1201,2828,5081
769,917,2264,564,1201,2828,5620
165,917,3983,1137,2420,5120,5081
165,917,3983,1137,2420,5120,5620
531,917,3214,946,2012,4160,5081
531,917,3214,946,2012,4160,5620
540,917,2883,908,1932,3791,5081
540,917,2883,908,1932,3791,5620
387,917,2947,849,1806,3796,5081
387,917,2947,849,1806,3796,5620
805,917,2604,489,1040,3093,5081
805,917,2604,489,1040,3093,5620
186,917,4473,1255,2671,5728,5081
186,917,4473,1255,2671,5728,5620
455,917,3487,1024,2178,4511,5081
455,917,3487,1024,2178,4511,5620
996,917,0,0,3321,0,5081
996,917,0,0,3321,0,5620
901,917,380,15,31,395,5081
901,917,380,15,31,395,5620
979,917,2599,452,962,3051,5081
979,917,2599,452,962,3051,5620
468,917,3393,1015,2159,4408,5081
468,917,3393,1015,2159,4408,5620
126,917,4822,1311,2789,6133,5081
126,917,4822,1311,2789,6133,5620
311,917,3469,1033,2198,4502,5081
311,917,3469,1033,2198,4502,5620
654,917,2872,801,1705,3673,5081
654,917,2872,801,1705,3673,5620
812,917,2501,477,1014,2978,5081
812,917,2501,477,1014,2978,5620
767,917,2594,688,1464,3282,5081
767,917,2594,688,1464,3282,5620
081,917,4495,1267,2696,5762,5081
081,917,4495,1267,2696,5762,5620
097,917,0,0,2764,0,5081
097,917,0,0,2764,0,5620
945,917,1068,180,384,1248,5081
945,917,1068,180,384,1248,5620
687,917,2687,715,1521,3402,5081
687,917,2687,715,1521,3402,5620
078,917,4546,1279,2722,5825,5081
078,917,4546,1279,2722,5825,5620
294,917,4001,1162,2472,5163,5081
294,917,4001,1162,2472,5163,5620
541,917,3399,1008,2144,4407,5081
541,917,3399,1008,2144,4407,5620
242,917,3741,1073,2282,4814,5081
242,917,3741,1073,2282,4814,5620
494,917,3453,1014,2158,4467,5081
494,917,3453,1014,2158,4467,5620
370,917,3166,915,1947,4081,5081
370,917,3166,915,1947,4081,5620
830,917,2431,438,932,2869,5081
830,917,2431,438,932,2869,5620
040,917,5231,1442,3068,6673,5081
040,917,5231,1442,3068,6673,5620
112,917,4609,1301,2768,5910,5081
112,917,4609,1301,2768,5910,5620
409,917,3651,1052,2239,4703,5081
409,917,3651,1052,2239,4703,5620
069,917,4725,1318,2804,6043,5081
069,917,4725,1318,2804,6043,5620
953,917,1002,163,347,1165,5081
953,917,1002,163,347,1165,5620
414,917,3649,1048,2229,4697,5081
414,917,3649,1048,2229,4697,5620
803,917,2572,478,1016,3050,5081
803,917,2572,478,1016,3050,5620
104,917,4633,1306,2779,5939,5081
104,917,4633,1306,2779,5939,5620
475,917,3290,942,2004,4232,5081
475,917,3290,942,2004,4232,5620
590,917,2908,557,1186,3465,5081
590,917,2908,557,1186,3465,5620
300,917,3494,1041,2214,4535,5081
300,917,3494,1041,2214,4535,5620
588,917,3068,760,1618,3828,5081
588,917,3068,760,1618,3828,5620
220,917,4421,1237,2632,5658,5081
220,917,4421,1237,2632,5658,5620
109,917,4647,1304,2775,5951,5081
109,917,4647,1304,2775,5951,5620
669,917,2661,694,1476,3355,5081
669,917,2661,694,1476,3355,5620
592,917,3223,747,1589,3970,5081
592,917,3223,747,1589,3970,5620
561,917,2950,815,1734,3765,5081
561,917,2950,815,1734,3765,5620
726,917,2744,752,1601,3496,5081
726,917,2744,752,1601,3496,5620
179,917,4449,1241,2640,5690,5081
179,917,4449,1241,2640,5690,5620
391,917,2980,851,1810,3831,5081
391,917,2980,851,1810,3831,5620
392,917,2990,854,1816,3844,5081
392,917,2990,854,1816,3844,5620
673,917,2628,703,1495,3331,5081
673,917,2628,703,1495,3331,5620
774,917,2627,713,1517,3340,5081
774,917,2627,713,1517,3340,5620
983,917,2773,538,1145,3311,5081
983,917,2773,538,1145,3311,5620
635,917,2878,824,1754,3702,5081
635,917,2878,824,1754,3702,5620
837,917,2577,449,956,3026,5081
837,917,2577,449,956,3026,5620
543,917,3375,999,2125,4374,5081
543,917,3375,999,2125,4374,5620
320,917,4096,1113,2368,5209,5081
320,917,4096,1113,2368,5209,5620
796,917,2294,578,1230,2872,5081
796,917,2294,578,1230,2872,5620
068,917,4853,1324,2817,6177,5081
068,917,4853,1324,2817,6177,5620
801,917,2548,472,1005,3020,5081
801,917,2548,472,1005,3020,5620
039,917,5184,1421,3023,6605,5081
039,917,5184,1421,3023,6605,5620
313,917,4012,1154,2455,5166,5081
313,917,4012,1154,2455,5166,5620
199,917,4539,1280,2723,5819,5081
199,917,4539,1280,2723,5819,5620
970,917,2383,464,988,2847,5081
970,917,2383,464,988,2847,5620
666,917,2663,718,1528,3381,5081
666,917,2663,718,1528,3381,5620
080,917,4513,1274,2710,5787,5081
080,917,4513,1274,2710,5787,5620
993,917,2385,566,1205,2951,5081
993,917,2385,566,1205,2951,5620
283,917,4529,1194,2540,5723,5081
283,917,4529,1194,2540,5723,5620
447,917,3705,1104,2348,4809,5081
447,917,3705,1104,2348,4809,5620
487,917,3790,1084,2306,4874,5081
487,917,3790,1084,2306,4874,5620
526,917,2983,863,1836,3846,5081
526,917,2983,863,1836,3846,5620
163,917,4025,1152,2450,5177,5081
163,917,4025,1152,2450,5177,5620
981,917,2792,544,1157,3336,5081
981,917,2792,544,1157,3336,5620
031,917,5154,1409,2998,6563,5081
031,917,5154,1409,2998,6563,5620
408,917,3728,1077,2292,4805,5081
408,917,3728,1077,2292,4805,5620
926,917,378,19,38,397,5081
926,917,378,19,38,397,5620
471,917,3369,970,2064,4339,5081
471,917,3369,970,2064,4339,5620
576,917,2935,724,1540,3659,5081
576,917,2935,724,1540,3659,5620
973,917,2312,439,933,2751,5081
973,917,2312,439,933,2751,5620
514,917,2758,759,1615,3517,5081
514,917,2758,759,1615,3517,5620
094,917,0,0,2764,0,5081
094,917,0,0,2764,0,5620
038,917,5165,1419,3019,6584,5081
038,917,5165,1419,3019,6584,5620
334,917,4499,1259,2678,5758,5081
334,917,4499,1259,2678,5758,5620
745,917,2605,680,1447,3285,5081
745,917,2605,680,1447,3285,5620
130,917,4467,1249,2657,5716,5081
130,917,4467,1249,2657,5716,5620
270,917,4316,1136,2418,5452,5081
270,917,4316,1136,2418,5452,5620
881,917,2464,461,980,2925,5081
881,917,2464,461,980,2925,5620
902,917,402,22,45,424,5081
902,917,402,22,45,424,5620
486,917,3772,1076,2290,4848,5081
486,917,3772,1076,2290,4848,5620
257,917,3737,1063,2262,4800,5081
257,917,3737,1063,2262,4800,5620
947,917,1099,187,398,1286,5081
947,917,1099,187,398,1286,5620
198,917,4515,1261,2683,5776,5081
198,917,4515,1261,2683,5776,5620
190,917,4485,1264,2689,5749,5081
190,917,4485,1264,2689,5749,5620
483,917,3714,1064,2264,4778,5081
483,917,3714,1064,2264,4778,5620
904,917,386,20,41,406,5081
904,917,386,20,41,406,5620
108,917,4652,1310,2787,5962,5081
108,917,4652,1310,2787,5962,5620
074,917,4597,1294,2754,5891,5081
074,917,4597,1294,2754,5891,5620
011,917,5005,1355,2882,6360,5081
011,917,5005,1355,2882,6360,5620
268,917,4433,1195,2543,5628,5081
268,917,4433,1195,2543,5628,5620
033,917,5112,1402,2984,6514,5081
033,917,5112,1402,2984,6514,5620
256,917,3848,1085,2309,4933,5081
256,917,3848,1085,2309,4933,5620
625,917,3119,904,1924,4023,5081
625,917,3119,904,1924,4023,5620
748,917,2456,635,1352,3091,5081
748,917,2456,635,1352,3091,5620
988,917,3147,611,1299,3758,5081
988,917,3147,611,1299,3758,5620
646,917,2657,791,1684,3448,5081
646,917,2657,791,1684,3448,5620
212,917,4443,1238,2635,5681,5081
212,917,4443,1238,2635,5681,5620
763,917,2372,611,1299,2983,5081
763,917,2372,611,1299,2983,5620
675,917,2606,671,1427,3277,5081
675,917,2606,671,1427,3277,5620
020,917,5134,1394,2967,6528,5081
020,917,5134,1394,2967,6528,5620
689,917,2577,652,1388,3229,5081
689,917,2577,652,1388,3229,5620
357,917,3463,989,2104,4452,5081
357,917,3463,989,2104,4452,5620
288,917,3713,1069,2274,4782,5081
288,917,3713,1069,2274,4782,5620
450,917,3451,1017,2163,4468,5081
450,917,3451,1017,2163,4468,5620
785,917,2606,755,1606,3361,5081
785,917,2606,755,1606,3361,5620
994,917,2900,599,1275,3499,5081
994,917,2900,599,1275,3499,5620
324,917,3654,1013,2155,4667,5081
324,917,3654,1013,2155,4667,5620
613,917,3077,898,1911,3975,5081
613,917,3077,898,1911,3975,5620
607,917,3043,935,1989,3978,5081
607,917,3043,935,1989,3978,5620
737,917,2433,628,1337,3061,5081
737,917,2433,628,1337,3061,5620
279,917,4384,1257,2675,5641,5081
279,917,4384,1257,2675,5641,5620
058,917,5077,1402,2983,6479,5081
058,917,5077,1402,2983,6479,5620
815,917,2073,352,749,2425,5081
815,917,2073,352,749,2425,5620
232,917,4297,1219,2594,5516,5081
232,917,4297,1219,2594,5516,5620
137,917,4578,1291,2746,5869,5081
137,917,4578,1291,2746,5869,5620
978,917,2253,528,1123,2781,5081
978,917,2253,528,1123,2781,5620
756,917,2765,727,1546,3492,5081
756,917,2765,727,1546,3492,5620
594,917,2981,587,1249,3568,5081
594,917,2981,587,1249,3568,5620
489,917,3486,1030,2192,4516,5081
489,917,3486,1030,2192,4516,5620
685,917,2618,693,1474,3311,5081
685,917,2618,693,1474,3311,5620
879,917,1511,358,761,1869,5081
879,917,1511,358,761,1869,5620
761,917,2428,649,1381,3077,5081
761,917,2428,649,1381,3077,5620
178,917,4407,1229,2614,5636,5081
178,917,4407,1229,2614,5636,5620
445,917,3890,1119,2380,5009,5081
445,917,3890,1119,2380,5009,5620
141,917,4283,1183,2516,5466,5081
141,917,4283,1183,2516,5466,5620
744,917,2558,678,1442,3236,5081
744,917,2558,678,1442,3236,5620
332,917,4592,1292,2750,5884,5081
332,917,4592,1292,2750,5884,5620
337,917,4425,1187,2526,5612,5081
337,917,4425,1187,2526,5612,5620
375,917,2898,835,1776,3733,5081
375,917,2898,835,1776,3733,5620
263,917,4195,1143,2431,5338,5081
263,917,4195,1143,2431,5338,5620
948,917,1113,190,405,1303,5081
948,917,1113,190,405,1303,5620
176,917,4428,1233,2623,5661,5081
176,917,4428,1233,2623,5661,5620
719,917,2884,760,1617,3644,5081
719,917,2884,760,1617,3644,5620
999,917,0,0,1945,0,5081
999,917,0,0,1945,0,5620
338,917,4458,1196,2544,5654,5081
338,917,4458,1196,2544,5654,5620
366,917,3404,936,1991,4340,5081
366,917,3404,936,1991,4340,5620
427,917,3342,987,2099,4329,5081
427,917,3342,987,2099,4329,5620
238,917,4308,1230,2617,5538,5081
238,917,4308,1230,2617,5538,5620
098,917,0,0,2764,0,5081
098,917,0,0,2764,0,5620
435,917,3477,1033,2197,4510,5081
435,917,3477,1033,2197,4510,5620
688,917,2547,652,1388,3199,5081
688,917,2547,652,1388,3199,5620
121,917,4846,1317,2802,6163,5081
121,917,4846,1317,2802,6163,5620
782,917,2121,622,1324,2743,5081
782,917,2121,622,1324,2743,5620
650,917,2854,799,1701,3653,5081
650,917,2854,799,1701,3653,5620
177,917,4362,1218,2591,5580,5081
177,917,4362,1218,2591,5580,5620
266,917,3964,1120,2383,5084,5081
266,917,3964,1120,2383,5084,5620
787,917,2694,649,1380,3343,5081
787,917,2694,649,1380,3343,5620
103,917,4584,1294,2753,5878,5081
103,917,4584,1294,2753,5878,5620
661,917,2553,745,1586,3298,5081
661,917,2553,745,1586,3298,5620
125,917,4839,1313,2794,6152,5081
125,917,4839,1313,2794,6152,5620
207,917,4437,1239,2636,5676,5081
207,917,4437,1239,2636,5676,5620
152,917,4143,1131,2407,5274,5081
152,917,4143,1131,2407,5274,5620
388,917,3108,884,1881,3992,5081
388,917,3108,884,1881,3992,5620
484,917,3726,1067,2271,4793,5081
484,917,3726,1067,2271,4793,5620
605,917,3010,924,1965,3934,5081
605,917,3010,924,1965,3934,5620
595,917,3052,642,1367,3694,5081
595,917,3052,642,1367,3694,5620
585,917,3054,757,1611,3811,5081
585,917,3054,757,1611,3811,5620
195,917,4472,1247,2653,5719,5081
195,917,4472,1247,2653,5719,5620
162,917,4054,1152,2452,5206,5081
162,917,4054,1152,2452,5206,5620
384,917,3295,931,1981,4226,5081
384,917,3295,931,1981,4226,5620
952,917,1048,173,369,1221,5081
952,917,1048,173,369,1221,5620
442,917,3677,1099,2338,4776,5081
442,917,3677,1099,2338,4776,5620
570,917,2819,764,1625,3583,5081
570,917,2819,764,1625,3583,5620
777,917,2750,756,1608,3506,5081
777,917,2750,756,1608,3506,5620
443,917,3700,1101,2342,4801,5081
443,917,3700,1101,2342,4801,5620
843,917,1876,346,736,2222,5081
843,917,1876,346,736,2222,5620
492,917,3471,1028,2188,4499,5081
492,917,3471,1028,2188,4499,5620
678,917,2501,603,1282,3104,5081
678,917,2501,603,1282,3104,5620
363,917,3659,1025,2180,4684,5081
363,917,3659,1025,2180,4684,5620
499,917,3543,1044,2221,4587,5081
499,917,3543,1044,2221,4587,5620
395,917,3292,909,1934,4201,5081
395,917,3292,909,1934,4201,5620
083,917,4517,1281,2726,5798,5081
083,917,4517,1281,2726,5798,5620
252,917,3861,1101,2342,4962,5081
252,917,3861,1101,2342,4962,5620
398,917,3804,1055,2245,4859,5081
398,917,3804,1055,2245,4859,5620
264,917,4205,1142,2430,5347,5081
264,917,4205,1142,2430,5347,5620
444,917,3915,1127,2398,5042,5081
444,917,3915,1127,2398,5042,5620
358,917,3437,982,2089,4419,5081
358,917,3437,982,2089,4419,5620
023,917,5153,1402,2983,6555,5081
023,917,5153,1402,2983,6555,5620
237,917,4417,1263,2687,5680,5081
237,917,4417,1263,2687,5680,5620
874,917,2030,349,742,2379,5081
874,917,2030,349,742,2379,5620
850,917,1041,165,352,1206,5081
850,917,1041,165,352,1206,5620
764,917,2367,615,1309,2982,5081
764,917,2367,615,1309,2982,5620
507,917,2981,838,1784,3819,5081
507,917,2981,838,1784,3819,5620
335,917,4399,1177,2504,5576,5081
335,917,4399,1177,2504,5576,5620
142,917,4278,1183,2516,5461,5081
142,917,4278,1183,2516,5461,5620
381,917,2901,836,1778,3737,5081
381,917,2901,836,1778,3737,5620
158,917,4140,1167,2483,5307,5081
158,917,4140,1167,2483,5307,5620
054,917,4983,1370,2915,6353,5081
054,917,4983,1370,2915,6353,5620
187,917,4466,1251,2662,5717,5081
187,917,4466,1251,2662,5717,5620
530,917,3273,965,2054,4238,5081
530,917,3273,965,2054,4238,5620
647,917,2588,755,1606,3343,5081
647,917,2588,755,1606,3343,5620
044,917,5410,1500,3192,6910,5081
044,917,5410,1500,3192,6910,5620
285,917,4322,1235,2627,5557,5081
285,917,4322,1235,2627,5557,5620
703,917,3187,878,1868,4065,5081
703,917,3187,878,1868,4065,5620
462,917,3302,964,2050,4266,5081
462,917,3302,964,2050,4266,5620
318,917,3661,1037,2207,4698,5081
318,917,3661,1037,2207,4698,5620
371,917,3240,941,2003,4181,5081
371,917,3240,941,2003,4181,5620
325,917,3520,970,2063,4490,5081
325,917,3520,970,2063,4490,5620
118,917,4692,1315,2798,6007,5081
118,917,4692,1315,2798,6007,5620
538,917,3162,902,1920,4064,5081
538,917,3162,902,1920,4064,5620
860,917,1094,211,448,1305,5081
860,917,1094,211,448,1305,5620
426,917,3498,1004,2136,4502,5081
426,917,3498,1004,2136,4502,5620
924,917,284,17,34,301,5081
924,917,284,17,34,301,5620
840,917,1739,309,658,2048,5081
840,917,1739,309,658,2048,5620
971,917,2416,475,1010,2891,5081
971,917,2416,475,1010,2891,5620
481,917,3671,1050,2235,4721,5081
481,917,3671,1050,2235,4721,5620
523,917,2975,836,1779,3811,5081
523,917,2975,836,1779,3811,5620
829,917,2059,368,784,2427,5081
829,917,2059,368,784,2427,5620
490,917,3370,995,2118,4365,5081
490,917,3370,995,2118,4365,5620
376,917,3709,1063,2261,4772,5081
376,917,3709,1063,2261,4772,5620
758,917,2697,724,1540,3421,5081
758,917,2697,724,1540,3421,5620
027,917,5124,1393,2963,6517,5081
027,917,5124,1393,2963,6517,5620
582,917,3493,935,1990,4428,5081
582,917,3493,935,1990,4428,5620
235,917,4410,1261,2682,5671,5081
235,917,4410,1261,2682,5671,5620
713,917,2997,816,1737,3813,5081
713,917,2997,816,1737,3813,5620
355,917,3223,915,1947,4138,5081
355,917,3223,915,1947,4138,5620
151,917,4162,1134,2413,5296,5081
151,917,4162,1134,2413,5296,5620
005,917,4851,1327,2823,6178,5081
005,917,4851,1327,2823,6178,5620
420,917,3174,917,1951,4091,5081
420,917,3174,917,1951,4091,5620
956,917,1171,197,419,1368,5081
956,917,1171,197,419,1368,5620
111,917,4620,1304,2774,5924,5081
111,917,4620,1304,2774,5924,5620
131,917,4492,1257,2674,5749,5081
131,917,4492,1257,2674,5749,5620
740,917,2510,663,1410,3173,5081
740,917,2510,663,1410,3173,5620
710,917,2861,760,1618,3621,5081
710,917,2861,760,1618,3621,5620
753,917,2486,668,1422,3154,5081
753,917,2486,668,1422,3154,5620
301,917,3550,1031,2193,4581,5081
301,917,3550,1031,2193,4581,5620
667,917,2685,725,1542,3410,5081
667,917,2685,725,1542,3410,5620
954,917,1193,221,471,1414,5081
954,917,1193,221,471,1414,5620
153,917,4141,1120,2382,5261,5081
153,917,4141,1120,2382,5261,5620
401,917,3385,973,2070,4358,5081
401,917,3385,973,2070,4358,5620
920,917,386,48,98,434,5081
920,917,386,48,98,434,5620
319,917,3625,1028,2187,4653,5081
319,917,3625,1028,2187,4653,5620
549,917,3315,977,2078,4292,5081
549,917,3315,977,2078,4292,5620
798,917,2042,394,839,2436,5081
798,917,2042,394,839,2436,5620
086,917,4525,1275,2713,5800,5081
086,917,4525,1275,2713,5800,5620
950,917,1073,178,379,1251,5081
950,917,1073,178,379,1251,5620
164,917,3964,1138,2422,5102,5081
164,917,3964,1138,2422,5102,5620
280,917,4277,1132,2408,5409,5081
280,917,4277,1132,2408,5409,5620
553,917,3124,901,1918,4025,5081
553,917,3124,901,1918,4025,5620
631,917,2995,844,1796,3839,5081
631,917,2995,844,1796,3839,5620
422,917,3285,964,2051,4249,5081
422,917,3285,964,2051,4249,5620
821,917,2643,484,1030,3127,5081
821,917,2643,484,1030,3127,5620
028,917,5082,1379,2935,6461,5081
028,917,5082,1379,2935,6461,5620
721,917,2913,774,1646,3687,5081
721,917,2913,774,1646,3687,5620
937,917,775,120,245,895,5081
937,917,775,120,245,895,5620
120,917,4787,1297,2759,6084,5081
120,917,4787,1297,2759,6084,5620
555,917,3130,903,1921,4033,5081
555,917,3130,903,1921,4033,5620
174,917,4406,1226,2608,5632,5081
174,917,4406,1226,2608,5632,5620
090,917,0,0,2764,0,5081
090,917,0,0,2764,0,5620
053,917,4972,1348,2868,6320,5081
053,917,4972,1348,2868,6320,5620
173,917,4386,1219,2594,5605,5081
173,917,4386,1219,2594,5605,5620
310,917,3627,1078,2293,4705,5081
310,917,3627,1078,2293,4705,5620
671,917,2553,670,1425,3223,5081
671,917,2553,670,1425,3223,5620
616,917,3102,902,1920,4004,5081
616,917,3102,902,1920,4004,5620
322,917,4133,1127,2397,5260,5081
322,917,4133,1127,2397,5260,5620
883,917,1998,383,815,2381,5081
883,917,1998,383,815,2381,5620
966,917,0,0,390,0,5081
966,917,0,0,390,0,5620
413,917,3625,1043,2220,4668,5081
413,917,3625,1043,2220,4668,5620
434,917,3668,1050,2235,4718,5081
434,917,3668,1050,2235,4718,5620
369,917,3263,912,1941,4175,5081
369,917,3263,912,1941,4175,5620
418,917,3735,1070,2277,4805,5081
418,917,3735,1070,2277,4805,5620
571,917,2838,772,1642,3610,5081
571,917,2838,772,1642,3610,5620
550,917,2847,894,1903,3741,5081
550,917,2847,894,1903,3741,5620
636,917,3001,848,1804,3849,5081
636,917,3001,848,1804,3849,5620
382,917,3111,895,1904,4006,5081
382,917,3111,895,1904,4006,5620
155,917,4331,1164,2477,5495,5081
155,917,4331,1164,2477,5495,5620
291,917,3925,1140,2425,5065,5081
291,917,3925,1140,2425,5065,5620
061,917,4972,1347,2865,6319,5081
061,917,4972,1347,2865,6319,5620
852,917,1055,171,363,1226,5081
852,917,1055,171,363,1226,5620
916,917,376,19,38,395,5081
916,917,376,19,38,395,5620
995,917,0,0,3128,0,5081
995,917,0,0,3128,0,5620
079,917,4555,1284,2732,5839,5081
079,917,4555,1284,2732,5839,5620
716,917,2857,807,1718,3664,5081
716,917,2857,807,1718,3664,5620
863,917,1181,206,438,1387,5081
863,917,1181,206,438,1387,5620
962,917,0,0,390,0,5081
962,917,0,0,390,0,5620
229,917,4381,1183,2518,5564,5081
229,917,4381,1183,2518,5564,5620
574,917,2948,802,1706,3750,5081
574,917,2948,802,1706,3750,5620
145,917,4372,1216,2587,5588,5081
145,917,4372,1216,2587,5588,5620
119,917,4921,1340,2850,6261,5081
119,917,4921,1340,2850,6261,5620
498,917,3607,1059,2253,4666,5081
498,917,3607,1059,2253,4666,5620
757,917,2700,712,1515,3412,5081
757,917,2700,712,1515,3412,5620
063,917,5002,1362,2897,6364,5081
063,917,5002,1362,2897,6364,5620
502,917,2811,783,1665,3594,5081
502,917,2811,783,1665,3594,5620
228,917,4407,1188,2527,5595,5081
228,917,4407,1188,2527,5595,5620
180,917,4459,1256,2672,5715,5081
180,917,4459,1256,2672,5715,5620
933,917,516,65,133,581,5081
933,917,516,65,133,581,5620
804,917,2490,452,961,2942,5081
804,917,2490,452,961,2942,5620
167,917,4242,1184,2520,5426,5081
167,917,4242,1184,2520,5426,5620
101,917,4616,1303,2772,5919,5081
101,917,4616,1303,2772,5919,5620
512,917,2900,791,1684,3691,5081
512,917,2900,791,1684,3691,5620
606,917,3043,935,1990,3978,5081
606,917,3043,935,1990,3978,5620
206,917,4438,1255,2670,5693,5081
206,917,4438,1255,2670,5693,5620
564,917,3377,962,2047,4339,5081
564,917,3377,962,2047,4339,5620
292,917,3908,1133,2411,5041,5081
292,917,3908,1133,2411,5041,5620
433,917,3543,1064,2263,4607,5081
433,917,3543,1064,2263,4607,5620
914,917,462,21,43,483,5081
914,917,462,21,43,483,5620
562,917,3078,877,1865,3955,5081
562,917,3078,877,1865,3955,5620
458,917,3560,1046,2226,4606,5081
458,917,3560,1046,2226,4606,5620
260,917,3790,1111,2364,4901,5081
260,917,3790,1111,2364,4901,5620
240,917,4358,1140,2426,5498,5081
240,917,4358,1140,2426,5498,5620
505,917,2856,793,1688,3649,5081
505,917,2856,793,1688,3649,5620
799,917,1760,368,784,2128,5081
799,917,1760,368,784,2128,5620
547,917,2939,932,1982,3871,5081
547,917,2939,932,1982,3871,5620
845,917,1776,305,648,2081,5081
845,917,1776,305,648,2081,5620
139,917,4534,1282,2727,5816,5081
139,917,4534,1282,2727,5816,5620
115,917,4669,1312,2791,5981,5081
115,917,4669,1312,2791,5981,5620
750,917,2515,676,1438,3191,5081
750,917,2515,676,1438,3191,5620
814,917,2177,379,806,2556,5081
814,917,2177,379,806,2556,5620
847,917,1141,184,392,1325,5081
847,917,1141,184,392,1325,5620
049,917,5322,1470,3128,6792,5081
049,917,5322,1470,3128,6792,5620
906,917,374,13,27,387,5081
906,917,374,13,27,387,5620
360,917,3455,974,2072,4429,5081
360,917,3455,974,2072,4429,5620
891,917,969,119,243,1088,5081
891,917,969,119,243,1088,5620
800,917,2546,469,998,3015,5081
800,917,2546,469,998,3015,5620
312,917,3587,1067,2271,4654,5081
312,917,3587,1067,2271,4654,5620
333,917,4546,1275,2712,5821,5081
333,917,4546,1275,2712,5821,5620
424,917,3316,952,2025,4268,5081
424,917,3316,952,2025,4268,5620
389,917,3030,877,1867,3907,5081
389,917,3030,877,1867,3907,5620
963,917,0,0,390,0,5081
963,917,0,0,390,0,5620
976,917,2045,338,720,2383,5081
976,917,2045,338,720,2383,5620
314,917,3984,1148,2443,5132,5081
314,917,3984,1148,2443,5132,5620
275,917,4476,1173,2495,5649,5081
275,917,4476,1173,2495,5649,5620
459,917,3437,1012,2153,4449,5081
459,917,3437,1012,2153,4449,5620
356,917,3288,934,1988,4222,5081
356,917,3288,934,1988,4222,5620
903,917,389,19,38,408,5081
903,917,389,19,38,408,5620
508,917,2750,758,1613,3508,5081
508,917,2750,758,1613,3508,5620
052,917,4923,1333,2836,6256,5081
052,917,4923,1333,2836,6256,5620
587,917,3240,821,1746,4061,5081
587,917,3240,821,1746,4061,5620
535,917,3177,929,1976,4106,5081
535,917,3177,929,1976,4106,5620
760,917,2431,650,1384,3081,5081
760,917,2431,650,1384,3081,5620
838,917,3107,638,1357,3745,5081
838,917,3107,638,1357,3745,5620
601,917,3042,934,1988,3976,5081
601,917,3042,934,1988,3976,5620
368,917,3573,1015,2159,4588,5081
368,917,3573,1015,2159,4588,5620
653,917,2666,792,1686,3458,5081
653,917,2666,792,1686,3458,5620
833,917,2418,413,879,2831,5081
833,917,2418,413,879,2831,5620
686,917,2616,687,1461,3303,5081
686,917,2616,687,1461,3303,5620
982,917,2898,572,1217,3470,5081
982,917,2898,572,1217,3470,5620
786,917,2741,667,1419,3408,5081
786,917,2741,667,1419,3408,5620
556,917,3481,997,2122,4478,5081
556,917,3481,997,2122,4478,5620
196,917,4462,1244,2646,5706,5081
196,917,4462,1244,2646,5706,5620
537,917,3177,930,1979,4107,5081
537,917,3177,930,1979,4107,5620
067,917,4929,1334,2839,6263,5081
067,917,4929,1334,2839,6263,5620
532,917,3239,954,2030,4193,5081
532,917,3239,954,2030,4193,5620
437,917,3627,1077,2291,4704,5081
437,917,3627,1077,2291,4704,5620
922,917,391,49,99,440,5081
922,917,391,49,99,440,5620
400,917,3402,983,2092,4385,5081
400,917,3402,983,2092,4385,5620
302,917,3477,1037,2206,4514,5081
302,917,3477,1037,2206,4514,5620
857,917,1094,217,461,1311,5081
857,917,1094,217,461,1311,5620
725,917,2879,802,1706,3681,5081
725,917,2879,802,1706,3681,5620
853,917,988,147,312,1135,5081
853,917,988,147,312,1135,5620
327,917,4417,1183,2518,5600,5081
327,917,4417,1183,2518,5600,5620
406,917,3432,995,2116,4427,5081
406,917,3432,995,2116,4427,5620
977,917,2642,470,999,3112,5081
977,917,2642,470,999,3112,5620
372,917,3212,932,1982,4144,5081
372,917,3212,932,1982,4144,5620
705,917,2993,815,1735,3808,5081
705,917,2993,815,1735,3808,5620
943,917,1041,178,379,1219,5081
943,917,1041,178,379,1219,5620
665,917,2636,707,1504,3343,5081
665,917,2636,707,1504,3343,5620
287,917,3703,1067,2271,4770,5081
287,917,3703,1067,2271,4770,5620
730,917,2388,611,1299,2999,5081
730,917,2388,611,1299,2999,5620
423,917,3340,957,2036,4297,5081
423,917,3340,957,2036,4297,5620
113,917,4629,1306,2778,5935,5081
113,917,4629,1306,2778,5935,5620
385,917,3330,973,2071,4303,5081
385,917,3330,973,2071,4303,5620
942,917,1145,192,408,1337,5081
942,917,1145,192,408,1337,5620
362,917,3486,994,2114,4480,5081
362,917,3486,994,2114,4480,5620
399,917,3470,1033,2198,4503,5081
399,917,3470,1033,2198,4503,5620
316,917,3949,1094,2327,5043,5081
316,917,3949,1094,2327,5043,5620
277,917,4460,1174,2497,5634,5081
277,917,4460,1174,2497,5634,5620
231,917,4302,1224,2604,5526,5081
231,917,4302,1224,2604,5526,5620
247,917,3925,1114,2371,5039,5081
247,917,3925,1114,2371,5039,5620
077,917,4593,1296,2757,5889,5081
077,917,4593,1296,2757,5889,5620
965,917,0,0,390,0,5081
965,917,0,0,390,0,5620
655,917,2853,795,1691,3648,5081
655,917,2853,795,1691,3648,5620
209,917,4418,1231,2620,5649,5081
209,917,4418,1231,2620,5649,5620
911,917,358,11,22,369,5081
911,917,358,11,22,369,5620
925,917,294,23,47,317,5081
925,917,294,23,47,317,5620
394,917,3244,897,1909,4141,5081
394,917,3244,897,1909,4141,5620
629,917,3149,908,1931,4057,5081
629,917,3149,908,1931,4057,5620
089,917,4559,1285,2735,5844,5081
089,917,4559,1285,2735,5844,5620
928,917,360,11,23,371,5081
928,917,360,11,23,371,5620
938,917,775,120,245,895,5081
938,917,775,120,245,895,5620
062,917,5014,1363,2899,6377,5081
062,917,5014,1363,2899,6377,5620
932,917,661,92,188,753,5081
932,917,661,92,188,753,5620
875,917,2204,390,829,2594,5081
875,917,2204,390,829,2594,5620
997,917,0,0,3013,0,5081
997,917,0,0,3013,0,5620
148,917,4448,1252,2664,5700,5081
148,917,4448,1252,2664,5700,5620
565,917,3230,914,1945,4144,5081
565,917,3230,914,1945,4144,5620
511,917,2754,742,1578,3496,5081
511,917,2754,742,1578,3496,5620
913,917,467,26,53,493,5081
913,917,467,26,53,493,5620
558,917,3423,965,2054,4388,5081
558,917,3423,965,2054,4388,5620
124,917,4844,1323,2814,6167,5081
124,917,4844,1323,2814,6167,5620
894,917,1331,269,572,1600,5081
894,917,1331,269,572,1600,5620
258,917,3927,1113,2368,5040,5081
258,917,3927,1113,2368,5040,5620
878,917,1617,339,722,1956,5081
878,917,1617,339,722,1956,5620
477,917,3239,925,1968,4164,5081
477,917,3239,925,1968,4164,5620
453,917,3452,1014,2158,4466,5081
453,917,3452,1014,2158,4466,5620
811,917,2367,442,940,2809,5081
811,917,2367,442,940,2809,5620
795,917,2300,574,1221,2874,5081
795,917,2300,574,1221,2874,5620
836,917,2572,446,948,3018,5081
836,917,2572,446,948,3018,5620
708,917,3090,845,1798,3935,5081
708,917,3090,845,1798,3935,5620
495,917,3410,1012,2154,4422,5081
495,917,3410,1012,2154,4422,5620
855,917,1150,214,456,1364,5081
855,917,1150,214,456,1364,5620
088,917,4554,1284,2731,5838,5081
088,917,4554,1284,2731,5838,5620
463,917,3086,948,2017,4034,5081
463,917,3086,948,2017,4034,5620
831,917,2135,382,812,2517,5081
831,917,2135,382,812,2517,5620
321,917,4339,1159,2467,5498,5081
321,917,4339,1159,2467,5498,5620
156,917,4229,1141,2428,5370,5081
156,917,4229,1141,2428,5370,5620
344,917,4288,1140,2426,5428,5081
344,917,4288,1140,2426,5428,5620
765,917,2782,687,1461,3469,5081
765,917,2782,687,1461,3469,5620
720,917,2919,776,1651,3695,5081
720,917,2919,776,1651,3695,5620
964,917,0,0,390,0,5081
964,917,0,0,390,0,5620
340,917,0,0,2748,0,5081
340,917,0,0,2748,0,5620
047,917,5541,1545,3287,7086,5081
047,917,5541,1545,3287,7086,5620
998,917,0,0,2255,0,5081
998,917,0,0,2255,0,5620
624,917,3164,909,1933,4073,5081
624,917,3164,909,1933,4073,5620
465,917,3295,984,2093,4279,5081
465,917,3295,984,2093,4279,5620
834,917,2551,421,895,2972,5081
834,917,2551,421,895,2972,5620
107,917,4648,1309,2785,5957,5081
107,917,4648,1309,2785,5957,5620
147,917,4211,1167,2483,5378,5081
147,917,4211,1167,2483,5378,5620
021,917,5125,1392,2962,6517,5081
021,917,5125,1392,2962,6517,5620
347,917,4463,1198,2550,5661,5081
347,917,4463,1198,2550,5661,5620
644,917,2801,776,1651,3577,5081
644,917,2801,776,1651,3577,5620
096,917,0,0,2764,0,5081
096,917,0,0,2764,0,5620
735,917,2355,599,1274,2954,5081
735,917,2355,599,1274,2954,5620
133,917,4598,1273,2709,5871,5081
133,917,4598,1273,2709,5871,5620
136,917,4655,1294,2753,5949,5081
136,917,4655,1294,2753,5949,5620
478,917,3233,930,1978,4163,5081
478,917,3233,930,1978,4163,5620
239,917,4661,1228,2613,5889,5081
239,917,4661,1228,2613,5889,5620
648,917,2644,717,1525,3361,5081
648,917,2644,717,1525,3361,5620
253,917,3833,1085,2309,4918,5081
253,917,3833,1085,2309,4918,5620
522,917,2977,837,1781,3814,5081
522,917,2977,837,1781,3814,5620
825,917,2535,449,956,2984,5081
825,917,2535,449,956,2984,5620
844,917,1800,328,697,2128,5081
844,917,1800,328,697,2128,5620
608,917,3042,937,1993,3979,5081
608,917,3042,937,1993,3979,5620
575,917,3569,702,1494,4271,5081
575,917,3569,702,1494,4271,5620
440,917,3809,1097,2334,4906,5081
440,917,3809,1097,2334,4906,5620
157,917,4269,1162,2473,5431,5081
157,917,4269,1162,2473,5431,5620
474,917,3349,964,2050,4313,5081
474,917,3349,964,2050,4313,5620
718,917,2920,759,1615,3679,5081
718,917,2920,759,1615,3679,5620
016,917,5068,1375,2925,6443,5081
016,917,5068,1375,2925,6443,5620
034,917,4987,1361,2895,6348,5081
034,917,4987,1361,2895,6348,5620
586,917,2928,711,1512,3639,5081
586,917,2928,711,1512,3639,5620
374,917,3437,995,2117,4432,5081
374,917,3437,995,2117,4432,5620
734,917,2535,662,1408,3197,5081
734,917,2535,662,1408,3197,5620
479,917,3182,972,2068,4154,5081
479,917,3182,972,2068,4154,5620
958,917,1147,192,409,1339,5081
958,917,1147,192,409,1339,5620
828,917,2876,556,1184,3432,5081
828,917,2876,556,1184,3432,5620
169,917,4388,1234,2625,5622,5081
169,917,4388,1234,2625,5622,5620
949,917,1140,199,424,1339,5081
949,917,1140,199,424,1339,5620
743,917,2598,695,1478,3293,5081
743,917,2598,695,1478,3293,5620
759,917,2843,762,1622,3605,5081
759,917,2843,762,1622,3605,5620
880,917,1446,341,725,1787,5081
880,917,1446,341,725,1787,5620
022,917,5122,1391,2960,6513,5081
022,917,5122,1391,2960,6513,5620
521,917,3087,874,1860,3961,5081
521,917,3087,874,1860,3961,5620
877,917,2391,453,964,2844,5081
877,917,2391,453,964,2844,5620
349,917,4411,1235,2627,5646,5081
349,917,4411,1235,2627,5646,5620
397,917,3168,909,1933,4077,5081
397,917,3168,909,1933,4077,5620
411,917,3663,1054,2242,4717,5081
411,917,3663,1054,2242,4717,5620
623,917,3012,874,1859,3886,5081
623,917,3012,874,1859,3886,5620
017,917,5101,1384,2944,6485,5081
017,917,5101,1384,2944,6485,5620
250,917,3853,1089,2318,4942,5081
250,917,3853,1089,2318,4942,5620
542,917,3415,1008,2144,4423,5081
542,917,3415,1008,2144,4423,5620
832,917,2354,383,814,2737,5081
832,917,2354,383,814,2737,5620
036,917,5006,1363,2901,6369,5081
036,917,5006,1363,2901,6369,5620
754,917,2661,701,1492,3362,5081
754,917,2661,701,1492,3362,5620
510,917,2795,758,1612,3553,5081
510,917,2795,758,1612,3553,5620
309,917,3813,1099,2338,4912,5081
309,917,3813,1099,2338,4912,5620
634,917,2919,844,1795,3763,5081
634,917,2919,844,1795,3763,5620
066,917,4880,1328,2826,6208,5081
066,917,4880,1328,2826,6208,5620
110,917,4647,1310,2787,5957,5081
110,917,4647,1310,2787,5957,5620
203,917,4431,1238,2634,5669,5081
203,917,4431,1238,2634,5669,5620
951,917,1049,170,362,1219,5081
951,917,1049,170,362,1219,5620
127,917,4610,1296,2757,5906,5081
127,917,4610,1296,2757,5906,5620
271,917,4315,1136,2416,5451,5081
271,917,4315,1136,2416,5451,5620
251,917,3834,1083,2305,4917,5081
251,917,3834,1083,2305,4917,5620
233,917,4423,1264,2690,5687,5081
233,917,4423,1264,2690,5687,5620
770,917,2609,715,1521,3324,5081
770,917,2609,715,1521,3324,5620
816,917,2256,394,838,2650,5081
816,917,2256,394,838,2650,5620
410,917,3487,1014,2158,4501,5081
410,917,3487,1014,2158,4501,5620
706,917,2878,787,1675,3665,5081
706,917,2878,787,1675,3665,5620
122,917,4840,1312,2792,6152,5081
122,917,4840,1312,2792,6152,5620
144,917,4370,1214,2584,5584,5081
144,917,4370,1214,2584,5584,5620
032,917,5080,1399,2976,6479,5081
032,917,5080,1399,2976,6479,5620
991,917,3044,626,1331,3670,5081
991,917,3044,626,1331,3670,5620
244,917,4258,1166,2480,5424,5081
244,917,4258,1166,2480,5424,5620
563,917,3246,937,1994,4183,5081
563,917,3246,937,1994,4183,5620
377,917,3554,1020,2171,4574,5081
377,917,3554,1020,2171,4574,5620
807,917,2561,535,1138,3096,5081
807,917,2561,535,1138,3096,5620
216,917,4486,1260,2680,5746,5081
216,917,4486,1260,2680,5746,5620
281,917,4317,1143,2432,5460,5081
281,917,4317,1143,2432,5460,5620
559,917,2809,878,1869,3687,5081
559,917,2809,878,1869,3687,5620
184,917,4534,1268,2697,5802,5081
184,917,4534,1268,2697,5802,5620
436,917,3647,1044,2221,4691,5081
436,917,3647,1044,2221,4691,5620
612,917,3025,864,1839,3889,5081
612,917,3025,864,1839,3889,5620
265,917,4230,1143,2431,5373,5081
265,917,4230,1143,2431,5373,5620
200,917,4428,1237,2631,5665,5081
200,917,4428,1237,2631,5665,5620
245,917,4436,1166,2480,5602,5081
245,917,4436,1166,2480,5602,5620
217,917,4367,1216,2587,5583,5081
217,917,4367,1216,2587,5583,5620
784,917,2444,694,1477,3138,5081
784,917,2444,694,1477,3138,5620
961,917,1306,254,541,1560,5081
961,917,1306,254,541,1560,5620
788,917,2294,681,1448,2975,5081
788,917,2294,681,1448,2975,5620
524,917,2981,837,1781,3818,5081
524,917,2981,837,1781,3818,5620
042,917,5243,1446,3077,6689,5081
042,917,5243,1446,3077,6689,5620
503,917,2802,779,1658,3581,5081
503,917,2802,779,1658,3581,5620
454,917,3459,1017,2163,4476,5081
454,917,3459,1017,2163,4476,5620
379,917,3538,1014,2158,4552,5081
379,917,3538,1014,2158,4552,5620
051,917,4971,1354,2881,6325,5081
051,917,4971,1354,2881,6325,5620
299,917,4000,1160,2469,5160,5081
299,917,4000,1160,2469,5160,5620
859,917,1244,247,525,1491,5081
859,917,1244,247,525,1491,5620
940,917,1057,181,385,1238,5081
940,917,1057,181,385,1238,5620
430,917,3520,1051,2237,4571,5081
430,917,3520,1051,2237,4571,5620
183,917,4507,1267,2696,5774,5081
183,917,4507,1267,2696,5774,5620
243,917,3870,1102,2345,4972,5081
243,917,3870,1102,2345,4972,5620
722,917,2910,771,1641,3681,5081
722,917,2910,771,1641,3681,5620
674,917,2570,667,1420,3237,5081
674,917,2570,667,1420,3237,5620
255,917,3784,1071,2278,4855,5081
255,917,3784,1071,2278,4855,5620
341,917,4457,1247,2654,5704,5081
341,917,4457,1247,2654,5704,5620
073,917,4601,1299,2763,5900,5081
073,917,4601,1299,2763,5900,5620
544,917,3322,973,2071,4295,5081
544,917,3322,973,2071,4295,5620
723,917,2878,823,1751,3701,5081
723,917,2878,823,1751,3701,5620
059,917,5129,1417,3014,6546,5081
059,917,5129,1417,3014,6546,5620
717,917,2980,790,1680,3770,5081
717,917,2980,790,1680,3770,5620
984,917,2741,527,1122,3268,5081
984,917,2741,527,1122,3268,5620
293,917,3809,1099,2339,4908,5081
293,917,3809,1099,2339,4908,5620
095,917,0,0,2764,0,5081
095,917,0,0,2764,0,5620
441,917,3656,1090,2320,4746,5081
441,917,3656,1090,2320,4746,5620
476,917,3243,926,1970,4169,5081
476,917,3243,926,1970,4169,5620
364,917,3555,983,2092,4538,5081
364,917,3555,983,2092,4538,5620
523,953,3010,899,1913,3909,5423
687,953,2723,778,1655,3501,5423
950,953,499,56,114,555,5423
393,953,3499,1061,2258,4560,5423
528,953,3046,920,1958,3966,5423
954,953,596,79,162,675,5423
719,953,2999,885,1884,3884,5423
565,953,3021,893,1899,3914,5423
504,953,2993,897,1908,3890,5423
411,953,3881,1180,2510,5061,5423
039,953,5220,1484,3157,6704,5423
803,953,2812,588,1251,3400,5423
890,953,1149,242,514,1391,5423
503,953,2838,842,1792,3680,5423
641,953,2427,847,1802,3274,5423
041,953,5266,1503,3198,6769,5423
850,953,1403,328,697,1731,5423
594,953,2865,565,1203,3430,5423
254,953,4246,1291,2747,5537,5423
481,953,3689,1113,2369,4802,5423
946,953,457,41,83,498,5423
102,953,4968,1376,2927,6344,5423
615,953,3145,968,2060,4113,5423
030,953,5182,1467,3122,6649,5423
830,953,2504,432,920,2936,5423
981,953,2020,392,835,2412,5423
123,953,4830,1370,2915,6200,5423
881,953,2397,587,1248,2984,5423
431,953,3791,1156,2460,4947,5423
375,953,3139,961,2044,4100,5423
584,953,3081,829,1764,3910,5423
825,953,2778,492,1046,3270,5423
990,953,2520,476,1013,2996,5423
420,953,3390,1042,2218,4432,5423
754,953,2948,851,1811,3799,5423
791,953,2426,617,1313,3043,5423
259,953,4164,1246,2652,5410,5423
286,953,4087,1234,2625,5321,5423
763,953,2589,736,1566,3325,5423
564,953,3169,941,2002,4110,5423
408,953,3946,1203,2560,5149,5423
216,953,4404,1344,2860,5748,5423
318,953,3984,1199,2552,5183,5423
755,953,3129,909,1934,4038,5423
090,953,0,0,2922,0,5423
050,953,5006,1432,3047,6438,5423
572,953,2956,869,1849,3825,5423
128,953,4899,1386,2948,6285,5423
466,953,3386,1034,2200,4420,5423
524,953,3016,900,1915,3916,5423
686,953,2651,750,1595,3401,5423
463,953,3249,1011,2151,4260,5423
122,953,4860,1376,2927,6236,5423
607,953,3206,998,2124,4204,5423
941,953,483,47,96,530,5423
514,953,2793,822,1749,3615,5423
965,953,0,0,81,0,5423
024,953,5165,1452,3089,6617,5423
320,953,4626,1276,2714,5902,5423
798,953,2122,557,1185,2679,5423
118,953,5054,1390,2957,6444,5423
639,953,3249,991,2109,4240,5423
919,953,781,217,461,998,5423
031,953,5191,1473,3133,6664,5423
551,953,3151,958,2038,4109,5423
983,953,2004,387,823,2391,5423
065,953,4942,1400,2978,6342,5423
246,953,4096,1225,2607,5321,5423
955,953,1034,173,369,1207,5423
952,953,365,20,41,385,5423
256,953,4064,1211,2576,5275,5423
925,953,674,186,395,860,5423
159,953,4249,1240,2638,5489,5423
527,953,3046,918,1954,3964,5423
633,953,3134,945,2011,4079,5423
875,953,2469,515,1096,2984,5423
625,953,3266,1006,2140,4272,5423
491,953,3382,1034,2201,4416,5423
405,953,3684,1132,2408,4816,5423
032,953,5116,1462,3110,6578,5423
970,953,1641,313,666,1954,5423
794,953,2477,636,1354,3113,5423
716,953,3095,933,1985,4028,5423
349,953,4940,1397,2973,6337,5423
655,953,3071,921,1959,3992,5423
681,953,2686,778,1656,3464,5423
410,953,3678,1131,2406,4809,5423
820,953,2547,555,1180,3102,5423
338,953,5002,1358,2890,6360,5423
178,953,4462,1292,2749,5754,5423
553,953,3161,965,2053,4126,5423
534,953,3292,1020,2171,4312,5423
094,953,0,0,2922,0,5423
156,953,4179,1221,2598,5400,5423
302,953,3931,1186,2523,5117,5423
299,953,4269,1304,2774,5573,5423
295,953,4332,1316,2799,5648,5423
014,953,5141,1449,3084,6590,5423
190,953,4866,1348,2869,6214,5423
222,953,4345,1321,2810,5666,5423
943,953,472,47,96,519,5423
773,953,2745,897,1908,3642,5423
180,953,4828,1337,2845,6165,5423
492,953,3608,1091,2322,4699,5423
924,953,649,176,374,825,5423
307,953,3746,1131,2407,4877,5423
847,953,1485,310,660,1795,5423
209,953,4340,1316,2800,5656,5423
392,953,3337,1016,2162,4353,5423
293,953,4025,1225,2606,5250,5423
554,953,3152,958,2039,4110,5423
787,953,2635,811,1726,3446,5423
124,953,4863,1386,2948,6249,5423
253,953,4050,1211,2576,5261,5423
737,953,2651,754,1605,3405,5423
489,953,3625,1094,2327,4719,5423
662,953,2438,851,1811,3289,5423
973,953,1584,288,612,1872,5423
211,953,4353,1319,2807,5672,5423
205,953,4348,1321,2811,5669,5423
602,953,3223,1003,2134,4226,5423
851,953,1465,348,741,1813,5423
478,953,3444,1053,2241,4497,5423
046,953,5490,1579,3359,7069,5423
187,953,4521,1314,2796,5835,5423
944,953,467,45,91,512,5423
134,953,4635,1332,2834,5967,5423
447,953,3892,1174,2497,5066,5423
656,953,2952,876,1864,3828,5423
947,953,470,44,89,514,5423
369,953,3587,1075,2287,4662,5423
915,953,523,147,313,670,5423
290,953,4201,1285,2735,5486,5423
435,953,3615,1096,2331,4711,5423
386,953,3190,977,2078,4167,5423
560,953,3064,926,1970,3990,5423
976,953,960,187,398,1147,5423
691,953,2613,635,1351,3248,5423
729,953,2832,830,1765,3662,5423
601,953,3203,997,2122,4200,5423
179,953,4560,1324,2816,5884,5423
430,953,3803,1157,2461,4960,5423
939,953,517,62,127,579,5423
276,953,4354,1308,2784,5662,5423
539,953,3289,1017,2163,4306,5423
617,953,3202,986,2097,4188,5423
025,953,5235,1480,3149,6715,5423
384,953,3512,1057,2248,4569,5423
548,953,3373,1019,2168,4392,5423
272,953,4222,1277,2716,5499,5423
978,953,1913,374,795,2287,5423
893,953,1382,266,566,1648,5423
631,953,3211,970,2063,4181,5423
448,953,3756,1134,2412,4890,5423
231,953,4519,1349,2871,5868,5423
322,953,4666,1289,2743,5955,5423
274,953,4211,1273,2709,5484,5423
577,953,2789,653,1390,3442,5423
465,953,3428,1047,2227,4475,5423
856,953,1533,407,866,1940,5423
680,953,2715,778,1656,3493,5423
930,953,810,154,327,964,5423
582,953,3283,914,1944,4197,5423
690,953,2550,671,1428,3221,5423
949,953,514,56,115,570,5423
390,953,3350,1023,2176,4373,5423
704,953,3508,1039,2211,4547,5423
300,953,3909,1175,2501,5084,5423
291,953,4165,1273,2709,5438,5423
963,953,0,0,81,0,5423
063,953,5053,1426,3033,6479,5423
026,953,5245,1484,3158,6729,5423
500,953,2839,843,1794,3682,5423
087,953,4983,1380,2936,6363,5423
870,953,2252,489,1040,2741,5423
747,953,2881,823,1751,3704,5423
779,953,2630,844,1796,3474,5423
494,953,3590,1078,2293,4668,5423
358,953,3655,1108,2357,4763,5423
635,953,2916,888,1890,3804,5423
767,953,2744,851,1810,3595,5423
921,953,757,210,446,967,5423
537,953,3212,993,2113,4205,5423
985,953,1958,371,789,2329,5423
959,953,603,73,148,676,5423
824,953,2962,522,1110,3484,5423
988,953,1938,459,977,2397,5423
882,953,2461,608,1293,3069,5423
464,953,3230,1007,2142,4237,5423
097,953,0,0,2922,0,5423
282,953,4135,1255,2670,5390,5423
770,953,2681,877,1867,3558,5423
811,953,2636,567,1207,3203,5423
264,953,4213,1242,2643,5455,5423
627,953,3251,1000,2128,4251,5423
845,953,2024,426,907,2450,5423
371,953,3548,1067,2270,4615,5423
080,953,4897,1358,2890,6255,5423
800,953,2824,592,1259,3416,5423
507,953,3018,902,1919,3920,5423
287,953,3921,1193,2539,5114,5423
086,953,4909,1360,2893,6269,5423
303,953,3892,1171,2492,5063,5423
023,953,5203,1465,3118,6668,5423
487,953,3808,1147,2440,4955,5423
383,953,3316,1007,2142,4323,5423
934,953,669,113,230,782,5423
077,953,4958,1373,2921,6331,5423
813,953,2402,494,1052,2896,5423
482,953,3724,1125,2393,4849,5423
234,953,4633,1388,2953,6021,5423
365,953,3760,1104,2350,4864,5423
712,953,3208,962,2047,4170,5423
377,953,3772,1146,2439,4918,5423
877,953,2660,579,1231,3239,5423
645,953,2375,822,1749,3197,5423
155,953,4292,1249,2657,5541,5423
501,953,2860,850,1808,3710,5423
016,953,5117,1438,3059,6555,5423
764,953,2530,777,1654,3307,5423
580,953,3068,874,1859,3942,5423
693,953,2705,614,1307,3319,5423
336,953,4936,1339,2848,6275,5423
312,953,4037,1213,2581,5250,5423
945,953,440,37,75,477,5423
170,953,4285,1301,2768,5586,5423
374,953,3712,1120,2384,4832,5423
415,953,4008,1200,2553,5208,5423
066,953,4901,1392,2962,6293,5423
488,953,3647,1099,2339,4746,5423
505,953,2891,856,1822,3747,5423
403,953,3705,1137,2419,4842,5423
604,953,3189,995,2116,4184,5423
843,953,1888,376,800,2264,5423
078,953,4866,1343,2857,6209,5423
271,953,4178,1261,2683,5439,5423
434,953,3688,1114,2370,4802,5423
730,953,2606,736,1567,3342,5423
654,953,3090,927,1973,4017,5423
058,953,5113,1465,3117,6578,5423
471,953,3585,1096,2331,4681,5423
351,953,3723,1134,2413,4857,5423
722,953,3025,897,1909,3922,5423
100,953,4973,1377,2929,6350,5423
784,953,2767,856,1822,3623,5423
389,953,3271,1003,2134,4274,5423
202,953,4349,1322,2812,5671,5423
561,953,2987,878,1869,3865,5423
072,953,4920,1362,2897,6282,5423
863,953,1447,335,713,1782,5423
647,953,2517,880,1873,3397,5423
827,953,2743,601,1279,3344,5423
923,953,650,174,371,824,5423
592,953,3014,725,1543,3739,5423
075,953,4935,1364,2902,6299,5423
194,953,4852,1345,2861,6197,5423
352,953,3700,1127,2398,4827,5423
606,953,3204,998,2124,4202,5423
894,953,826,120,244,946,5423
161,953,3946,1191,2533,5137,5423
171,953,4307,1303,2772,5610,5423
864,953,1192,251,534,1443,5423
616,953,3139,966,2055,4105,5423
436,953,3666,1107,2355,4773,5423
440,953,3846,1160,2469,5006,5423
210,953,4366,1324,2817,5690,5423
546,953,3207,977,2078,4184,5423
871,953,2229,485,1031,2714,5423
966,953,0,0,81,0,5423
470,953,3010,1104,2349,4114,5423
154,953,4241,1234,2626,5475,5423
168,953,4263,1251,2662,5514,5423
748,953,2674,761,1620,3435,5423
333,953,5082,1437,3058,6519,5423
225,953,4536,1345,2862,5881,5423
768,953,2712,775,1648,3487,5423
360,953,3779,1136,2418,4915,5423
049,953,5359,1534,3263,6893,5423
298,953,4113,1254,2668,5367,5423
219,953,4417,1344,2860,5761,5423
483,953,3734,1128,2399,4862,5423
196,953,4382,1328,2826,5710,5423
948,953,484,47,96,531,5423
426,953,3715,1129,2403,4844,5423
790,953,2420,625,1329,3045,5423
040,953,5268,1505,3203,6773,5423
605,953,3169,987,2099,4156,5423
073,953,4959,1373,2922,6332,5423
562,953,3054,919,1955,3973,5423
354,953,3535,1081,2299,4616,5423
277,953,4310,1299,2764,5609,5423
057,953,4953,1410,3000,6363,5423
912,953,522,149,317,671,5423
822,953,2625,572,1217,3197,5423
198,953,4433,1346,2863,5779,5423
826,953,2594,536,1140,3130,5423
759,953,3167,925,1968,4092,5423
441,953,3821,1153,2454,4974,5423
814,953,2430,501,1065,2931,5423
960,953,764,121,246,885,5423
956,953,478,45,91,523,5423
013,953,5038,1423,3028,6461,5423
975,953,989,189,403,1178,5423
998,953,0,0,1934,0,5423
098,953,0,0,2922,0,5423
176,953,4351,1318,2804,5669,5423
167,953,4279,1248,2655,5527,5423
772,953,2687,880,1872,3567,5423
650,953,3070,925,1968,3995,5423
648,953,2862,843,1793,3705,5423
388,953,3324,1010,2148,4334,5423
583,953,3246,881,1874,4127,5423
736,953,2487,693,1475,3180,5423
907,953,552,162,345,714,5423
005,953,4903,1401,2981,6304,5423
838,953,2591,490,1042,3081,5423
064,953,4962,1403,2986,6365,5423
237,953,4633,1388,2954,6021,5423
456,953,3861,1173,2496,5034,5423
010,953,5019,1416,3013,6435,5423
033,953,5149,1466,3119,6615,5423
532,953,3276,1018,2165,4294,5423
884,953,2530,568,1208,3098,5423
525,953,2917,884,1881,3801,5423
079,953,4895,1354,2880,6249,5423
265,953,4239,1243,2644,5482,5423
082,953,4941,1379,2935,6320,5423
585,953,2982,783,1666,3765,5423
549,953,3351,1040,2212,4391,5423
799,953,1857,531,1130,2388,5423
085,953,4926,1363,2900,6289,5423
581,953,3060,876,1863,3936,5423
398,953,4128,1218,2591,5346,5423
980,953,2033,396,843,2429,5423
136,953,4691,1357,2887,6048,5423
260,953,4074,1214,2583,5288,5423
131,953,4548,1320,2809,5868,5423
792,953,2470,670,1426,3140,5423
334,953,5033,1421,3024,6454,5423
373,953,3723,1125,2394,4848,5423
220,953,4342,1322,2812,5664,5423
397,953,3384,1034,2200,4418,5423
313,953,4280,1297,2760,5577,5423
084,953,4942,1378,2932,6320,5423
542,953,3452,1071,2279,4523,5423
793,953,2520,642,1366,3162,5423
017,953,5151,1447,3079,6598,5423
883,953,2086,546,1161,2632,5423
288,953,3929,1194,2541,5123,5423
296,953,4035,1226,2609,5261,5423
148,953,4503,1316,2799,5819,5423
857,953,1453,379,807,1832,5423
624,953,3382,1034,2201,4416,5423
710,953,3184,923,1963,4107,5423
215,953,4323,1259,2678,5582,5423
203,953,4352,1323,2814,5675,5423
424,953,3532,1077,2292,4609,5423
964,953,0,0,81,0,5423
807,953,2667,622,1324,3289,5423
316,953,4273,1256,2673,5529,5423
766,953,2714,847,1802,3561,5423
147,953,4246,1230,2617,5476,5423
157,953,4190,1233,2623,5423,5423
330,953,5111,1448,3080,6559,5423
387,953,3187,974,2073,4161,5423
251,953,4051,1209,2572,5260,5423
557,953,3439,1017,2163,4456,5423
206,953,4356,1340,2850,5696,5423
665,953,2744,795,1691,3539,5423
758,953,3021,886,1886,3907,5423
335,953,4940,1340,2850,6280,5423
182,953,4528,1313,2793,5841,5423
443,953,3866,1164,2476,5030,5423
678,953,2780,728,1549,3508,5423
038,953,5202,1482,3154,6684,5423
048,953,5378,1540,3276,6918,5423
053,953,4992,1411,3003,6403,5423
453,953,3052,1119,2381,4171,5423
146,953,4400,1277,2716,5677,5423
541,953,3434,1071,2278,4505,5423
711,953,3160,913,1943,4073,5423
381,953,3141,961,2045,4102,5423
278,953,4483,1343,2857,5826,5423
566,953,3282,974,2072,4256,5423
669,953,2718,764,1626,3482,5423
613,953,3113,962,2046,4075,5423
047,953,5577,1608,3421,7185,5423
326,953,4719,1281,2726,6000,5423
810,953,2863,646,1375,3509,5423
273,953,4273,1294,2753,5567,5423
407,953,3793,1157,2462,4950,5423
379,953,3754,1140,2425,4894,5423
913,953,758,146,310,904,5423
733,953,2638,811,1726,3449,5423
672,953,2816,813,1730,3629,5423
502,953,2847,846,1799,3693,5423
521,953,3122,937,1994,4059,5423
918,953,529,155,329,684,5423
247,953,4143,1240,2639,5383,5423
596,953,2688,514,1093,3202,5423
164,953,4000,1201,2556,5201,5423
619,953,3331,1027,2186,4358,5423
217,953,4290,1300,2767,5590,5423
310,953,4079,1223,2603,5302,5423
423,953,3557,1082,2303,4639,5423
115,953,5029,1386,2949,6415,5423
240,953,4220,1266,2694,5486,5423
404,953,3745,1147,2440,4892,5423
612,953,3062,928,1974,3990,5423
991,953,2516,475,1010,2991,5423
230,953,4506,1344,2860,5850,5423
095,953,0,0,2922,0,5423
962,953,0,0,81,0,5423
281,953,4178,1269,2699,5447,5423
242,953,3958,1198,2549,5156,5423
723,953,3118,949,2019,4067,5423
119,953,4973,1414,3008,6387,5423
708,953,3414,1008,2144,4422,5423
022,953,5172,1455,3095,6627,5423
897,953,756,102,208,858,5423
144,953,4407,1278,2719,5685,5423
021,953,5174,1455,3096,6629,5423
749,953,2841,822,1750,3663,5423
597,953,2547,476,1013,3023,5423
129,953,4980,1427,3037,6407,5423
052,953,4943,1396,2971,6339,5423
267,953,4355,1270,2702,5625,5423
468,953,3530,1078,2294,4608,5423
263,953,4217,1247,2654,5464,5423
623,953,3114,960,2042,4074,5423
462,953,2919,1065,2266,3984,5423
809,953,2851,622,1323,3473,5423
999,953,0,0,1623,0,5423
328,953,4987,1355,2882,6342,5423
852,953,1421,334,710,1755,5423
984,953,1977,376,801,2353,5423
833,953,1790,319,678,2109,5423
236,953,4599,1378,2931,5977,5423
951,953,469,46,94,515,5423
586,953,2876,744,1582,3620,5423
734,953,2751,787,1675,3538,5423
795,953,2620,735,1564,3355,5423
637,953,3302,1012,2154,4314,5423
769,953,2588,727,1547,3315,5423
283,953,4375,1320,2808,5695,5423
399,953,3892,1171,2492,5063,5423
096,953,0,0,2922,0,5423
350,953,3719,1133,2411,4852,5423
706,953,2931,950,2021,3881,5423
107,953,4985,1376,2928,6361,5423
280,953,4141,1257,2675,5398,5423
069,953,5054,1382,2940,6436,5423
395,953,3616,1072,2280,4688,5423
515,953,2710,791,1683,3501,5423
068,953,4875,1388,2953,6263,5423
477,953,3456,1050,2235,4506,5423
508,953,2786,821,1747,3607,5423
238,953,4524,1355,2884,5879,5423
661,953,2427,846,1801,3273,5423
088,953,4908,1358,2889,6266,5423
927,953,585,172,366,757,5423
019,953,5192,1465,3116,6657,5423
438,953,3879,1177,2504,5056,5423
145,953,4409,1279,2722,5688,5423
835,953,2458,460,979,2918,5423
402,953,3591,1098,2337,4689,5423
452,953,3641,1118,2378,4759,5423
275,953,4327,1298,2762,5625,5423
901,953,517,151,322,668,5423
531,953,3250,1009,2146,4259,5423
571,953,2873,835,1776,3708,5423
878,953,1993,502,1068,2495,5423
600,953,3229,1003,2134,4232,5423
476,953,3459,1051,2237,4510,5423
140,953,4320,1245,2649,5565,5423
346,953,4927,1337,2844,6264,5423
401,953,3602,1098,2337,4700,5423
117,953,5095,1396,2970,6491,5423
233,953,4640,1390,2957,6030,5423
935,953,598,138,294,736,5423
996,953,0,0,2999,0,5423
626,953,3275,1008,2145,4283,5423
563,953,3128,947,2015,4075,5423
670,953,2810,809,1722,3619,5423
056,953,5041,1443,3071,6484,5423
652,953,2993,904,1924,3897,5423
195,953,4392,1332,2833,5724,5423
444,953,3951,1191,2533,5142,5423
796,953,2618,741,1576,3359,5423
496,953,3795,1133,2411,4928,5423
400,953,3618,1109,2359,4727,5423
713,953,3321,979,2083,4300,5423
570,953,2855,827,1759,3682,5423
992,953,2515,474,1008,2989,5423
910,953,539,156,331,695,5423
593,953,2949,678,1443,3627,5423
679,953,2748,692,1473,3440,5423
731,953,2608,738,1571,3346,5423
036,953,5026,1427,3036,6453,5423
668,953,2938,853,1814,3791,5423
445,953,3927,1182,2515,5109,5423
971,953,1670,323,688,1993,5423
076,953,4970,1374,2923,6344,5423
083,953,4902,1366,2906,6268,5423
752,953,2640,831,1768,3471,5423
413,953,3841,1169,2487,5010,5423
120,953,4807,1360,2894,6167,5423
158,953,4177,1230,2618,5407,5423
285,953,4540,1361,2895,5901,5423
112,953,4967,1375,2926,6342,5423
314,953,4251,1291,2747,5542,5423
891,953,1138,240,510,1378,5423
396,953,3493,1042,2217,4535,5423
953,953,323,10,21,333,5423
837,953,1744,295,628,2039,5423
324,953,3978,1175,2501,5153,5423
649,953,2426,846,1801,3272,5423
486,953,3791,1140,2425,4931,5423
356,953,3505,1060,2255,4565,5423
916,953,523,146,311,669,5423
676,953,2717,741,1576,3458,5423
920,953,739,205,437,944,5423
106,953,4992,1374,2924,6366,5423
135,953,4645,1334,2839,5979,5423
701,953,3518,1042,2218,4560,5423
110,953,5007,1384,2945,6391,5423
789,953,2687,841,1789,3528,5423
997,953,0,0,2691,0,5423
332,953,5132,1455,3096,6587,5423
567,953,3286,941,2002,4227,5423
636,953,3217,973,2071,4190,5423
815,953,2324,474,1008,2798,5423
588,953,2864,741,1576,3605,5423
141,953,4319,1246,2650,5565,5423
555,953,3165,966,2055,4131,5423
061,953,4992,1410,3000,6402,5423
186,953,4529,1319,2806,5848,5423
442,953,3844,1162,2472,5006,5423
323,953,4154,1215,2586,5369,5423
060,953,4994,1411,3002,6405,5423
160,953,4018,1207,2569,5225,5423
689,953,2612,715,1522,3327,5423
359,953,3761,1140,2425,4901,5423
785,953,2930,917,1952,3847,5423
406,953,3649,1120,2384,4769,5423
133,953,4652,1336,2843,5988,5423
037,953,5019,1435,3053,6454,5423
130,953,4521,1312,2791,5833,5423
455,953,3083,1128,2401,4211,5423
268,953,4420,1290,2745,5710,5423
753,953,2640,831,1768,3471,5423
372,953,3520,1057,2249,4577,5423
366,953,3729,1098,2337,4827,5423
418,953,3952,1196,2544,5148,5423
121,953,4866,1380,2937,6246,5423
191,953,4866,1348,2869,6214,5423
609,953,3245,1007,2143,4252,5423
432,953,3778,1150,2447,4928,5423
657,953,2961,879,1871,3840,5423
257,953,3953,1189,2529,5142,5423
644,953,2808,829,1764,3637,5423
340,953,0,0,3094,0,5423
467,953,3539,1081,2299,4620,5423
248,953,4191,1254,2669,5445,5423
101,953,4975,1378,2931,6353,5423
193,953,4412,1338,2847,5750,5423
227,953,4535,1331,2831,5866,5423
279,953,4602,1383,2943,5985,5423
226,953,4457,1299,2764,5756,5423
294,953,4269,1305,2777,5574,5423
284,953,4477,1348,2868,5825,5423
509,953,2839,843,1793,3682,5423
422,953,3596,1089,2318,4685,5423
243,953,4087,1228,2612,5315,5423
125,953,4858,1376,2928,6234,5423
289,953,3841,1162,2473,5003,5423
252,953,4033,1211,2576,5244,5423
685,953,2655,756,1609,3411,5423
317,953,4218,1243,2645,5461,5423
451,953,3691,1134,2412,4825,5423
911,953,527,153,325,680,5423
776,953,2824,923,1963,3747,5423
781,953,2464,801,1705,3265,5423
412,953,3948,1187,2525,5135,5423
152,953,4089,1209,2573,5298,5423
545,953,3443,1062,2260,4505,5423
446,953,3889,1175,2500,5064,5423
498,953,3642,1122,2387,4764,5423
778,953,2835,913,1942,3748,5423
958,953,455,40,81,495,5423
746,953,2736,787,1675,3523,5423
480,953,3756,1136,2416,4892,5423
449,953,3798,1149,2444,4947,5423
735,953,2572,724,1541,3296,5423
127,953,4934,1359,2892,6293,5423
895,953,774,103,211,877,5423
806,953,2784,583,1240,3367,5423
417,953,3899,1183,2518,5082,5423
070,953,4921,1362,2897,6283,5423
757,953,3024,875,1861,3899,5423
558,953,3447,1024,2179,4471,5423
270,953,4180,1262,2686,5442,5423
513,953,2967,874,1859,3841,5423
727,953,2849,837,1781,3686,5423
034,953,5036,1424,3029,6460,5423
175,953,4364,1323,2814,5687,5423
520,953,3117,933,1986,4050,5423
174,953,4328,1310,2788,5638,5423
898,953,1383,234,497,1617,5423
576,953,2912,767,1631,3679,5423
620,953,3197,971,2067,4168,5423
840,953,1772,349,742,2121,5423
905,953,541,158,336,699,5423
993,953,2073,415,884,2488,5423
347,953,5006,1361,2895,6367,5423
497,953,3947,1179,2509,5126,5423
012,953,4951,1395,2969,6346,5423
828,953,3118,581,1237,3699,5423
212,953,4364,1323,2815,5687,5423
740,953,2728,789,1678,3517,5423
311,953,3892,1171,2492,5063,5423
181,953,4821,1335,2840,6156,5423
011,953,5024,1418,3016,6442,5423
808,953,2846,627,1335,3473,5423
846,953,1812,368,782,2180,5423
138,953,4615,1347,2867,5962,5423
207,953,4357,1324,2816,5681,5423
675,953,2814,793,1688,3607,5423
961,953,773,104,213,877,5423
957,953,501,45,92,546,5423
306,953,3986,1202,2557,5188,5423
309,953,4080,1242,2642,5322,5423
229,953,4459,1309,2786,5768,5423
738,953,2558,720,1532,3278,5423
836,953,1740,291,620,2031,5423
705,953,3317,978,2081,4295,5423
614,953,3103,950,2022,4053,5423
029,953,5149,1447,3079,6596,5423
177,953,4416,1281,2725,5697,5423
150,953,4064,1204,2561,5268,5423
228,953,4484,1313,2794,5797,5423
629,953,3366,1033,2198,4399,5423
880,953,1770,503,1071,2273,5423
172,953,4206,1280,2724,5486,5423
450,953,3053,1122,2388,4175,5423
804,953,2776,578,1229,3354,5423
587,953,3030,799,1700,3829,5423
922,953,756,209,445,965,5423
199,953,4455,1364,2903,5819,5423
506,953,3027,905,1925,3932,5423
603,953,3196,995,2118,4191,5423
042,953,5280,1510,3212,6790,5423
074,953,4921,1358,2890,6279,5423
091,953,0,0,2922,0,5423
439,953,4040,1212,2578,5252,5423
055,953,5183,1462,3110,6645,5423
437,953,3913,1182,2515,5095,5423
474,953,3566,1089,2317,4655,5423
409,953,3868,1178,2506,5046,5423
043,953,5344,1528,3252,6872,5423
674,953,2779,791,1682,3570,5423
855,953,1519,377,802,1896,5423
658,953,2940,872,1856,3812,5423
816,953,2521,519,1105,3040,5423
900,953,522,151,322,673,5423
414,953,3866,1173,2496,5039,5423
775,953,2717,892,1897,3609,5423
575,953,2747,736,1567,3483,5423
493,953,3607,1085,2308,4692,5423
425,953,3733,1138,2421,4871,5423
844,953,1807,357,760,2164,5423
151,953,4107,1212,2579,5319,5423
200,953,4350,1322,2812,5672,5423
261,953,4047,1206,2565,5253,5423
204,953,4351,1322,2813,5673,5423
297,953,4149,1263,2687,5412,5423
821,953,2686,462,984,3148,5423
308,953,4077,1234,2626,5311,5423
201,953,4329,1318,2805,5647,5423
045,953,5337,1526,3247,6863,5423
692,953,2705,687,1461,3392,5423
035,953,5142,1472,3132,6614,5423
917,953,558,163,347,721,5423
728,953,2920,861,1831,3781,5423
165,953,4018,1200,2554,5218,5423
933,953,585,96,196,681,5423
832,953,2006,372,792,2378,5423
235,953,4628,1386,2950,6014,5423
250,953,4070,1215,2585,5285,5423
745,953,2821,806,1714,3627,5423
378,953,3774,1147,2441,4921,5423
081,953,4877,1352,2876,6229,5423
380,953,3203,979,2082,4182,5423
765,953,2704,849,1807,3553,5423
777,953,2811,918,1954,3729,5423
879,953,1835,520,1107,2355,5423
756,953,3089,889,1892,3978,5423
457,953,3991,1196,2544,5187,5423
143,953,4282,1238,2635,5520,5423
853,953,1350,309,658,1659,5423
142,953,4313,1246,2650,5559,5423
089,953,4919,1362,2897,6281,5423
543,953,3410,1062,2259,4472,5423
473,953,2992,1097,2333,4089,5423
149,953,4520,1319,2806,5839,5423
249,953,4231,1263,2687,5494,5423
367,953,3679,1100,2341,4779,5423
255,953,4000,1196,2545,5196,5423
724,953,3138,950,2021,4088,5423
598,953,2700,517,1099,3217,5423
660,953,2472,862,1834,3334,5423
986,953,1676,321,683,1997,5423
977,953,1266,318,677,1584,5423
774,953,2700,876,1863,3576,5423
932,953,529,70,143,599,5423
556,953,3503,1056,2246,4559,5423
634,953,2958,908,1931,3866,5423
744,953,2776,804,1710,3580,5423
208,953,4328,1312,2791,5640,5423
714,953,3259,954,2029,4213,5423
104,953,4988,1379,2935,6367,5423
071,953,4921,1362,2897,6283,5423
989,953,1797,403,857,2200,5423
363,953,3983,1187,2526,5170,5423
304,953,4175,1262,2685,5437,5423
454,953,3059,1122,2387,4181,5423
331,953,5119,1451,3087,6570,5423
266,953,4180,1246,2650,5426,5423
458,953,3058,1114,2371,4172,5423
475,953,3507,1067,2271,4574,5423
325,953,3844,1132,2409,4976,5423
093,953,0,0,2922,0,5423
762,953,2610,813,1730,3423,5423
368,953,3897,1177,2505,5074,5423
550,953,3151,957,2037,4108,5423
717,953,3187,948,2017,4135,5423
937,953,439,43,88,482,5423
640,953,2444,854,1818,3298,5423
113,953,4988,1380,2936,6368,5423
239,953,4495,1354,2880,5849,5423
595,953,2842,621,1321,3463,5423
628,953,3327,1012,2154,4339,5423
472,953,2989,1094,2327,4083,5423
103,953,4942,1369,2912,6311,5423
221,953,4333,1319,2806,5652,5423
166,953,4280,1252,2664,5532,5423
940,953,475,47,96,522,5423
111,953,4979,1378,2932,6357,5423
244,953,4337,1291,2747,5628,5423
460,953,2936,1076,2290,4012,5423
618,953,3282,1012,2154,4294,5423
995,953,0,0,2806,0,5423
224,953,4551,1347,2866,5898,5423
315,953,4361,1287,2738,5648,5423
760,953,2589,813,1730,3402,5423
538,953,3199,966,2055,4165,5423
339,953,4924,1394,2966,6318,5423
258,953,4144,1238,2635,5382,5423
906,953,555,164,349,719,5423
535,953,3214,992,2111,4206,5423
721,953,3027,899,1913,3926,5423
725,953,3097,928,1974,4025,5423
622,953,3242,983,2092,4225,5423
559,953,3109,942,2004,4051,5423
611,953,3164,976,2077,4140,5423
361,953,3761,1130,2405,4891,5423
189,953,4883,1353,2878,6236,5423
382,953,3327,1020,2171,4347,5423
301,953,3843,1162,2472,5005,5423
599,953,2876,572,1218,3448,5423
788,953,2812,843,1794,3655,5423
184,953,4588,1331,2831,5919,5423
703,953,3511,1041,2214,4552,5423
801,953,2834,598,1272,3432,5423
329,953,5052,1371,2918,6423,5423
162,953,4091,1216,2587,5307,5423
974,953,1165,247,525,1412,5423
859,953,1580,397,845,1977,5423
241,953,4213,1272,2706,5485,5423
865,953,1867,419,892,2286,5423
726,953,2962,878,1869,3840,5423
362,953,3810,1156,2460,4966,5423
834,953,2151,399,849,2550,5423
526,953,3019,926,1970,3945,5423
630,953,3192,961,2044,4153,5423
018,953,5182,1461,3108,6643,5423
522,953,3012,900,1915,3912,5423
889,953,1124,240,510,1364,5423
683,953,2679,766,1629,3445,5423
638,953,3278,1007,2142,4285,5423
667,953,2902,850,1809,3752,5423
028,953,5132,1443,3070,6575,5423
653,953,2519,890,1894,3409,5423
516,953,2713,795,1691,3508,5423
750,953,2650,832,1770,3482,5423
485,953,3712,1120,2383,4832,5423
860,953,1456,337,716,1793,5423
707,953,3403,1004,2136,4407,5423
812,953,2772,602,1281,3374,5423
802,953,2825,592,1260,3417,5423
780,953,2687,815,1733,3502,5423
511,953,2789,805,1712,3594,5423
192,953,4866,1348,2869,6214,5423
841,953,1751,342,728,2093,5423
805,953,2763,573,1219,3336,5423
842,953,1808,357,760,2165,5423
105,953,5011,1376,2927,6387,5423
427,953,3655,1112,2366,4767,5423
067,953,4948,1397,2973,6345,5423
544,953,3358,1036,2205,4394,5423
718,953,3123,915,1946,4038,5423
908,953,553,163,346,716,5423
188,953,4530,1324,2817,5854,5423
574,953,2923,844,1796,3767,5423
677,953,2630,696,1481,3326,5423
938,953,439,43,88,482,5423
942,953,453,39,80,492,5423
936,953,508,63,128,571,5423
926,953,592,174,370,766,5423
829,953,2260,411,875,2671,5423
044,953,5445,1563,3326,7008,5423
337,953,4968,1350,2872,6318,5423
015,953,5115,1437,3057,6552,5423
132,953,4524,1312,2791,5836,5423
914,953,736,145,309,881,5423
139,953,4589,1345,2861,5934,5423
590,953,2990,536,1140,3526,5423
931,953,896,170,362,1066,5423
783,953,2742,851,1810,3593,5423
479,953,3375,1044,2222,4419,5423
786,953,2673,830,1765,3503,5423
510,953,2832,821,1747,3653,5423
218,953,4661,1377,2930,6038,5423
153,953,4159,1222,2600,5381,5423
092,953,0,0,2922,0,5423
490,953,3506,1059,2253,4565,5423
761,953,2585,812,1727,3397,5423
610,953,3150,968,2059,4118,5423
573,953,2807,813,1729,3620,5423
972,953,1634,311,662,1945,5423
027,953,5175,1457,3099,6632,5423
108,953,4994,1379,2933,6373,5423
885,953,1858,531,1129,2389,5423
126,953,4842,1374,2924,6216,5423
385,953,3642,1099,2338,4741,5423
342,953,5025,1364,2902,6389,5423
185,953,4559,1322,2813,5881,5423
664,953,2830,826,1757,3656,5423
391,953,3327,1013,2156,4340,5423
591,953,3032,548,1165,3580,5423
782,953,2622,785,1670,3407,5423
741,953,2727,789,1678,3516,5423
357,953,3680,1114,2371,4794,5423
116,953,4986,1380,2937,6366,5423
484,953,3745,1131,2406,4876,5423
416,953,3947,1188,2527,5135,5423
512,953,2935,854,1818,3789,5423
874,953,2293,474,1009,2767,5423
394,953,3568,1060,2255,4628,5423
673,953,2845,828,1762,3673,5423
327,953,4960,1346,2864,6306,5423
341,953,4989,1410,3000,6399,5423
495,953,3547,1076,2289,4623,5423
421,953,3618,1092,2324,4710,5423
183,953,4823,1330,2830,6153,5423
743,953,2814,820,1745,3634,5423
344,953,4823,1303,2772,6126,5423
169,953,4442,1297,2759,5739,5423
370,953,3473,1041,2215,4514,5423
823,953,2408,479,1019,2887,5423
305,953,3922,1184,2519,5106,5423
245,953,4289,1291,2747,5580,5423
651,953,3095,934,1987,4029,5423
688,953,2583,716,1523,3299,5423
569,953,0,0,2812,0,5423
321,953,4877,1322,2813,6199,5423
262,953,4270,1262,2686,5532,5423
461,953,2928,1068,2273,3996,5423
903,953,531,154,328,685,5423
994,953,2357,445,947,2802,5423
059,953,5166,1480,3149,6646,5423
062,953,5064,1426,3034,6490,5423
904,953,533,151,322,684,5423
666,953,2848,833,1772,3681,5423
646,953,2429,855,1820,3284,5423
223,953,4352,1325,2819,5677,5423
469,953,2898,1063,2262,3961,5423
928,953,589,174,370,763,5423
054,953,5019,1433,3049,6452,5423
700,953,3515,1042,2216,4557,5423
114,953,4995,1382,2941,6377,5423
739,953,2603,646,1375,3249,5423
873,953,1904,420,893,2324,5423
376,953,3926,1188,2528,5114,5423
232,953,4515,1345,2862,5860,5423
671,953,2771,796,1693,3567,5423
292,953,4143,1265,2692,5408,5423
902,953,529,154,327,683,5423
720,953,3032,901,1918,3933,5423
540,953,3192,971,2067,4163,5423
197,953,4447,1351,2875,5798,5423
051,953,4989,1417,3015,6406,5423
173,953,4309,1304,2774,5613,5423
797,953,2562,664,1413,3226,5423
499,953,3580,1107,2356,4687,5423
020,953,5184,1458,3102,6642,5423
433,953,3784,1154,2455,4938,5423
355,953,3440,1041,2214,4481,5423
459,953,3041,1118,2378,4159,5423
982,953,2118,421,896,2539,5423
319,953,3949,1191,2533,5140,5423
364,953,3879,1146,2438,5025,5423
608,953,3205,1000,2128,4205,5423
831,953,2335,422,898,2757,5423
751,953,2675,840,1787,3515,5423
214,953,4382,1332,2833,5714,5423
547,953,3255,995,2117,4250,5423
163,953,4061,1214,2584,5275,5423
684,953,2659,760,1618,3419,5423
109,953,4974,1368,2911,6342,5423
979,953,1764,298,634,2062,5423
137,953,4634,1354,2881,5988,5423
530,953,3309,1028,2188,4337,5423
681,605,1007,210,446,1217,5641
594,605,3057,685,1457,3742,5641
005,605,1908,421,895,2329,5641
109,605,1871,387,824,2258,5641
664,605,1183,282,601,1465,5641
426,605,1144,224,477,1368,5641
478,605,819,112,228,931,5641
756,605,1899,419,891,2318,5641
253,605,1412,244,519,1656,5641
690,605,1537,346,737,1883,5641
662,605,1089,241,512,1330,5641
424,605,946,185,394,1131,5641
219,605,1833,364,774,2197,5641
581,605,1435,299,637,1734,5641
175,605,1775,342,728,2117,5641
737,605,1767,375,798,2142,5641
434,605,878,133,284,1011,5641
692,605,1824,341,726,2165,5641
683,605,1135,245,521,1380,5641
287,605,1463,315,670,1778,5641
926,605,2274,938,1995,3212,5641
994,605,3484,872,1856,4356,5641
017,605,2483,466,992,2949,5641
615,605,535,70,143,605,5641
775,605,2015,561,1193,2576,5641
144,605,1512,297,632,1809,5641
549,605,588,98,199,686,5641
652,605,923,171,363,1094,5641
361,605,1540,363,773,1903,5641
940,605,3164,1003,2133,4167,5641
779,605,2125,602,1280,2727,5641
962,605,0,0,2091,0,5641
257,605,1293,225,479,1518,5641
814,605,2809,585,1244,3394,5641
983,605,3808,972,2068,4780,5641
151,605,1349,231,492,1580,5641
781,605,2027,586,1247,2613,5641
015,605,2443,456,970,2899,5641
684,605,1084,235,499,1319,5641
032,605,2594,481,1024,3075,5641
326,605,2514,502,1069,3016,5641
795,605,2072,533,1134,2605,5641
154,605,1515,254,540,1769,5641
530,605,509,65,133,574,5641
793,605,2169,551,1172,2720,5641
267,605,1639,290,616,1929,5641
550,605,929,185,394,1114,5641
728,605,1492,349,743,1841,5641
121,605,1879,400,850,2279,5641
114,605,1888,402,855,2290,5641
735,605,1898,411,875,2309,5641
834,605,3035,693,1475,3728,5641
558,605,1152,218,464,1370,5641
753,605,1775,461,981,2236,5641
060,605,1995,431,916,2426,5641
843,605,2804,660,1404,3464,5641
608,605,290,15,30,305,5641
486,605,980,159,338,1139,5641
582,605,1685,346,736,2031,5641
124,605,1875,405,862,2280,5641
091,605,0,0,836,0,5641
310,605,1838,396,843,2234,5641
089,605,1819,381,811,2200,5641
989,605,3694,924,1966,4618,5641
372,605,1030,232,493,1262,5641
173,605,1716,323,688,2039,5641
410,605,919,161,343,1080,5641
340,605,0,0,1437,0,5641
076,605,1866,393,837,2259,5641
427,605,885,180,384,1065,5641
474,605,769,121,258,890,5641
534,605,399,43,87,442,5641
093,605,0,0,836,0,5641
282,605,1629,376,799,2005,5641
196,605,1795,348,740,2143,5641
179,605,1775,343,729,2118,5641
610,605,388,44,89,432,5641
918,605,2259,932,1984,3191,5641
614,605,536,88,179,624,5641
461,605,698,104,212,802,5641
164,605,1185,221,470,1406,5641
700,605,1802,438,931,2240,5641
637,605,902,182,387,1084,5641
293,605,1560,346,737,1906,5641
182,605,1742,332,706,2074,5641
500,605,865,151,321,1016,5641
131,605,1764,340,723,2104,5641
799,605,2199,690,1468,2889,5641
192,605,1771,368,783,2139,5641
569,605,0,0,725,0,5641
794,605,2120,543,1155,2663,5641
875,605,2918,620,1319,3538,5641
317,605,2234,432,920,2666,5641
048,605,2577,559,1189,3136,5641
912,605,2274,934,1988,3208,5641
770,605,2015,560,1192,2575,5641
638,605,956,204,434,1160,5641
200,605,1759,341,725,2100,5641
116,605,1880,400,851,2280,5641
080,605,1798,378,804,2176,5641
223,605,1762,344,732,2106,5641
101,605,1869,397,844,2266,5641
816,605,2666,530,1128,3196,5641
398,605,2227,435,925,2662,5641
135,605,1862,354,753,2216,5641
740,605,1418,321,684,1739,5641
243,605,1652,317,675,1969,5641
507,605,719,119,254,838,5641
336,605,2747,560,1191,3307,5641
651,605,905,191,407,1096,5641
790,605,2265,479,1019,2744,5641
599,605,3379,799,1701,4178,5641
389,605,1118,300,638,1418,5641
928,605,2254,930,1979,3184,5641
628,605,804,138,293,942,5641
104,605,1883,399,849,2282,5641
273,605,1678,384,817,2062,5641
553,605,873,200,425,1073,5641
302,605,1680,359,764,2039,5641
757,605,1944,439,935,2383,5641
601,605,272,9,18,281,5641
722,605,1382,313,665,1695,5641
442,605,990,181,386,1171,5641
231,605,1795,386,821,2181,5641
068,605,1886,407,867,2293,5641
944,605,3162,1000,2127,4162,5641
949,605,3148,987,2100,4135,5641
095,605,0,0,836,0,5641
252,605,1385,241,513,1626,5641
397,605,1345,318,677,1663,5641
065,605,1948,419,892,2367,5641
629,605,838,157,335,995,5641
226,605,1751,319,678,2070,5641
385,605,1125,263,559,1388,5641
446,605,1033,195,414,1228,5641
946,605,3147,989,2105,4136,5641
513,605,1112,233,496,1345,5641
402,605,852,152,323,1004,5641
437,605,1077,210,446,1287,5641
266,605,1582,285,606,1867,5641
802,605,2407,459,976,2866,5641
870,605,2803,627,1333,3430,5641
516,605,989,211,448,1200,5641
145,605,1514,298,635,1812,5641
556,605,1232,250,531,1482,5641
270,605,1566,346,736,1912,5641
055,605,2520,481,1024,3001,5641
986,605,3576,991,2108,4567,5641
323,605,2348,459,977,2807,5641
357,605,1410,289,615,1699,5641
573,605,1547,309,658,1856,5641
527,605,505,74,152,579,5641
338,605,2818,579,1232,3397,5641
061,605,1992,429,913,2421,5641
548,605,1020,193,411,1213,5641
780,605,1730,611,1301,2341,5641
078,605,1773,362,771,2135,5641
457,605,1152,223,475,1375,5641
227,605,1839,350,745,2189,5641
920,605,2439,955,2031,3394,5641
208,605,1736,331,705,2067,5641
275,605,1734,389,827,2123,5641
673,605,1351,298,634,1649,5641
784,605,2205,649,1381,2854,5641
685,605,1083,231,492,1314,5641
704,605,1751,420,894,2171,5641
751,605,1800,466,992,2266,5641
883,605,2281,650,1384,2931,5641
717,605,1540,361,768,1901,5641
358,605,1382,282,600,1664,5641
123,605,1847,389,828,2236,5641
276,605,1762,399,849,2161,5641
113,605,1882,400,850,2282,5641
726,605,1382,272,578,1654,5641
347,605,2824,582,1238,3406,5641
524,605,572,98,200,670,5641
764,605,1893,491,1044,2384,5641
895,605,3165,888,1890,4053,5641
168,605,1541,271,576,1812,5641
020,605,2520,478,1016,2998,5641
420,605,917,187,397,1104,5641
826,605,2678,508,1081,3186,5641
083,605,1801,385,820,2186,5641
956,605,2800,946,2012,3746,5641
913,605,2876,945,2011,3821,5641
654,605,904,186,395,1090,5641
604,605,285,13,27,298,5641
687,605,1193,264,561,1457,5641
904,605,2298,943,2006,3241,5641
049,605,2558,553,1176,3111,5641
580,605,1476,309,657,1785,5641
592,605,2466,517,1101,2983,5641
978,605,3325,885,1884,4210,5641
936,605,3148,992,2110,4140,5641
855,605,2644,812,1728,3456,5641
418,605,1372,248,528,1620,5641
322,605,2462,510,1086,2972,5641
971,605,3595,1002,2132,4597,5641
583,605,1871,390,829,2261,5641
891,605,2866,811,1725,3677,5641
878,605,2596,656,1395,3252,5641
759,605,2037,469,998,2506,5641
686,605,1151,244,519,1395,5641
937,605,3158,995,2118,4153,5641
033,605,2628,485,1032,3113,5641
981,605,3779,962,2047,4741,5641
448,605,908,153,325,1061,5641
730,605,1761,371,790,2132,5641
777,605,1925,520,1106,2445,5641
670,605,1328,329,699,1657,5641
469,605,622,86,176,708,5641
842,605,2722,641,1364,3363,5641
710,605,1888,416,885,2304,5641
094,605,0,0,836,0,5641
924,605,2347,914,1944,3261,5641
745,605,1639,354,754,1993,5641
449,605,946,168,357,1114,5641
677,605,1627,378,804,2005,5641
315,605,2369,465,989,2834,5641
313,605,1979,470,999,2449,5641
620,605,712,119,253,831,5641
471,605,852,151,322,1003,5641
984,605,3802,969,2062,4771,5641
736,605,1912,414,881,2326,5641
733,605,2066,546,1162,2612,5641
456,605,1108,204,433,1312,5641
787,605,2064,546,1162,2610,5641
250,605,1438,249,530,1687,5641
957,605,2847,946,2013,3793,5641
148,605,1718,335,712,2053,5641
081,605,1780,371,789,2151,5641
570,605,1273,274,584,1547,5641
158,605,1297,250,532,1547,5641
482,605,914,144,307,1058,5641
829,605,2562,580,1233,3142,5641
320,605,2419,497,1057,2916,5641
204,605,1760,341,726,2101,5641
044,605,2646,583,1240,3229,5641
952,605,2817,969,2062,3786,5641
463,605,358,32,65,390,5641
051,605,1987,437,929,2424,5641
289,605,1520,330,702,1850,5641
251,605,1414,243,516,1657,5641
283,605,1782,410,872,2192,5641
931,605,3001,979,2082,3980,5641
388,605,1270,289,614,1559,5641
417,605,1227,236,502,1463,5641
853,605,2787,851,1810,3638,5641
409,605,1183,233,496,1416,5641
300,605,1654,349,742,2003,5641
836,605,3266,791,1684,4057,5641
744,605,1414,319,678,1733,5641
070,605,1822,381,811,2203,5641
391,605,1274,355,756,1629,5641
837,605,3238,785,1670,4023,5641
493,605,712,108,221,820,5641
797,605,2287,603,1283,2890,5641
225,605,1760,365,776,2125,5641
520,605,558,95,193,653,5641
239,605,1826,417,888,2243,5641
011,605,2022,437,930,2459,5641
921,605,2467,964,2052,3431,5641
084,605,1835,397,845,2232,5641
155,605,1570,268,571,1838,5641
244,605,1724,340,724,2064,5641
584,605,1736,349,742,2085,5641
641,605,1052,235,499,1287,5641
667,605,1207,291,620,1498,5641
597,605,2969,665,1414,3634,5641
708,605,1779,431,916,2210,5641
714,605,1994,453,964,2447,5641
879,605,2342,682,1451,3024,5641
215,605,1604,278,592,1882,5641
749,605,1549,335,713,1884,5641
658,605,1225,233,496,1458,5641
332,605,3180,676,1438,3856,5641
062,605,2389,445,947,2834,5641
268,605,1710,309,658,2019,5641
330,605,3158,669,1423,3827,5641
077,605,1854,392,835,2246,5641
660,605,1130,253,538,1383,5641
036,605,2018,446,949,2464,5641
840,605,2721,644,1371,3365,5641
189,605,1785,372,791,2157,5641
272,605,1628,367,780,1995,5641
395,605,1784,427,908,2211,5641
783,605,2179,643,1368,2822,5641
440,605,1030,180,382,1210,5641
503,605,846,144,306,990,5641
344,605,2624,524,1115,3148,5641
674,605,1323,317,675,1640,5641
613,605,389,37,76,426,5641
675,605,1475,357,760,1832,5641
820,605,2379,446,948,2825,5641
785,605,2361,707,1505,3068,5641
505,605,1006,194,413,1200,5641
995,605,0,0,3612,0,5641
318,605,1648,393,837,2041,5641
106,605,1887,393,837,2280,5641
176,605,1760,337,717,2097,5641
557,605,1259,243,516,1502,5641
585,605,1899,392,835,2291,5641
088,605,1810,377,803,2187,5641
497,605,1201,198,422,1399,5641
786,605,2051,545,1160,2596,5641
278,605,1885,433,921,2318,5641
159,605,1524,259,552,1783,5641
591,605,2862,578,1229,3440,5641
950,605,2946,1016,2162,3962,5641
314,605,1935,459,976,2394,5641
916,605,2293,938,1996,3231,5641
299,605,1866,442,941,2308,5641
723,605,1017,256,544,1273,5641
277,605,1717,389,828,2106,5641
488,605,850,119,253,969,5641
480,605,948,155,330,1103,5641
724,605,1065,234,498,1299,5641
453,605,862,147,312,1009,5641
292,605,1685,387,824,2072,5641
999,605,0,0,2668,0,5641
339,605,2949,615,1309,3564,5641
665,605,1187,282,601,1469,5641
773,605,2007,553,1176,2560,5641
010,605,2018,436,927,2454,5641
857,605,2753,814,1732,3567,5641
321,605,2684,543,1156,3227,5641
992,605,3426,830,1766,4256,5641
541,605,669,119,242,788,5641
930,605,2935,960,2042,3895,5641
934,605,3144,1011,2150,4155,5641
588,605,2172,484,1029,2656,5641
734,605,1804,412,876,2216,5641
852,605,2769,846,1799,3615,5641
475,605,859,153,325,1012,5641
234,605,1909,423,901,2332,5641
464,605,338,27,56,365,5641
864,605,2998,848,1805,3846,5641
053,605,1991,431,916,2422,5641
705,605,1857,462,982,2319,5641
324,605,2233,444,945,2677,5641
586,605,2044,439,934,2483,5641
514,605,998,191,406,1189,5641
403,605,1014,189,403,1203,5641
631,605,773,135,287,908,5641
172,605,1606,299,637,1905,5641
411,605,1138,213,453,1351,5641
355,605,1488,321,684,1809,5641
607,605,293,15,31,308,5641
377,605,1299,266,565,1565,5641
354,605,1443,346,737,1789,5641
650,605,928,200,426,1128,5641
805,605,2395,455,969,2850,5641
693,605,2338,438,931,2776,5641
447,605,1037,193,411,1230,5641
119,605,1972,433,922,2405,5641
180,605,1736,356,758,2092,5641
160,605,1203,227,483,1430,5641
494,605,681,101,206,782,5641
782,605,1686,583,1240,2269,5641
521,605,773,141,299,914,5641
587,605,2007,429,912,2436,5641
086,605,1810,379,807,2189,5641
600,605,311,20,40,331,5641
863,605,2679,805,1712,3484,5641
776,605,1889,507,1078,2396,5641
590,605,2916,597,1270,3513,5641
955,605,3369,1054,2242,4423,5641
640,605,1077,237,504,1314,5641
432,605,949,178,378,1127,5641
167,605,1394,267,569,1661,5641
240,605,1573,338,720,1911,5641
382,605,983,210,447,1193,5641
636,605,836,162,344,998,5641
161,605,1131,210,446,1341,5641
809,605,2554,491,1044,3045,5641
635,605,875,165,351,1040,5641
910,605,2256,928,1975,3184,5641
976,605,3511,948,2018,4459,5641
230,605,1777,379,807,2156,5641
680,605,1041,216,460,1257,5641
935,605,2836,918,1953,3754,5641
118,605,1943,409,870,2352,5641
707,605,1814,443,942,2257,5641
906,605,2262,935,1990,3197,5641
473,605,780,121,257,901,5641
903,605,2282,941,2002,3223,5641
034,605,2361,443,943,2804,5641
595,605,2902,621,1321,3523,5641
712,605,1391,393,837,1784,5641
466,605,498,56,114,554,5641
327,605,2773,567,1207,3340,5641
147,605,1366,250,531,1616,5641
216,605,1820,364,774,2184,5641
350,605,1518,328,697,1846,5641
833,605,3033,727,1547,3760,5641
416,605,1364,241,512,1605,5641
485,605,902,140,297,1042,5641
392,605,1267,352,748,1619,5641
512,605,1228,258,550,1486,5641
510,605,1114,228,485,1342,5641
085,605,1826,383,814,2209,5641
090,605,0,0,836,0,5641
202,605,1759,341,725,2100,5641
982,605,3858,983,2092,4841,5641
980,605,3770,958,2039,4728,5641
404,605,1057,199,424,1256,5641
023,605,2540,485,1031,3025,5641
538,605,622,107,219,729,5641
979,605,3332,812,1727,4144,5641
719,605,1478,342,728,1820,5641
308,605,1771,407,867,2178,5641
489,605,763,118,241,881,5641
612,605,497,65,133,562,5641
972,605,3544,985,2096,4529,5641
074,605,1823,378,804,2201,5641
964,605,0,0,2091,0,5641
993,605,3387,894,1902,4281,5641
297,605,1689,384,818,2073,5641
390,605,1261,352,748,1613,5641
501,605,828,138,293,966,5641
803,605,2423,464,987,2887,5641
331,605,3168,672,1430,3840,5641
838,605,3418,819,1743,4237,5641
945,605,3129,985,2096,4114,5641
566,605,1402,300,639,1702,5641
798,605,2453,713,1518,3166,5641
460,605,694,105,215,799,5641
254,605,1651,311,661,1962,5641
342,605,2844,585,1245,3429,5641
205,605,1757,340,724,2097,5641
856,605,2728,806,1714,3534,5641
071,605,1822,381,811,2203,5641
217,605,1697,320,681,2017,5641
198,605,1849,365,777,2214,5641
624,605,707,113,231,820,5641
465,605,548,69,141,617,5641
933,605,2928,943,2006,3871,5641
901,605,2269,938,1995,3207,5641
187,605,1736,334,710,2070,5641
835,605,3538,873,1858,4411,5641
037,605,2480,454,966,2934,5641
966,605,0,0,2091,0,5641
134,605,1852,352,748,2204,5641
846,605,2755,661,1406,3416,5641
900,605,2274,938,1995,3212,5641
851,605,2800,857,1823,3657,5641
306,605,1740,375,798,2115,5641
014,605,2475,469,998,2944,5641
126,605,1859,394,838,2253,5641
911,605,2258,931,1980,3189,5641
097,605,0,0,836,0,5641
841,605,2719,644,1370,3363,5641
611,605,382,38,78,420,5641
739,605,2086,446,950,2532,5641
221,605,1743,338,720,2081,5641
508,605,913,183,389,1096,5641
922,605,2425,948,2016,3373,5641
954,605,3182,1005,2138,4187,5641
959,605,3266,962,2047,4228,5641
596,605,3048,685,1458,3733,5641
365,605,1857,435,925,2292,5641
146,605,1507,296,630,1803,5641
258,605,1542,278,591,1820,5641
435,605,764,120,245,884,5641
352,605,1496,321,683,1817,5641
414,605,1181,226,480,1407,5641
661,605,1079,237,505,1316,5641
433,605,933,173,369,1106,5641
800,605,2399,456,970,2855,5641
522,605,577,98,201,675,5641
132,605,1740,331,705,2071,5641
069,605,1947,401,853,2348,5641
261,605,1206,233,496,1439,5641
565,605,1320,290,618,1610,5641
774,605,2084,576,1226,2660,5641
199,605,1874,384,817,2258,5641
458,605,842,134,285,976,5641
211,605,1764,339,721,2103,5641
284,605,1945,461,981,2406,5641
731,605,1738,366,778,2104,5641
762,605,1730,439,935,2169,5641
477,605,880,161,342,1041,5641
678,605,1897,411,875,2308,5641
218,605,1888,396,843,2284,5641
970,605,3544,984,2094,4528,5641
386,605,1052,274,583,1326,5641
813,605,2927,624,1327,3551,5641
026,605,2589,504,1072,3093,5641
438,605,1022,196,417,1218,5641
098,605,0,0,836,0,5641
303,605,1635,344,732,1979,5641
961,605,3213,909,1933,4122,5641
235,605,1904,422,898,2326,5641
186,605,1744,338,719,2082,5641
483,605,923,147,312,1070,5641
821,605,3044,659,1402,3703,5641
655,605,927,195,414,1122,5641
224,605,1776,367,780,2143,5641
942,605,2803,950,2021,3753,5641
248,605,1598,294,625,1892,5641
291,605,1707,395,840,2102,5641
190,605,1771,368,783,2139,5641
301,605,1613,335,713,1948,5641
262,605,1578,290,617,1868,5641
958,605,2802,949,2020,3751,5641
647,605,1172,268,570,1440,5641
170,605,1692,321,682,2013,5641
671,605,1337,332,707,1669,5641
047,605,2778,627,1335,3405,5641
394,605,1679,395,841,2074,5641
729,605,1436,330,702,1766,5641
319,605,1638,393,836,2031,5641
401,605,902,166,354,1068,5641
873,605,2853,684,1456,3537,5641
393,605,1531,370,787,1901,5641
255,605,1384,238,506,1622,5641
472,605,793,124,264,917,5641
370,605,1091,249,530,1340,5641
504,605,917,169,359,1086,5641
810,605,2621,531,1130,3152,5641
304,605,1871,435,925,2306,5641
491,605,499,56,115,555,5641
575,605,1756,352,749,2108,5641
811,605,2761,570,1212,3331,5641
067,605,1955,417,887,2372,5641
214,605,1793,351,746,2144,5641
415,605,1431,252,537,1683,5641
563,605,973,233,496,1206,5641
356,605,1408,294,625,1702,5641
092,605,0,0,836,0,5641
333,605,3125,658,1401,3783,5641
381,605,1010,258,549,1268,5641
096,605,0,0,836,0,5641
079,605,1797,373,793,2170,5641
546,605,700,122,260,822,5641
041,605,2768,523,1112,3291,5641
688,605,1285,283,603,1568,5641
824,605,2914,589,1254,3503,5641
574,605,1760,364,774,2124,5641
193,605,1826,358,761,2184,5641
459,605,859,148,315,1007,5641
528,605,512,72,147,584,5641
792,605,2144,468,995,2612,5641
379,605,1293,263,560,1556,5641
551,605,930,186,395,1116,5641
847,605,2793,739,1573,3532,5641
481,605,880,133,283,1013,5641
018,605,2519,480,1022,2999,5641
383,605,1113,240,510,1353,5641
022,605,2508,474,1009,2982,5641
174,605,1737,330,702,2067,5641
149,605,1734,338,719,2072,5641
703,605,1838,450,958,2288,5641
859,605,2469,749,1593,3218,5641
560,605,911,209,444,1120,5641
280,605,1615,371,789,1986,5641
019,605,2530,484,1030,3014,5641
241,605,1566,344,732,1910,5641
758,605,2010,471,1003,2481,5641
822,605,2446,458,975,2904,5641
177,605,1629,300,639,1929,5641
206,605,1771,359,764,2130,5641
245,605,1645,364,774,2009,5641
627,605,618,90,184,708,5641
102,605,1862,395,840,2257,5641
860,605,2769,768,1633,3537,5641
997,605,0,0,3497,0,5641
309,605,1738,403,858,2141,5641
789,605,2121,576,1226,2697,5641
898,605,2934,755,1606,3689,5641
487,605,999,166,354,1165,5641
368,605,1618,391,831,2009,5641
203,605,1763,342,728,2105,5641
212,605,1775,343,729,2118,5641
451,605,931,164,348,1095,5641
908,605,2277,940,2001,3217,5641
778,605,1998,545,1159,2543,5641
766,605,1905,495,1054,2400,5641
763,605,1968,437,930,2405,5641
760,605,1775,462,984,2237,5641
264,605,1515,270,574,1785,5641
105,605,1906,395,840,2301,5641
985,605,3847,985,2096,4832,5641
616,605,532,69,140,601,5641
130,605,1737,331,705,2068,5641
285,605,1942,451,959,2393,5641
444,605,1136,210,446,1346,5641
181,605,1731,354,754,2085,5641
965,605,0,0,2091,0,5641
362,605,1461,344,732,1805,5641
526,605,601,112,228,713,5641
016,605,2447,457,973,2904,5641
040,605,2770,525,1116,3295,5641
328,605,2803,576,1225,3379,5641
605,605,255,4,9,259,5641
539,605,580,88,179,668,5641
367,605,1581,364,774,1945,5641
711,605,1871,409,871,2280,5641
043,605,2544,548,1166,3092,5641
072,605,1821,381,811,2202,5641
625,605,616,87,178,703,5641
672,605,1317,326,694,1643,5641
893,605,2858,760,1618,3618,5641
384,605,1327,263,560,1590,5641
885,605,2200,689,1467,2889,5641
184,605,1805,350,745,2155,5641
894,605,3106,875,1862,3981,5641
630,605,801,143,305,944,5641
666,605,1134,264,562,1398,5641
919,605,2482,971,2065,3453,5641
844,605,2722,641,1364,3363,5641
046,605,2691,598,1273,3289,5641
498,605,808,164,348,972,5641
439,605,1176,231,492,1407,5641
443,605,1013,183,390,1196,5641
139,605,1807,364,775,2171,5641
351,605,1521,328,698,1849,5641
112,605,1862,395,840,2257,5641
506,605,735,125,267,860,5641
953,605,2851,987,2099,3838,5641
495,605,679,99,202,778,5641
454,605,871,149,318,1020,5641
108,605,1887,398,846,2285,5641
423,605,970,190,405,1160,5641
649,605,1051,234,498,1285,5641
609,605,381,35,72,416,5641
233,605,1916,425,905,2341,5641
191,605,1772,368,783,2140,5641
045,605,2537,546,1161,3083,5641
141,605,1435,265,564,1700,5641
767,605,1935,499,1062,2434,5641
555,605,876,200,426,1076,5641
039,605,2711,503,1071,3214,5641
103,605,1840,388,826,2228,5641
741,605,1401,316,672,1717,5641
531,605,425,47,95,472,5641
127,605,1834,378,805,2212,5641
133,605,1870,356,757,2226,5641
237,605,1910,424,902,2334,5641
772,605,2009,558,1188,2567,5641
656,605,1282,243,518,1525,5641
644,605,999,216,459,1215,5641
791,605,2319,487,1036,2806,5641
974,605,3954,1056,2246,5010,5641
973,605,3631,1014,2157,4645,5641
400,605,925,162,344,1087,5641
925,605,2371,927,1972,3298,5641
100,605,1868,396,843,2264,5641
194,605,1759,364,775,2123,5641
572,605,1507,302,642,1809,5641
648,605,1363,265,564,1628,5641
412,605,1365,240,510,1605,5641
808,605,2551,497,1057,3048,5641
902,605,2290,944,2009,3234,5641
197,605,1862,370,788,2232,5641
263,605,1520,275,585,1795,5641
623,605,729,120,256,849,5641
025,605,2577,499,1062,3076,5641
271,605,1587,352,750,1939,5641
311,605,1635,344,732,1979,5641
977,605,3800,999,2126,4799,5641
366,605,1848,437,929,2285,5641
806,605,2368,450,957,2818,5641
305,605,1652,352,748,2004,5641
812,605,2672,533,1134,3205,5641
152,605,1332,229,487,1561,5641
479,605,528,71,144,599,5641
748,605,1557,360,767,1917,5641
634,605,780,139,295,919,5641
991,605,3515,862,1833,4377,5641
162,605,1298,235,501,1533,5641
399,605,1635,344,732,1979,5641
052,605,1950,416,885,2366,5641
050,605,2467,452,961,2919,5641
056,605,2507,462,984,2969,5641
260,605,1208,233,496,1441,5641
499,605,987,196,416,1183,5641
035,605,2625,491,1045,3116,5641
316,605,2314,449,956,2763,5641
515,605,968,199,424,1167,5641
290,605,1789,422,897,2211,5641
140,605,1437,265,563,1702,5641
436,605,855,126,269,981,5641
378,605,1310,269,573,1579,5641
209,605,1749,336,714,2085,5641
359,605,1522,313,666,1835,5641
288,605,1473,316,673,1789,5641
617,605,500,56,114,556,5641
796,605,2040,528,1124,2568,5641
747,605,1771,393,836,2164,5641
951,605,2925,1007,2142,3932,5641
376,605,1457,306,652,1763,5641
256,605,1493,263,560,1756,5641
975,605,3790,1035,2203,4825,5641
998,605,0,0,2979,0,5641
107,605,1881,396,842,2277,5641
689,605,1333,293,624,1626,5641
298,605,1732,402,855,2134,5641
788,605,1835,640,1361,2475,5641
117,605,1982,415,883,2397,5641
884,605,2561,541,1151,3102,5641
889,605,2851,810,1724,3661,5641
038,605,2693,502,1068,3195,5641
542,605,620,106,217,726,5641
210,605,1776,343,730,2119,5641
238,605,1820,399,848,2219,5641
166,605,1559,272,578,1831,5641
752,605,1774,461,981,2235,5641
907,605,2277,940,2001,3217,5641
547,605,820,149,316,969,5641
807,605,1961,410,872,2371,5641
247,605,1598,296,629,1894,5641
129,605,2436,446,950,2882,5641
030,605,2521,487,1036,3008,5641
543,605,625,107,219,732,5641
387,605,1177,326,693,1503,5641
721,605,1371,310,660,1681,5641
363,605,1721,407,866,2128,5641
619,605,630,91,185,721,5641
156,605,1446,240,511,1686,5641
750,605,1774,458,975,2232,5641
602,605,312,20,41,332,5641
349,605,2966,618,1315,3584,5641
874,605,2914,634,1350,3548,5641
676,605,1515,351,747,1866,5641
561,605,1171,245,521,1416,5641
027,605,2511,476,1013,2987,5641
178,605,1676,312,663,1988,5641
871,605,2771,620,1319,3391,5641
207,605,1768,343,730,2111,5641
281,605,1671,389,827,2060,5641
329,605,2872,592,1260,3464,5641
228,605,1812,342,727,2154,5641
476,605,877,159,339,1036,5641
990,605,3433,833,1773,4266,5641
718,605,1634,382,812,2016,5641
540,605,902,175,373,1077,5641
246,605,1547,282,600,1829,5641
111,605,1873,398,846,2271,5641
110,605,1900,404,859,2304,5641
554,605,944,191,406,1135,5641
639,605,969,203,432,1172,5641
815,605,2745,572,1217,3317,5641
827,605,2572,487,1037,3059,5641
947,605,3145,987,2100,4132,5641
125,605,1874,396,842,2270,5641
143,605,1399,258,548,1657,5641
646,605,993,219,466,1212,5641
801,605,2426,468,995,2894,5641
932,605,3061,969,2061,4030,5641
890,605,2867,809,1722,3676,5641
576,605,1994,432,920,2426,5641
425,605,1092,209,445,1301,5641
138,605,1833,367,781,2200,5641
653,605,995,217,462,1212,5641
535,605,509,68,138,577,5641
768,605,2072,540,1150,2612,5641
232,605,1795,383,815,2178,5641
057,605,2399,429,913,2828,5641
455,605,899,156,332,1055,5641
713,605,1774,432,920,2206,5641
511,605,1160,235,501,1395,5641
825,605,2779,571,1214,3350,5641
249,605,1642,302,643,1944,5641
988,605,3623,891,1895,4514,5641
165,605,1204,220,468,1424,5641
537,605,524,70,142,594,5641
195,605,1803,351,746,2154,5641
294,605,1824,430,914,2254,5641
593,605,2489,501,1066,2990,5641
738,605,1898,412,876,2310,5641
334,605,3069,642,1367,3711,5641
941,605,3157,992,2110,4149,5641
881,605,2174,539,1146,2713,5641
484,605,936,150,320,1086,5641
341,605,3021,631,1343,3652,5641
960,605,3160,981,2088,4141,5641
286,605,1585,356,757,1941,5641
374,605,1465,294,625,1759,5641
408,605,1277,256,544,1533,5641
120,605,1829,379,807,2208,5641
063,605,2379,445,947,2824,5641
606,605,293,15,31,308,5641
490,605,609,82,167,691,5641
021,605,2509,475,1010,2984,5641
337,605,2783,571,1215,3354,5641
754,605,1883,433,922,2316,5641
031,605,2674,492,1046,3166,5641
897,605,3171,899,1913,4070,5641
054,605,2480,453,963,2933,5641
142,605,1429,265,564,1694,5641
622,605,764,135,287,899,5641
567,605,1586,338,720,1924,5641
865,605,2698,688,1463,3386,5641
470,605,821,134,286,955,5641
183,605,1735,350,744,2085,5641
577,605,2290,431,918,2721,5641
012,605,1957,415,882,2372,5641
496,605,1034,153,325,1187,5641
307,605,1503,305,648,1808,5641
421,605,950,200,425,1150,5641
364,605,1771,406,863,2177,5641
850,605,2742,835,1777,3577,5641
128,605,2332,405,862,2737,5641
743,605,1320,290,617,1610,5641
645,605,1037,226,481,1263,5641
369,605,1638,390,829,2028,5641
450,605,873,153,325,1026,5641
058,605,2593,485,1031,3078,5641
882,605,2347,602,1281,2949,5641
445,605,1111,201,428,1312,5641
279,605,1961,446,950,2407,5641
064,605,1965,423,899,2388,5641
716,605,1251,346,736,1597,5641
115,605,1921,406,863,2327,5641
137,605,1852,374,795,2226,5641
943,605,3164,1005,2138,4169,5641
422,605,955,207,441,1162,5641
830,605,2919,643,1368,3562,5641
877,605,2812,588,1252,3400,5641
657,605,1266,239,508,1505,5641
335,605,2752,561,1193,3313,5641
559,605,855,158,336,1013,5641
668,605,1232,290,616,1522,5641
603,605,282,12,25,294,5641
746,605,1543,360,766,1903,5641
396,605,1630,386,822,2016,5641
024,605,2500,471,1003,2971,5641
274,605,1618,364,774,1982,5641
441,605,970,173,368,1143,5641
222,605,1755,340,724,2095,5641
157,605,1462,252,537,1714,5641
188,605,1746,344,731,2090,5641
153,605,1428,242,514,1670,5641
845,605,2741,619,1316,3360,5641
201,605,1739,338,719,2077,5641
220,605,1752,341,725,2093,5641
691,605,1719,352,748,2071,5641
171,605,1714,322,686,2036,5641
075,605,1833,383,815,2216,5641
939,605,2973,1035,2202,4008,5641
430,605,973,184,392,1157,5641
312,605,1795,386,822,2181,5641
769,605,2169,569,1211,2738,5641
229,605,1867,363,773,2230,5641
828,605,2709,536,1140,3245,5641
242,605,1465,275,586,1740,5641
633,605,804,149,318,953,5641
532,605,461,52,107,513,5641
013,605,2033,443,942,2476,5641
028,605,2463,462,984,2925,5641
462,605,677,99,202,776,5641
564,605,1250,256,545,1506,5641
236,605,1874,413,879,2287,5641
073,605,1855,392,835,2247,5641
325,605,1868,438,931,2306,5641
880,605,2335,685,1458,3020,5641
831,605,2753,632,1344,3385,5641
467,605,682,104,213,786,5641
914,605,2842,940,2001,3782,5641
915,605,2286,937,1993,3223,5641
923,605,2333,906,1927,3239,5641
029,605,2482,467,993,2949,5641
360,605,1558,369,786,1927,5641
082,605,1836,399,849,2235,5641
544,605,765,127,271,892,5641
571,605,1251,268,571,1519,5641
727,605,1465,294,625,1759,5641
185,605,1775,342,727,2117,5641
755,605,1775,386,821,2161,5641
413,605,1156,221,471,1377,5641
948,605,3137,983,2092,4120,5641
059,605,2655,500,1063,3155,5641
525,605,794,134,286,928,5641
905,605,2284,942,2005,3226,5641
259,605,1567,286,608,1853,5641
725,605,1478,302,642,1780,5641
963,605,0,0,2091,0,5641
066,605,1910,412,876,2322,5641
938,605,3157,995,2118,4152,5641
468,605,669,101,207,770,5641
618,605,559,73,148,632,5641
832,605,2902,669,1424,3571,5641
087,605,1877,400,850,2277,5641
371,605,1069,240,511,1309,5641
163,605,1246,234,498,1480,5641
562,605,1068,262,557,1330,5641
431,605,961,184,391,1145,5641
492,605,750,116,236,866,5641
406,605,957,173,368,1130,5641
720,605,1375,312,664,1687,5641
761,605,1762,458,974,2220,5641
917,605,2240,924,1965,3164,5641
373,605,1477,298,634,1775,5641
502,605,855,147,313,1002,5641
405,605,993,184,392,1177,5641
804,605,2448,473,1007,2921,5641
122,605,1876,395,840,2271,5641
679,605,2044,432,920,2476,5641
509,605,844,143,305,987,5641
136,605,2106,376,801,2482,5641
452,605,880,148,315,1028,5641
150,605,1305,223,475,1528,5641
380,605,1101,246,524,1347,5641
523,605,579,99,202,678,5641
626,605,633,98,201,731,5641
042,605,2785,529,1125,3314,5641
265,605,1515,262,558,1777,5641
375,605,1008,258,548,1266,5641
296,605,1631,348,740,1979,5641
346,605,2738,558,1187,3296,5641
996,605,0,0,3805,0,5641
295,605,1881,438,931,2319,5641
598,605,3220,744,1582,3964,5641
823,605,2656,508,1081,3164,5641
669,605,1271,291,619,1562,5641
169,605,1656,316,673,1972,5641
706,605,1861,484,1030,2345,5641
765,605,1969,522,1111,2491,5641
927,605,2265,934,1988,3199,5641
545,605,879,162,344,1041,5641
407,605,1133,221,471,1354,5641
701,605,1805,439,933,2244,5641
021,601,2527,478,1018,3005,5385
174,601,1753,334,710,2087,5385
318,601,1664,397,845,2061,5385
594,601,3032,674,1435,3706,5385
647,601,1199,276,587,1475,5385
291,601,1724,399,848,2123,5385
520,601,505,80,163,585,5385
066,601,1925,415,884,2340,5385
515,601,1001,210,447,1211,5385
280,601,1631,375,797,2006,5385
668,601,1263,300,638,1563,5385
093,601,0,0,844,0,5385
056,601,2527,467,993,2994,5385
506,601,767,136,290,903,5385
071,601,1838,385,819,2223,5385
055,601,2538,485,1032,3023,5385
426,601,1160,228,485,1388,5385
719,601,1503,349,742,1852,5385
918,601,2289,943,2006,3232,5385
088,601,1825,381,811,2206,5385
413,601,1173,225,479,1398,5385
767,601,1964,507,1079,2471,5385
942,601,2834,960,2043,3794,5385
776,601,1913,513,1092,2426,5385
759,601,2064,476,1012,2540,5385
838,601,3394,809,1721,4203,5385
990,601,3409,823,1751,4232,5385
227,601,1857,354,753,2211,5385
612,601,543,76,156,619,5385
950,601,2979,1027,2185,4006,5385
730,601,1794,379,807,2173,5385
453,601,879,150,320,1029,5385
949,601,3182,997,2122,4179,5385
640,601,1104,245,521,1349,5385
915,601,2316,947,2015,3263,5385
159,601,1541,263,560,1804,5385
206,601,1787,363,772,2150,5385
801,601,2465,478,1018,2943,5385
337,601,2801,575,1223,3376,5385
092,601,0,0,844,0,5385
361,601,1558,368,782,1926,5385
481,601,896,137,291,1033,5385
330,601,3176,673,1431,3849,5385
733,601,2094,554,1179,2648,5385
530,601,505,63,129,568,5385
616,601,569,77,158,646,5385
973,601,3638,1014,2158,4652,5385
251,601,1432,246,524,1678,5385
473,601,797,125,265,922,5385
777,601,1949,526,1120,2475,5385
427,601,900,184,392,1084,5385
911,601,2289,941,2003,3230,5385
743,601,1349,298,634,1647,5385
608,601,308,19,38,327,5385
097,601,0,0,844,0,5385
976,601,3546,959,2040,4505,5385
170,601,1708,324,690,2032,5385
895,601,3200,899,1912,4099,5385
158,601,1312,254,540,1566,5385
098,601,0,0,844,0,5385
275,601,1751,392,835,2143,5385
701,601,1829,445,947,2274,5385
374,601,1483,298,633,1781,5385
309,601,1755,407,866,2162,5385
940,601,3200,1013,2156,4213,5385
811,601,2802,580,1235,3382,5385
645,601,1090,237,504,1327,5385
737,601,1800,383,815,2183,5385
649,601,1104,245,521,1349,5385
089,601,1835,385,819,2220,5385
626,601,668,107,218,775,5385
225,601,1777,368,784,2145,5385
459,601,875,152,323,1027,5385
686,601,1185,255,542,1440,5385
301,601,1631,339,721,1970,5385
831,601,2790,642,1367,3432,5385
760,601,1805,471,1002,2276,5385
665,601,1220,293,624,1513,5385
933,601,2965,954,2029,3919,5385
671,601,1369,343,729,1712,5385
153,601,1446,245,522,1691,5385
430,601,988,188,400,1176,5385
803,601,2462,475,1010,2937,5385
870,601,2834,634,1350,3468,5385
467,601,700,108,221,808,5385
923,601,2364,916,1949,3280,5385
131,601,1780,344,731,2124,5385
768,601,2100,548,1167,2648,5385
471,601,868,155,330,1023,5385
855,601,2672,820,1745,3492,5385
945,601,3164,996,2119,4160,5385
704,601,1774,426,907,2200,5385
543,601,621,105,215,726,5385
416,601,1382,244,520,1626,5385
464,601,355,31,64,386,5385
731,601,1771,374,795,2145,5385
927,601,2296,945,2011,3241,5385
294,601,1841,433,922,2274,5385
505,601,1044,205,436,1249,5385
171,601,1730,326,694,2056,5385
147,601,1382,253,539,1635,5385
285,601,1958,454,967,2412,5385
186,601,1762,342,728,2104,5385
245,601,1661,368,782,2029,5385
475,601,883,159,339,1042,5385
493,601,730,112,229,842,5385
350,601,1536,331,705,1867,5385
726,601,1417,280,596,1697,5385
110,601,1915,407,867,2322,5385
156,601,1464,244,519,1708,5385
445,601,1127,205,436,1332,5385
618,601,588,79,162,667,5385
903,601,2313,952,2025,3265,5385
830,601,2956,654,1391,3610,5385
404,601,1074,203,432,1277,5385
031,601,2694,496,1055,3190,5385
070,601,1837,385,819,2222,5385
479,601,546,74,152,620,5385
567,601,1561,328,698,1889,5385
236,601,1891,417,887,2308,5385
638,601,980,211,448,1191,5385
047,601,2795,631,1343,3426,5385
040,601,2790,529,1125,3319,5385
687,601,1226,274,583,1500,5385
847,601,2829,750,1595,3579,5385
707,601,1838,449,956,2287,5385
821,601,3019,649,1380,3668,5385
724,601,1112,242,515,1354,5385
562,601,1048,251,535,1299,5385
816,601,2707,541,1151,3248,5385
235,601,1921,426,906,2347,5385
851,601,2828,865,1840,3693,5385
451,601,950,168,357,1118,5385
329,601,2890,596,1268,3486,5385
605,601,274,9,18,283,5385
067,601,1970,421,895,2391,5385
117,601,1998,419,891,2417,5385
711,601,1898,416,885,2314,5385
183,601,1750,353,752,2103,5385
362,601,1477,348,740,1825,5385
214,601,1811,355,755,2166,5385
998,601,0,0,2957,0,5385
011,601,2036,441,938,2477,5385
455,601,915,160,340,1075,5385
844,601,2760,652,1387,3412,5385
142,601,1445,269,572,1714,5385
769,601,2198,577,1228,2775,5385
804,601,2486,484,1030,2970,5385
873,601,2885,692,1473,3577,5385
712,601,1411,400,850,1811,5385
080,601,1814,382,812,2196,5385
421,601,965,204,433,1169,5385
930,601,2971,971,2065,3942,5385
081,601,1796,375,798,2171,5385
813,601,2967,634,1350,3601,5385
295,601,1898,441,939,2339,5385
843,601,2842,671,1427,3513,5385
925,601,2404,938,1995,3342,5385
792,601,2177,476,1012,2653,5385
739,601,2126,457,973,2583,5385
790,601,2299,487,1037,2786,5385
825,601,2816,581,1237,3397,5385
180,601,1753,360,767,2113,5385
253,601,1430,248,527,1678,5385
370,601,1105,253,538,1358,5385
181,601,1746,358,762,2104,5385
498,601,808,162,344,970,5385
690,601,1569,357,759,1926,5385
807,601,1995,421,895,2416,5385
299,601,1883,446,949,2329,5385
637,601,930,190,404,1120,5385
524,601,616,109,222,725,5385
456,601,1125,207,441,1332,5385
625,601,651,96,195,747,5385
902,601,2321,955,2032,3276,5385
796,601,2069,536,1141,2605,5385
992,601,3402,820,1744,4222,5385
752,601,1801,469,997,2270,5385
603,601,285,12,25,297,5385
263,601,1538,279,593,1817,5385
531,601,406,41,83,447,5385
336,601,2765,564,1199,3329,5385
313,601,1996,473,1007,2469,5385
914,601,2879,951,2024,3830,5385
073,601,1870,396,843,2266,5385
874,601,2953,645,1372,3598,5385
832,601,2941,680,1447,3621,5385
075,601,1849,387,823,2236,5385
069,601,1964,405,862,2369,5385
934,601,3181,1021,2173,4202,5385
822,601,2486,469,998,2955,5385
503,601,883,155,329,1038,5385
458,601,859,138,293,997,5385
023,601,2557,488,1039,3045,5385
891,601,2902,821,1747,3723,5385
025,601,2594,503,1070,3097,5385
654,601,929,194,412,1123,5385
165,601,1220,224,476,1444,5385
877,601,2852,599,1275,3451,5385
924,601,2379,924,1967,3303,5385
160,601,1220,231,491,1451,5385
012,601,1973,419,891,2392,5385
087,601,1893,403,858,2296,5385
297,601,1708,389,827,2097,5385
959,601,3303,973,2070,4276,5385
539,601,542,77,157,619,5385
256,601,1511,267,568,1778,5385
486,601,997,163,346,1160,5385
779,601,2152,610,1297,2762,5385
084,601,1852,401,854,2253,5385
906,601,2293,946,2013,3239,5385
187,601,1753,337,718,2090,5385
112,601,1878,399,848,2277,5385
897,601,3208,910,1936,4118,5385
380,601,1124,252,537,1376,5385
408,601,1294,259,552,1553,5385
177,601,1646,304,647,1950,5385
254,601,1667,314,669,1981,5385
497,601,1219,202,430,1421,5385
162,601,1314,239,509,1553,5385
366,601,1873,443,943,2316,5385
943,601,3199,1016,2161,4215,5385
856,601,2756,814,1731,3570,5385
347,601,2842,586,1246,3428,5385
086,601,1826,383,815,2209,5385
262,601,1597,294,626,1891,5385
369,601,1654,393,837,2047,5385
305,601,1670,355,756,2025,5385
127,601,1851,383,814,2234,5385
367,601,1598,368,782,1966,5385
570,601,1250,265,563,1515,5385
395,601,1809,433,922,2242,5385
431,601,977,188,399,1165,5385
125,601,1888,400,850,2288,5385
376,601,1474,310,660,1784,5385
386,601,1072,280,596,1352,5385
333,601,3143,662,1409,3805,5385
898,601,2971,766,1629,3737,5385
908,601,2308,951,2024,3259,5385
146,601,1522,300,638,1822,5385
485,601,919,143,305,1062,5385
454,601,888,153,326,1041,5385
468,601,687,105,215,792,5385
137,601,1869,377,803,2246,5385
238,601,1837,402,856,2239,5385
423,601,993,197,419,1190,5385
277,601,1734,393,837,2127,5385
681,601,1041,220,469,1261,5385
928,601,2285,941,2002,3226,5385
364,601,1788,409,871,2197,5385
398,601,2246,439,933,2685,5385
038,601,2711,506,1076,3217,5385
292,601,1702,391,832,2093,5385
119,601,1987,437,930,2424,5385
133,601,1886,360,765,2246,5385
209,601,1766,339,722,2105,5385
634,601,810,147,312,957,5385
623,601,759,128,273,887,5385
499,601,987,194,412,1181,5385
627,601,653,98,201,751,5385
290,601,1806,425,905,2231,5385
425,601,1108,213,453,1321,5385
652,601,954,179,381,1133,5385
845,601,2781,629,1339,3410,5385
549,601,582,95,194,677,5385
077,601,1870,396,843,2266,5385
074,601,1839,382,812,2221,5385
331,601,3186,676,1438,3862,5385
551,601,906,175,373,1081,5385
211,601,1780,343,729,2123,5385
657,601,1299,247,525,1546,5385
582,601,1660,336,714,1996,5385
034,601,2379,447,951,2826,5385
157,601,1480,256,545,1736,5385
600,601,293,14,28,307,5385
312,601,1812,390,830,2202,5385
196,601,1811,352,748,2163,5385
523,601,624,110,225,734,5385
412,601,1384,243,518,1627,5385
963,601,0,0,2114,0,5385
841,601,2757,655,1393,3412,5385
321,601,2702,547,1164,3249,5385
217,601,1713,324,689,2037,5385
306,601,1758,379,806,2137,5385
725,601,1506,308,656,1814,5385
490,601,627,86,175,713,5385
154,601,1532,258,548,1790,5385
189,601,1802,376,800,2178,5385
997,601,0,0,3475,0,5385
410,601,936,165,351,1101,5385
483,601,939,150,320,1089,5385
955,601,3404,1065,2265,4469,5385
363,601,1739,411,875,2150,5385
234,601,1926,427,909,2353,5385
035,601,2645,495,1054,3140,5385
368,601,1634,394,839,2028,5385
610,601,373,39,79,412,5385
685,601,1136,242,515,1378,5385
043,601,2560,552,1174,3112,5385
161,601,1147,213,454,1360,5385
463,601,375,36,73,411,5385
492,601,768,120,244,888,5385
051,601,2002,440,937,2442,5385
091,601,0,0,844,0,5385
894,601,3143,886,1885,4029,5385
583,601,1847,379,807,2226,5385
689,601,1367,304,647,1671,5385
646,601,1026,229,488,1255,5385
571,601,1227,258,549,1485,5385
188,601,1763,347,739,2110,5385
857,601,2782,822,1749,3604,5385
242,601,1485,280,595,1765,5385
044,601,2663,587,1248,3250,5385
917,601,2271,934,1988,3205,5385
599,601,3354,789,1679,4143,5385
149,601,1751,342,727,2093,5385
452,601,897,152,323,1049,5385
729,601,1465,338,719,1803,5385
135,601,1879,358,761,2237,5385
651,601,931,199,424,1130,5385
547,601,797,139,295,936,5385
231,601,1811,390,829,2201,5385
561,601,1127,235,499,1362,5385
061,601,2008,433,922,2441,5385
558,601,1126,208,442,1334,5385
837,601,3277,796,1693,4073,5385
824,601,2891,580,1233,3471,5385
736,601,1944,422,898,2366,5385
717,601,1565,368,782,1933,5385
026,601,2607,508,1080,3115,5385
352,601,1514,325,691,1839,5385
020,601,2538,481,1024,3019,5385
991,601,3491,851,1811,4342,5385
260,601,1244,237,504,1481,5385
636,601,862,170,361,1032,5385
319,601,1654,397,844,2051,5385
332,601,3198,680,1446,3878,5385
477,601,903,167,356,1070,5385
591,601,2838,568,1208,3406,5385
756,601,1926,425,905,2351,5385
802,601,2446,470,999,2916,5385
355,601,1505,325,692,1830,5385
462,601,694,103,210,797,5385
829,601,2599,590,1256,3189,5385
662,601,1123,251,535,1374,5385
912,601,2305,945,2011,3250,5385
018,601,2536,484,1030,3020,5385
046,601,2707,602,1281,3309,5385
487,601,1016,170,362,1186,5385
010,601,2033,439,935,2472,5385
920,601,2471,965,2054,3436,5385
201,601,1756,342,727,2098,5385
062,601,2406,449,955,2855,5385
219,601,1849,368,782,2217,5385
556,601,1208,240,510,1448,5385
660,601,1165,264,561,1429,5385
784,601,2233,657,1398,2890,5385
029,601,2500,470,1001,2970,5385
619,601,659,98,199,757,5385
083,601,1817,389,828,2206,5385
435,601,834,119,253,953,5385
323,601,2368,463,985,2831,5385
396,601,1654,393,836,2047,5385
815,601,2785,583,1240,3368,5385
222,601,1772,344,732,2116,5385
780,601,1754,619,1318,2373,5385
324,601,2252,448,953,2700,5385
476,601,900,166,353,1066,5385
763,601,2001,445,947,2446,5385
484,601,952,154,328,1106,5385
076,601,1882,397,845,2279,5385
132,601,1756,335,713,2091,5385
585,601,1874,382,813,2256,5385
962,601,0,0,2114,0,5385
684,601,1137,245,522,1382,5385
510,601,1170,239,508,1409,5385
542,601,615,104,213,719,5385
653,601,1021,225,479,1246,5385
111,601,1889,401,854,2290,5385
205,601,1775,345,733,2120,5385
424,601,969,192,408,1161,5385
995,601,0,0,3590,0,5385
666,601,1167,275,585,1442,5385
537,601,486,59,120,545,5385
432,601,965,181,386,1146,5385
349,601,2983,622,1323,3605,5385
247,601,1616,299,637,1915,5385
785,601,2389,715,1522,3104,5385
613,601,431,48,98,479,5385
617,601,534,64,131,598,5385
068,601,1900,411,875,2311,5385
913,601,2911,956,2033,3867,5385
598,601,3196,733,1560,3929,5385
118,601,1959,413,878,2372,5385
232,601,1812,387,823,2199,5385
244,601,1742,344,732,2086,5385
325,601,1885,441,939,2326,5385
417,601,1246,240,511,1486,5385
016,601,2465,461,981,2926,5385
224,601,1792,370,788,2162,5385
922,601,2457,958,2039,3415,5385
233,601,1934,430,914,2364,5385
190,601,1787,372,791,2159,5385
466,601,516,60,122,576,5385
581,601,1411,290,616,1701,5385
354,601,1460,350,745,1810,5385
107,601,1897,400,850,2297,5385
745,601,1670,362,771,2032,5385
718,601,1659,388,826,2047,5385
284,601,1962,465,989,2427,5385
315,601,2389,469,997,2858,5385
286,601,1601,360,765,1961,5385
648,601,1397,274,582,1671,5385
274,601,1635,368,782,2003,5385
999,601,0,0,2646,0,5385
437,601,1093,213,454,1306,5385
757,601,1970,446,949,2416,5385
622,601,790,143,304,933,5385
722,601,1407,319,679,1726,5385
764,601,1922,499,1061,2421,5385
250,601,1456,253,538,1709,5385
706,601,1886,491,1044,2377,5385
655,601,953,203,431,1156,5385
198,601,1865,369,785,2234,5385
340,601,0,0,1445,0,5385
037,601,2500,458,975,2958,5385
052,601,1965,420,893,2385,5385
590,601,2891,587,1248,3478,5385
223,601,1778,348,740,2126,5385
322,601,2481,514,1094,2995,5385
095,601,0,0,844,0,5385
741,601,1430,324,689,1754,5385
418,601,1390,252,536,1642,5385
377,601,1316,269,573,1585,5385
574,601,1730,353,752,2083,5385
778,601,2021,551,1173,2572,5385
494,601,700,105,215,805,5385
611,601,348,28,57,376,5385
405,601,1010,188,400,1198,5385
101,601,1885,400,852,2285,5385
151,601,1391,235,501,1626,5385
078,601,1789,366,779,2155,5385
606,601,295,15,31,310,5385
820,601,2418,456,971,2874,5385
678,601,1937,422,898,2359,5385
480,601,964,159,338,1123,5385
311,601,1652,348,740,2000,5385
853,601,2815,859,1827,3674,5385
365,601,1873,439,933,2312,5385
359,601,1539,317,674,1856,5385
630,601,826,151,322,977,5385
316,601,2333,453,964,2786,5385
400,601,942,165,352,1107,5385
013,601,2048,446,950,2494,5385
102,601,1878,399,848,2277,5385
740,601,1447,329,701,1776,5385
889,601,2888,821,1747,3709,5385
708,601,1803,437,930,2240,5385
488,601,867,123,261,990,5385
302,601,1698,363,772,2061,5385
104,601,1899,403,857,2302,5385
703,601,1861,456,971,2317,5385
356,601,1426,298,633,1724,5385
059,601,2673,503,1071,3176,5385
788,601,1859,648,1378,2507,5385
388,601,1295,295,628,1590,5385
901,601,2300,948,2018,3248,5385
938,601,3194,1006,2141,4200,5385
691,601,1752,362,771,2114,5385
675,601,1509,368,783,1877,5385
065,601,1962,423,900,2385,5385
496,601,1052,157,333,1209,5385
053,601,2007,435,925,2442,5385
966,601,0,0,2114,0,5385
864,601,3029,857,1823,3886,5385
501,601,865,149,316,1014,5385
385,601,1139,266,567,1405,5385
310,601,1856,400,851,2256,5385
534,601,394,41,83,435,5385
679,601,2084,443,943,2527,5385
283,601,1798,414,880,2212,5385
961,601,3249,919,1955,4168,5385
980,601,3747,948,2018,4695,5385
470,601,837,138,294,975,5385
270,601,1582,350,744,1932,5385
509,601,882,154,328,1036,5385
620,601,738,127,270,865,5385
890,601,2905,820,1745,3725,5385
014,601,2492,473,1006,2965,5385
823,601,2696,519,1104,3215,5385
184,601,1822,354,753,2176,5385
045,601,2554,549,1169,3103,5385
765,601,1996,530,1128,2526,5385
789,601,2148,584,1243,2732,5385
259,601,1585,290,616,1875,5385
446,601,1049,198,422,1247,5385
810,601,2661,542,1153,3203,5385
688,601,1319,294,626,1613,5385
850,601,2769,843,1794,3612,5385
826,601,2717,519,1104,3236,5385
751,601,1825,473,1006,2298,5385
974,601,3962,1057,2248,5019,5385
614,601,581,99,202,680,5385
738,601,1932,420,894,2352,5385
713,601,1798,439,934,2237,5385
304,601,1888,439,933,2327,5385
449,601,963,172,366,1135,5385
202,601,1777,345,734,2122,5385
921,601,2499,975,2075,3474,5385
033,601,2647,489,1040,3136,5385
272,601,1646,371,789,2017,5385
964,601,0,0,2114,0,5385
240,601,1590,342,728,1932,5385
195,601,1821,355,755,2176,5385
735,601,1932,420,893,2352,5385
840,601,2760,655,1394,3415,5385
565,601,1297,281,597,1578,5385
116,601,1895,404,859,2299,5385
391,601,1295,362,770,1657,5385
935,601,2873,929,1976,3802,5385
566,601,1378,290,618,1668,5385
328,601,2821,580,1233,3401,5385
039,601,2730,507,1079,3237,5385
300,601,1672,352,750,2024,5385
491,601,517,60,123,577,5385
028,601,2481,466,992,2947,5385
560,601,891,198,422,1089,5385
970,601,3552,985,2096,4537,5385
753,601,1802,469,997,2271,5385
982,601,3833,973,2070,4806,5385
721,601,1396,317,674,1713,5385
175,601,1792,346,736,2138,5385
931,601,3038,989,2105,4027,5385
507,601,751,130,277,881,5385
593,601,2466,491,1045,2957,5385
607,601,289,13,27,302,5385
984,601,3777,959,2040,4736,5385
457,601,1168,227,483,1395,5385
919,601,2514,981,2088,3495,5385
766,601,1933,503,1071,2436,5385
885,601,2228,698,1485,2926,5385
798,601,2480,721,1535,3201,5385
397,601,1369,324,690,1693,5385
248,601,1618,298,634,1916,5385
714,601,2021,460,978,2481,5385
513,601,1110,230,490,1340,5385
024,601,2517,475,1011,2992,5385
178,601,1693,315,671,2008,5385
808,601,2591,508,1080,3099,5385
958,601,2835,960,2043,3795,5385
448,601,923,157,333,1080,5385
382,601,1007,217,461,1224,5385
096,601,0,0,844,0,5385
904,601,2327,953,2028,3280,5385
744,601,1445,327,696,1772,5385
444,601,1154,214,455,1368,5385
586,601,2019,429,912,2448,5385
152,601,1349,233,495,1582,5385
411,601,1155,217,461,1372,5385
203,601,1779,346,736,2125,5385
123,601,1863,393,837,2256,5385
669,601,1304,302,642,1606,5385
379,601,1310,267,568,1577,5385
392,601,1287,358,761,1645,5385
576,601,1970,423,899,2393,5385
800,601,2437,467,993,2904,5385
282,601,1646,379,807,2025,5385
228,601,1829,345,735,2174,5385
360,601,1574,373,794,1947,5385
108,601,1903,401,854,2304,5385
420,601,940,193,411,1133,5385
122,601,1890,399,848,2289,5385
953,601,2884,997,2122,3881,5385
799,601,2226,698,1485,2924,5385
447,601,1052,197,419,1249,5385
884,601,2594,549,1169,3143,5385
145,601,1529,302,643,1831,5385
138,601,1850,371,789,2221,5385
749,601,1581,344,731,1925,5385
207,601,1785,347,738,2132,5385
415,601,1449,256,545,1705,5385
781,601,2054,594,1264,2648,5385
344,601,2642,528,1123,3170,5385
141,601,1450,269,572,1719,5385
150,601,1322,227,483,1549,5385
436,601,872,130,277,1002,5385
489,601,781,122,249,903,5385
563,601,953,223,474,1176,5385
288,601,1490,320,681,1810,5385
357,601,1428,293,623,1721,5385
414,601,1198,229,488,1427,5385
276,601,1778,403,857,2181,5385
596,601,3025,675,1437,3700,5385
514,601,1035,202,429,1237,5385
971,601,3603,1003,2134,4606,5385
846,601,2794,672,1429,3466,5385
656,601,1315,251,535,1566,5385
143,601,1415,262,557,1677,5385
495,601,697,103,210,800,5385
787,601,2091,554,1179,2645,5385
120,601,1844,383,815,2227,5385
907,601,2308,951,2024,3259,5385
389,601,1139,306,652,1445,5385
587,601,1983,418,890,2401,5385
775,601,2039,567,1207,2606,5385
144,601,1528,301,640,1829,5385
255,601,1402,242,514,1644,5385
461,601,715,108,220,823,5385
199,601,1891,388,825,2279,5385
339,601,2967,619,1317,3586,5385
239,601,1843,421,896,2264,5385
791,601,2352,495,1053,2847,5385
639,601,997,211,449,1208,5385
267,601,1657,293,624,1950,5385
341,601,3039,635,1351,3674,5385
978,601,3360,896,1907,4256,5385
079,601,1814,377,802,2191,5385
335,601,2770,564,1201,3334,5385
136,601,2125,380,809,2505,5385
375,601,1028,264,561,1292,5385
326,601,2532,506,1077,3038,5385
836,601,3304,802,1706,4106,5385
164,601,1202,225,478,1427,5385
951,601,2958,1018,2165,3976,5385
472,601,810,128,272,938,5385
252,601,1404,245,521,1649,5385
058,601,2611,488,1039,3099,5385
975,601,3827,1046,2226,4873,5385
163,601,1284,238,506,1522,5385
264,601,1532,274,582,1806,5385
226,601,1768,322,686,2090,5385
500,601,902,162,344,1064,5385
985,601,3822,975,2074,4797,5385
545,601,853,151,322,1004,5385
442,601,1006,185,394,1191,5385
176,601,1778,341,726,2119,5385
027,601,2528,480,1021,3008,5385
185,601,1792,345,735,2137,5385
106,601,1904,398,846,2302,5385
512,601,1204,248,528,1452,5385
812,601,2712,544,1157,3256,5385
103,601,1856,392,834,2248,5385
794,601,2149,551,1173,2700,5385
351,601,1539,332,706,1871,5385
265,601,1532,266,566,1798,5385
516,601,1023,221,471,1244,5385
538,601,586,97,198,683,5385
670,601,1361,339,722,1700,5385
881,601,2201,547,1163,2748,5385
994,601,3459,862,1834,4321,5385
939,601,3006,1046,2225,4052,5385
126,601,1873,398,846,2271,5385
017,601,2500,470,1000,2970,5385
635,601,905,173,368,1078,5385
210,601,1794,347,739,2141,5385
320,601,2437,501,1065,2938,5385
179,601,1792,346,737,2138,5385
303,601,1653,348,740,2001,5385
716,601,1272,352,750,1624,5385
541,601,664,117,238,781,5385
036,601,2034,450,958,2484,5385
371,601,1084,244,519,1328,5385
109,601,1887,391,832,2278,5385
936,601,3185,1003,2133,4188,5385
434,601,894,137,292,1031,5385
557,601,1213,232,494,1445,5385
772,601,2033,565,1202,2598,5385
644,601,1033,227,482,1260,5385
094,601,0,0,844,0,5385
564,601,1225,246,524,1471,5385
592,601,2443,508,1080,2951,5385
535,601,471,57,116,528,5385
554,601,921,181,385,1102,5385
555,601,857,190,405,1047,5385
218,601,1904,400,851,2304,5385
667,601,1233,299,637,1532,5385
879,601,2371,690,1468,3061,5385
060,601,2010,434,924,2444,5385
373,601,1496,302,643,1798,5385
258,601,1560,282,599,1842,5385
782,601,1711,591,1258,2302,5385
508,601,947,194,412,1141,5385
296,601,1649,352,748,2001,5385
465,601,566,73,149,639,5385
705,601,1880,468,995,2348,5385
905,601,2315,953,2028,3268,5385
926,601,2305,948,2018,3253,5385
384,601,1344,267,568,1611,5385
628,601,827,144,307,971,5385
747,601,1803,401,854,2204,5385
700,601,1826,444,945,2270,5385
944,601,3198,1011,2150,4209,5385
806,601,2407,461,980,2868,5385
750,601,1803,466,992,2269,5385
041,601,2787,526,1120,3313,5385
981,601,3754,952,2025,4706,5385
863,601,2706,813,1729,3519,5385
993,601,3364,884,1880,4248,5385
401,601,918,170,362,1088,5385
121,601,1895,404,859,2299,5385
559,601,832,148,315,980,5385
783,601,2208,651,1385,2859,5385
762,601,1760,448,953,2208,5385
865,601,2736,698,1486,3434,5385
139,601,1823,368,783,2191,5385
204,601,1778,345,735,2123,5385
054,601,2498,456,971,2954,5385
833,601,3071,738,1570,3809,5385
072,601,1836,385,819,2221,5385
900,601,2305,948,2018,3253,5385
257,601,1311,229,487,1540,5385
130,601,1753,335,713,2088,5385
129,601,2456,451,959,2907,5385
128,601,2351,409,870,2760,5385
883,601,2308,658,1401,2966,5385
882,601,2375,611,1299,2986,5385
932,601,3097,979,2083,4076,5385
064,601,1980,426,907,2406,5385
266,601,1602,289,615,1891,5385
450,601,890,157,333,1047,5385
440,601,1046,183,390,1229,5385
525,601,833,145,309,978,5385
761,601,1790,466,991,2256,5385
338,601,2836,583,1240,3419,5385
588,601,2147,473,1007,2620,5385
842,601,2761,652,1387,3413,5385
114,601,1904,406,863,2310,5385
271,601,1604,356,758,1960,5385
521,601,800,149,318,949,5385
048,601,2595,563,1198,3158,5385
393,601,1556,376,801,1932,5385
409,601,1221,237,504,1458,5385
528,601,557,83,170,640,5385
786,601,2079,553,1177,2632,5385
522,601,623,110,224,733,5385
314,601,1952,462,984,2414,5385
182,601,1759,336,714,2095,5385
049,601,2574,556,1184,3130,5385
105,601,1923,399,849,2322,5385
460,601,712,109,223,821,5385
220,601,1770,345,734,2115,5385
937,601,3195,1006,2141,4201,5385
289,601,1537,334,710,1871,5385
134,601,1869,355,756,2224,5385
658,601,1279,241,513,1520,5385
989,601,3670,914,1945,4584,5385
661,601,1114,248,528,1362,5385
358,601,1401,286,609,1687,5385
327,601,2791,571,1215,3362,5385
015,601,2462,460,979,2922,5385
809,601,2594,501,1067,3095,5385
443,601,1028,187,398,1215,5385
677,601,1661,389,827,2050,5385
019,601,2548,488,1038,3036,5385
193,601,1843,361,769,2204,5385
399,601,1653,348,740,2001,5385
910,601,2286,939,1997,3225,5385
422,601,975,213,454,1188,5385
208,601,1753,335,713,2088,5385
692,601,1864,352,749,2216,5385
230,601,1794,383,815,2177,5385
871,601,2804,628,1337,3432,5385
342,601,2862,589,1253,3451,5385
474,601,785,125,266,910,5385
192,601,1787,372,791,2159,5385
334,601,3087,646,1375,3733,5385
317,601,2253,436,928,2689,5385
307,601,1521,308,656,1829,5385
212,601,1791,346,737,2137,5385
875,601,2949,628,1336,3577,5385
172,601,1623,303,645,1926,5385
403,601,1033,194,412,1227,5385
680,601,1074,227,483,1301,5385
748,601,1587,369,785,1956,5385
273,601,1696,388,826,2084,5385
030,601,2539,491,1044,3030,5385
155,601,1588,272,579,1860,5385
197,601,1880,375,797,2255,5385
402,601,868,156,331,1024,5385
577,601,2263,421,896,2684,5385
308,601,1788,411,875,2199,5385
441,601,985,177,376,1162,5385
540,601,878,165,351,1043,5385
795,601,2101,541,1151,2642,5385
085,601,1842,386,822,2228,5385
988,601,3599,881,1874,4480,5385
113,601,1898,403,858,2301,5385
758,601,2036,478,1017,2514,5385
954,601,3217,1016,2161,4233,5385
986,601,3583,991,2109,4574,5385
755,601,1802,392,835,2194,5385
482,601,931,148,315,1079,5385
278,601,1901,437,929,2338,5385
241,601,1582,348,740,1930,5385
641,601,1106,245,522,1351,5385
200,601,1776,345,733,2121,5385
527,601,551,86,175,637,5385
948,601,3173,994,2115,4167,5385
860,601,2798,776,1650,3574,5385
580,601,1453,299,636,1752,5385
169,601,1673,320,681,1993,5385
624,601,736,120,245,856,5385
005,601,1922,424,903,2346,5385
387,601,1197,332,706,1529,5385
469,601,640,90,184,730,5385
544,601,675,122,249,797,5385
615,601,572,79,161,651,5385
793,601,2196,559,1189,2755,5385
604,601,318,22,44,340,5385
770,601,2039,567,1206,2606,5385
977,601,3808,1000,2128,4808,5385
852,601,2797,854,1816,3651,5385
167,601,1409,271,577,1680,5385
746,601,1575,369,785,1944,5385
237,601,1928,428,911,2356,5385
502,601,892,158,336,1050,5385
390,601,1282,358,762,1640,5385
584,601,1711,338,720,2049,5385
597,601,2945,655,1393,3600,5385
972,601,3551,986,2097,4537,5385
100,601,1884,400,851,2284,5385
148,601,1734,338,720,2072,5385
834,601,3074,704,1498,3778,5385
063,601,2397,449,955,2846,5385
676,601,1547,361,769,1908,5385
249,601,1662,306,652,1968,5385
710,601,1915,423,899,2338,5385
947,601,3180,998,2123,4178,5385
548,601,994,183,389,1177,5385
229,601,1885,367,781,2252,5385
631,601,799,143,304,942,5385
407,601,1150,225,479,1375,5385
674,601,1356,328,698,1684,5385
246,601,1565,286,608,1851,5385
946,601,3182,1000,2128,4182,5385
168,601,1559,274,584,1833,5385
287,601,1480,319,678,1799,5385
261,601,1242,237,504,1479,5385
996,601,0,0,3783,0,5385
173,601,1733,327,696,2060,5385
814,601,2850,595,1267,3445,5385
346,601,2756,562,1195,3318,5385
805,601,2434,466,992,2900,5385
511,601,1195,246,523,1441,5385
504,601,954,180,382,1134,5385
734,601,1836,420,894,2256,5385
827,601,2545,477,1015,3022,5385
298,601,1749,406,863,2155,5385
595,601,2877,611,1299,3488,5385
279,601,1979,451,959,2430,5385
573,601,1517,299,636,1816,5385
546,601,681,117,239,798,5385
406,601,974,177,376,1151,5385
828,601,2685,526,1119,3211,5385
215,601,1622,282,600,1904,5385
216,601,1836,368,782,2204,5385
383,601,1137,246,524,1383,5385
727,601,1499,302,643,1801,5385
952,601,2850,980,2085,3830,5385
569,601,0,0,734,0,5385
650,601,954,208,443,1162,5385
754,601,1910,440,936,2350,5385
268,601,1729,313,667,2042,5385
683,601,1169,256,544,1425,5385
880,601,2364,693,1475,3057,5385
878,601,2629,664,1413,3293,5385
550,601,906,175,373,1081,5385
957,601,2880,957,2036,3837,5385
042,601,2806,533,1134,3339,5385
057,601,2419,433,922,2852,5385
629,601,862,164,349,1026,5385
394,601,1703,402,855,2105,5385
723,601,1037,262,557,1299,5385
478,601,844,118,240,962,5385
673,601,1380,306,651,1686,5385
835,601,3515,863,1837,4378,5385
438,601,1039,200,426,1239,5385
956,601,2833,956,2035,3789,5385
221,601,1760,342,728,2102,5385
575,601,1729,342,727,2071,5385
774,601,2108,583,1240,2691,5385
140,601,1452,268,571,1720,5385
191,601,1787,372,791,2159,5385
243,601,1671,321,683,1992,5385
728,601,1517,356,757,1873,5385
633,601,829,157,335,986,5385
022,601,2525,478,1017,3003,5385
293,601,1579,351,746,1930,5385
166,601,1577,275,586,1852,5385
372,601,1063,235,501,1298,5385
553,601,853,189,403,1042,5385
720,601,1399,318,677,1717,5385
378,601,1327,273,581,1600,5385
609,601,415,44,89,459,5385
526,601,730,118,251,848,5385
983,601,3783,962,2046,4745,5385
532,601,457,50,103,507,5385
797,601,2314,611,1300,2925,5385
664,601,1216,293,624,1509,5385
916,601,2324,949,2019,3273,5385
115,601,1937,409,871,2346,5385
082,601,1851,403,857,2254,5385
050,601,2485,455,969,2940,5385
979,601,3370,822,1750,4192,5385
090,601,0,0,844,0,5385
965,601,0,0,2114,0,5385
693,601,2378,448,954,2826,5385
032,601,2612,485,1032,3097,5385
433,601,948,177,377,1125,5385
281,601,1687,392,835,2079,5385
859,601,2497,757,1610,3254,5385
381,601,1031,265,563,1296,5385
672,601,1350,337,717,1687,5385
124,601,1889,409,870,2298,5385
572,601,1478,292,621,1770,5385
601,601,259,4,9,263,5385
439,601,1213,235,500,1448,5385
602,601,307,18,37,325,5385
941,601,3193,1003,2133,4196,5385
893,601,2895,771,1641,3666,5385
773,601,2031,559,1190,2590,5385
960,601,3195,992,2111,4187,5385
194,601,1774,368,783,2142,5385
